id,name,side,avg_bat_speed,swing_tilt,attack_angle,attack_direction,ideal_attack_angle_rate,avg_intercept_y_vs_plate,avg_intercept_y_vs_batter,avg_batter_y_position,avg_batter_x_position,competitive_swings,Name,Team,Age,G,AB,PA,H,1B,2B,3B,HR,R,RBI,BB,IBB,SO,HBP,SF,SH,GDP,SB,CS,AVG,GB,FB,LD,IFFB,Pitches,Balls,Strikes,IFH,BU,BUH,BB%,K%,BB/K,OBP,SLG,OPS,ISO,BABIP,GB/FB,LD%,GB%,FB%,IFFB%,HR/FB,IFH%,BUH%,wOBA,wRAA,wRC,Bat,Fld,Rep,Pos,RAR,WAR,Dol,Spd,wRC+,WPA,-WPA,+WPA,RE24,REW,pLI,phLI,PH,WPA/LI,Clutch,FB% (Pitch),FBv,SL%,SLv,CT%,CTv,CB%,CBv,CH%,CHv,SF%,SFv,KN%,KNv,XX%,PO%,wFB,wSL,wCT,wCB,wCH,wSF,wKN,wFB/C,wSL/C,wCT/C,wCB/C,wCH/C,wSF/C,wKN/C,O-Swing%,Z-Swing%,Swing%,O-Contact%,Z-Contact%,Contact%,Zone%,F-Strike%,SwStr%,BsR,FA% (sc),FT% (sc),FC% (sc),FS% (sc),FO% (sc),SI% (sc),SL% (sc),CU% (sc),KC% (sc),EP% (sc),CH% (sc),SC% (sc),KN% (sc),UN% (sc),vFA (sc),vFT (sc),vFC (sc),vFS (sc),vFO (sc),vSI (sc),vSL (sc),vCU (sc),vKC (sc),vEP (sc),vCH (sc),vSC (sc),vKN (sc),FA-X (sc),FT-X (sc),FC-X (sc),FS-X (sc),FO-X (sc),SI-X (sc),SL-X (sc),CU-X (sc),KC-X (sc),EP-X (sc),CH-X (sc),SC-X (sc),KN-X (sc),FA-Z (sc),FT-Z (sc),FC-Z (sc),FS-Z (sc),FO-Z (sc),SI-Z (sc),SL-Z (sc),CU-Z (sc),KC-Z (sc),EP-Z (sc),CH-Z (sc),SC-Z (sc),KN-Z (sc),wFA (sc),wFT (sc),wFC (sc),wFS (sc),wFO (sc),wSI (sc),wSL (sc),wCU (sc),wKC (sc),wEP (sc),wCH (sc),wSC (sc),wKN (sc),wFA/C (sc),wFT/C (sc),wFC/C (sc),wFS/C (sc),wFO/C (sc),wSI/C (sc),wSL/C (sc),wCU/C (sc),wKC/C (sc),wEP/C (sc),wCH/C (sc),wSC/C (sc),wKN/C (sc),O-Swing% (sc),Z-Swing% (sc),Swing% (sc),O-Contact% (sc),Z-Contact% (sc),Contact% (sc),Zone% (sc),Pace,Def,wSB,UBR,Age Rng,Off,Lg,wGDP,Pull%,Cent%,Oppo%,Soft%,Med%,Hard%,TTO%,CH% (pi),CS% (pi),CU% (pi),FA% (pi),FC% (pi),FS% (pi),KN% (pi),SB% (pi),SI% (pi),SL% (pi),XX% (pi),vCH (pi),vCS (pi),vCU (pi),vFA (pi),vFC (pi),vFS (pi),vKN (pi),vSB (pi),vSI (pi),vSL (pi),vXX (pi),CH-X (pi),CS-X (pi),CU-X (pi),FA-X (pi),FC-X (pi),FS-X (pi),KN-X (pi),SB-X (pi),SI-X (pi),SL-X (pi),XX-X (pi),CH-Z (pi),CS-Z (pi),CU-Z (pi),FA-Z (pi),FC-Z (pi),FS-Z (pi),KN-Z (pi),SB-Z (pi),SI-Z (pi),SL-Z (pi),XX-Z (pi),wCH (pi),wCS (pi),wCU (pi),wFA (pi),wFC (pi),wFS (pi),wKN (pi),wSB (pi),wSI (pi),wSL (pi),wXX (pi),wCH/C (pi),wCS/C (pi),wCU/C (pi),wFA/C (pi),wFC/C (pi),wFS/C (pi),wKN/C (pi),wSB/C (pi),wSI/C (pi),wSL/C (pi),wXX/C (pi),O-Swing% (pi),Z-Swing% (pi),Swing% (pi),O-Contact% (pi),Z-Contact% (pi),Contact% (pi),Zone% (pi),Pace (pi),FRM,AVG+,BB%+,K%+,OBP+,SLG+,ISO+,BABIP+,LD+%,GB%+,FB%+,HR/FB%+,Pull%+,Cent%+,Oppo%+,Soft%+,Med%+,Hard%+,EV,LA,Barrels,Barrel%,maxEV,HardHit,HardHit%,Events,CStr%,CSW%,xBA,xSLG,xwOBA,L-WAR
519317,"Stanton, Giancarlo",R,80.986945891,27.05528639959537,9.123526607090204,-2.4953492554965395,0.6007751937984495,0.8255111461498399,26.56968048412961,25.744169337979766,33.6031278632375,1548,Giancarlo Stanton,NYY,34,292,1037,1155,236,120,41,0,75,128,198,108,8,363,5,4,0,33,0,0,0.228,267,303,108,44,4772,1810,2962,11,0,0,0.094,0.314,0.3,0.302,0.484,0.787,0.257,0.267,0.0088,0.159,0.39399999999999996,0.447,0.145,0.248,0.040999999999999995,0.0,0.334,18.4,156,22.0,-5.6,35.3,-25.9,21.3,2.2,$17.6,0.7,116,-0.18,-20.73,20.54,14.92,1.61,0.95,1.88,20,1.87,-2.07,0.47700000000000004,94.2,0.257,85.0,0.09,89.0,0.064,81.0,0.086,85.1,0.026000000000000002,86.6,,,0.006999999999999999,,18.2,3.4,-10.3,4.8,-7.4,-0.1,,0.8,0.28,-2.41,1.57,-1.82,-0.07,,0.31,0.625,0.439,0.5329999999999999,0.775,0.674,0.409,0.563,0.14300000000000002,-8.3,0.3,,0.087,0.027999999999999997,,0.175,0.26,0.055,0.01,0.001,0.084,,,,94.4,,89.2,86.4,,94.0,85.0,80.0,84.0,54.6,84.9,,,-2.1,,1.0,-5.0,,-5.8,2.9,1.5,1.7,-2.3,1.6,,,9.3,,4.6,2.7,,4.8,0.9,-5.4,-5.1,7.9,3.3,,,5.8,,-8.1,0.3,,9.2,2.5,2.3,0.6,0.3,-8.6,,,0.4,,-1.97,0.22,,1.1,0.2,0.87,1.14,5.37,-2.17,,,0.276,0.609,0.439,0.455,0.7759999999999999,0.6729999999999999,0.489,18.1,-31.5,-1.7,-8.2,33 - 35,13.7,3.7,-2.3,0.434,0.335,0.23199999999999998,0.187,0.37,0.442,0.473,0.085,,0.055999999999999994,0.298,0.083,0.027000000000000003,,,0.17800000000000002,0.273,0.001,85.0,,80.4,94.2,89.2,86.3,,,94.1,85.0,85.1,1.4,,1.8,-2.0,1.0,-4.6,,,-5.6,3.2,0.0,1.8,,-7.5,8.4,3.6,1.1,,,3.8,-0.5,0.0,-8.8,,0.7,5.6,-6.0,-0.1,,,9.6,2.5,0.2,-2.18,,0.28,0.4,-1.53,-0.1,,,1.13,0.2,6.01,0.278,0.607,0.439,0.461,0.773,0.6729999999999999,0.49,18.1,,94,113,138,97,120,160,92,0.81,94,115,207,106,96,96,118,71,139,94.0,14.6,130,0.191,120.0,357,0.526,679,0.183,0.325,0.23,0.502,0.343,1.8
665833,"Cruz, Oneil",L,78.654185215,33.188333371498764,8.758917270708045,-7.00826803305805,0.4477876106194689,8.332501429881482,35.326219118960495,26.993717689079027,27.551491043650618,1695,Oneil Cruz,PIT,25,290,1044,1183,242,141,53,6,42,141,141,122,9,363,7,10,0,14,63,6,0.232,330,248,113,21,4785,1813,2972,14,0,0,0.10300000000000001,0.307,0.34,0.314,0.415,0.728,0.183,0.308,0.013300000000000001,0.16399999999999998,0.478,0.359,0.085,0.16899999999999998,0.042,0.0,0.314,2.5,142,-1.4,-3.1,35.9,6.4,53.1,5.5,$43.7,6.5,99,0.95,-21.38,22.33,1.07,-0.06,1.04,1.81,19,0.42,0.49,0.37,94.5,0.24,84.8,0.063,89.8,0.145,80.7,0.131,86.2,0.051,86.5,,,0.008,,6.8,2.9,1.6,-9.3,0.9,1.9,,0.39,0.25,0.51,-1.34,0.14,0.76,,0.318,0.63,0.44,0.547,0.779,0.677,0.392,0.625,0.142,11.8,0.237,,0.069,0.049,,0.133,0.22899999999999998,0.12,0.031,,0.132,0.0,,,94.9,,90.0,86.2,,93.6,84.8,80.4,81.3,,86.2,85.2,,-2.6,,0.6,-5.9,,-2.2,0.7,3.1,3.5,,-7.9,-5.2,,9.0,,5.0,1.7,,4.5,0.7,-5.4,-6.3,,2.7,-3.0,,9.7,,4.4,2.5,,-6.5,-2.9,-3.3,-3.3,,0.8,-0.7,,0.86,,1.33,1.07,,-1.02,-0.27,-0.57,-2.2,,0.13,-74.71,,0.303,0.597,0.44,0.48700000000000004,0.787,0.677,0.466,18.6,3.3,8.2,2.3,24 - 26,10.4,3.6,1.5,0.408,0.35600000000000004,0.23600000000000002,0.124,0.475,0.401,0.445,0.139,0.0,0.14,0.23199999999999998,0.073,0.043,,,0.132,0.24100000000000002,0.0,86.2,79.4,80.5,95.0,90.4,86.2,,,93.7,84.8,98.3,-7.6,4.2,3.5,-2.7,0.8,-5.5,,,-1.9,0.8,0.0,1.3,-9.3,-7.4,8.1,4.3,0.4,,,3.3,-0.6,0.0,4.1,0.0,-10.4,12.1,2.2,-2.5,,,-5.3,0.4,0.0,0.61,-0.92,-1.55,1.1,0.63,-1.21,,,-0.85,0.03,-4.16,0.301,0.595,0.44,0.488,0.785,0.677,0.47100000000000003,18.6,,94,122,138,99,103,117,105,0.82,112,96,144,101,101,97,79,91,126,95.4,9.1,112,0.162,122.9,380,0.55,691,0.18100000000000002,0.322,0.239,0.45,0.334,5.1
656941,"Schwarber, Kyle",L,77.355462846,29.819476439601072,13.74441677810983,-5.563785368613453,0.656769596199525,10.126857072802167,32.347251915432274,22.220394842630117,26.026774740073783,2526,Kyle Schwarber,PHI,31,472,1762,2136,402,194,64,3,141,329,340,340,15,609,22,12,0,14,15,7,0.228,427,534,203,77,8990,3781,5209,14,1,0,0.159,0.285,0.56,0.358,0.508,0.866,0.28,0.255,0.008,0.174,0.36700000000000005,0.45899999999999996,0.14400000000000002,0.264,0.033,0.0,0.369,96.0,350,89.2,-20.2,65.3,-43.4,89.3,9.1,$73.2,3.3,135,7.07,-34.5,41.57,95.4,9.67,0.98,5.58,1,7.62,-0.4,0.449,93.7,0.242,84.6,0.075,89.4,0.09300000000000001,80.6,0.105,86.8,0.033,86.6,0.003,77.3,0.006999999999999999,,65.7,5.3,7.7,10.0,12.4,0.5,-0.9,1.63,0.25,1.14,1.19,1.32,0.17,-3.9,0.244,0.617,0.39799999999999996,0.519,0.8009999999999999,0.6990000000000001,0.41200000000000003,0.555,0.11900000000000001,-8.0,0.29600000000000004,,0.081,0.032,0.002,0.149,0.231,0.083,0.018000000000000002,0.001,0.10400000000000001,0.0,0.003,,94.2,,89.5,86.7,83.4,93.2,84.5,79.9,82.7,53.2,86.7,80.0,75.4,-1.4,,0.2,-6.6,-5.5,0.9,-0.1,1.7,2.0,-3.8,-5.9,-3.7,-2.3,9.2,,4.6,2.1,1.0,4.6,1.2,-4.7,-4.5,8.5,3.1,-1.5,-1.5,36.2,,7.4,0.1,-0.7,26.8,1.4,13.5,0.0,-0.8,13.0,0.1,-0.6,1.37,,1.01,0.05,-4.66,2.01,0.07,1.8,0.02,-8.73,1.4,2.59,-2.01,0.217,0.583,0.39799999999999996,0.452,0.792,0.698,0.494,18.5,-63.6,-3.9,-0.9,30 - 32,81.2,6.4,2.8,0.535,0.307,0.158,0.161,0.409,0.43,0.51,0.105,0.0,0.091,0.29600000000000004,0.078,0.03,0.003,0.0,0.151,0.245,,86.7,78.3,80.3,94.1,89.7,86.3,75.1,80.0,93.3,84.5,,-5.7,5.3,2.2,-1.3,0.4,-5.7,-2.5,-3.7,0.6,-0.2,,1.6,-9.4,-6.6,8.1,3.8,0.8,-2.9,-2.5,3.4,-0.2,,12.7,0.2,14.3,40.1,0.2,0.8,-0.6,0.1,28.3,2.8,,1.35,5.34,1.76,1.51,0.02,0.29,-2.01,2.59,2.09,0.13,,0.218,0.58,0.39799999999999996,0.457,0.7909999999999999,0.6990000000000001,0.496,18.5,,92,186,128,112,125,176,86,0.88,86,123,219,131,88,65,103,79,134,93.4,18.0,206,0.177,117.2,636,0.546,1165,0.182,0.301,0.239,0.532,0.382,10.0
666176,"Adell, Jo",R,77.311628853,33.28156233845097,6.6413197111824935,-5.070125510115432,0.4719626168224298,0.2150109670974795,25.91860219987789,25.70359123278041,28.39557448044573,1926,Jo Adell,LAA,25,299,989,1086,220,120,36,4,60,124,166,72,1,302,17,4,0,20,21,11,0.222,257,311,123,36,4323,1545,2778,21,0,0,0.066,0.278,0.24,0.286,0.449,0.735,0.226,0.254,0.0083,0.17800000000000002,0.37200000000000005,0.45,0.11599999999999999,0.193,0.08199999999999999,0.0,0.315,2.9,131,2.8,-14.9,33.0,-7.2,15.2,1.5,$12.4,4.5,102,1.62,-20.72,22.34,9.22,0.94,1.02,1.68,13,-0.08,1.66,0.498,94.3,0.271,84.8,0.057,88.8,0.07200000000000001,80.7,0.071,85.3,0.03,85.9,0.001,77.8,0.001,,-5.4,4.3,3.8,-0.9,-3.1,1.6,0.2,-0.25,0.37,1.53,-0.27,-1.0,1.22,4.61,0.35200000000000004,0.7490000000000001,0.513,0.562,0.8370000000000001,0.7240000000000001,0.405,0.6579999999999999,0.141,-2.2,0.326,,0.057999999999999996,0.031,0.001,0.16899999999999998,0.27,0.055,0.02,,0.069,,0.001,,94.4,,89.3,86.0,80.1,93.8,84.8,79.7,82.8,,85.2,,77.8,-2.4,,0.6,-5.6,-6.7,-6.2,2.9,3.9,2.4,,0.4,,-4.5,9.2,,4.5,2.4,1.3,4.8,1.0,-5.3,-4.3,,3.3,,-4.7,-8.1,,1.5,0.5,-0.3,0.2,7.3,1.5,-2.8,,-1.8,,0.2,-0.57,,0.6,0.39,-7.33,0.03,0.63,0.64,-3.31,,-0.62,,4.71,0.311,0.7190000000000001,0.513,0.483,0.831,0.725,0.495,19.1,-22.2,-1.8,0.1,24 - 26,0.5,3.8,0.2,0.40700000000000003,0.342,0.252,0.166,0.485,0.349,0.4,0.069,0.0,0.069,0.322,0.06,0.03,0.001,,0.17,0.278,,85.3,67.3,80.6,94.6,89.8,86.0,77.9,,93.9,84.8,,0.4,-1.5,3.8,-2.0,0.9,-5.5,-4.4,,-5.9,3.6,,1.7,-2.4,-7.0,8.2,3.6,0.9,-6.5,,3.5,-0.4,,-1.1,0.0,-0.4,-5.6,1.9,-1.0,0.2,,-2.1,4.5,,-0.36,-4.04,-0.12,-0.4,0.75,-0.78,4.71,,-0.28,0.37,,0.314,0.716,0.513,0.49,0.83,0.725,0.495,19.1,,92,81,123,92,112,142,88,0.91,90,115,162,99,98,105,104,93,109,90.7,15.8,101,0.145,117.2,327,0.47100000000000003,695,0.129,0.27,0.239,0.486,0.337,1.9
592450,"Judge, Aaron",R,76.97121337,39.584525665971725,14.457911721836265,-5.284474881714649,0.5130581297388374,1.977635323705094,30.46969411566932,28.4920587919642,33.536974346443564,2374,Aaron Judge,NYY,32,416,1467,1841,457,224,82,3,148,338,333,345,65,461,16,12,0,43,25,6,0.312,324,480,214,30,7425,3156,4269,20,0,0,0.187,0.25,0.75,0.445,0.674,1.119,0.363,0.355,0.0068000000000000005,0.21,0.318,0.47200000000000003,0.063,0.308,0.062,0.0,0.457,215.1,434,220.4,0.5,56.2,-19.8,256.4,26.2,$209.7,3.8,203,14.87,-24.55,39.42,219.12,22.72,0.92,2.16,3,22.28,-6.07,0.41700000000000004,94.7,0.271,85.1,0.08800000000000001,89.3,0.076,80.7,0.11,85.9,0.038,86.9,,,0.032,,116.7,34.2,23.9,0.9,18.8,3.4,,3.77,1.71,3.67,0.16,2.31,1.2,,0.23199999999999998,0.7070000000000001,0.424,0.462,0.7959999999999999,0.687,0.405,0.5489999999999999,0.133,-7.0,0.261,,0.083,0.037000000000000005,,0.154,0.27699999999999997,0.063,0.013999999999999999,0.0,0.111,,,,94.9,,89.7,86.7,,94.3,85.1,80.3,81.2,55.3,85.9,,,-2.0,,0.8,-6.4,,-6.3,3.2,2.8,2.8,-2.9,-0.9,,,9.4,,4.7,2.4,,4.5,1.0,-5.2,-6.4,-2.6,3.2,,,64.8,,19.3,3.7,,47.4,39.1,-0.1,0.4,-0.3,18.8,,,3.36,,3.12,1.35,,4.16,1.9,-0.02,0.4,-30.2,2.29,,,0.19399999999999998,0.665,0.424,0.34299999999999997,0.792,0.687,0.489,19.0,-19.3,-1.3,2.6,31 - 33,213.4,6.1,0.5,0.39899999999999997,0.35700000000000004,0.245,0.083,0.433,0.483,0.518,0.11199999999999999,0.0,0.067,0.26,0.085,0.035,,,0.154,0.287,,85.9,79.5,80.2,94.9,89.6,86.7,,,94.3,85.0,,-0.9,4.3,3.1,-1.9,1.1,-6.1,,,-6.0,3.7,,1.7,-10.2,-7.6,8.4,3.6,0.8,,,3.3,-0.4,,18.7,-0.1,-1.5,62.9,20.9,3.7,,,46.4,42.4,,2.25,-7.16,-0.29,3.26,3.33,1.46,,,4.05,1.99,,0.192,0.664,0.424,0.35700000000000004,0.785,0.687,0.491,19.0,,128,227,110,142,168,227,123,1.07,77,121,259,97,102,101,53,83,152,96.3,19.3,267,0.262,118.1,619,0.607,1019,0.151,0.284,0.298,0.726,0.469,27.1
670541,"Alvarez, Yordan",L,76.503359919,35.230210869912966,9.353749158366638,-5.7194488993256645,0.4251087632069608,9.987142147823118,36.32256891460304,26.335426766779925,27.737566650513628,1609,Yordan Alvarez,HOU,27,309,1127,1330,335,194,66,3,72,182,210,166,26,220,23,14,0,22,7,1,0.297,312,428,179,26,4989,1925,3064,21,2,2,0.125,0.165,0.75,0.394,0.553,0.947,0.256,0.31,0.0073,0.195,0.33899999999999997,0.466,0.061,0.168,0.067,1.0,0.397,90.7,249,94.2,-6.3,40.7,-26.0,98.8,10.0,$80.4,2.9,161,9.91,-19.25,29.16,107.93,10.99,0.98,1.5,2,9.89,0.19,0.473,94.2,0.20199999999999999,84.4,0.092,89.8,0.10300000000000001,80.3,0.08800000000000001,86.1,0.04,86.7,0.003,74.8,0.022000000000000002,,40.5,20.6,3.1,7.1,11.4,6.7,0.3,1.72,2.05,0.67,1.39,2.61,3.32,2.33,0.318,0.669,0.455,0.667,0.903,0.802,0.39,0.58,0.09,-7.9,0.348,,0.095,0.04,,0.121,0.2,0.079,0.026000000000000002,0.001,0.087,,0.003,,94.5,,90.1,86.5,,93.4,84.5,79.9,80.9,52.0,86.0,,74.7,-1.7,,-0.1,-6.6,,-0.8,0.2,3.6,2.8,-3.4,-6.1,,-3.9,9.5,,5.3,2.3,,4.8,0.9,-5.3,-5.1,7.7,3.5,,0.0,19.3,,4.5,5.3,,20.0,17.5,7.0,0.3,1.6,12.1,,0.3,1.12,,0.96,2.68,,3.33,1.76,1.78,0.24,23.43,2.8,,2.33,0.294,0.632,0.455,0.624,0.893,0.802,0.47700000000000004,19.0,-32.3,-1.7,-5.8,26 - 28,86.3,4.2,0.6,0.381,0.354,0.265,0.11800000000000001,0.45299999999999996,0.429,0.344,0.087,,0.094,0.345,0.094,0.040999999999999995,0.003,,0.122,0.215,,85.9,,80.2,94.5,90.5,86.5,75.0,,93.6,84.4,,-5.8,,3.6,-1.6,0.3,-6.3,-3.2,,-0.6,0.4,,1.9,,-7.4,8.4,4.3,0.9,-1.4,,3.6,-0.7,,15.6,,5.0,19.7,6.6,4.2,0.3,,16.2,20.4,,3.6,,1.08,1.15,1.41,2.06,2.33,,2.68,1.91,,0.295,0.631,0.455,0.622,0.894,0.802,0.47700000000000004,19.0,,122,151,73,126,137,160,107,0.99,81,120,141,93,102,110,74,86,135,93.4,17.9,144,0.156,117.7,470,0.51,921,0.158,0.247,0.295,0.608,0.42,10.2
677594,"Rodríguez, Julio",R,76.501375899,32.520467175623146,7.519714942068931,-2.6074515995887424,0.4725079815537424,11.819617489402102,33.34824708166711,21.528629592265005,29.733319696241185,2819,Julio Rodriguez,SEA,23,458,1873,2037,509,334,85,6,84,284,266,129,12,483,29,6,0,39,91,21,0.272,649,481,266,35,7406,2483,4923,70,0,0,0.063,0.237,0.27,0.327,0.458,0.786,0.186,0.324,0.013500000000000002,0.191,0.465,0.345,0.073,0.175,0.10800000000000001,0.0,0.337,38.5,281,57.4,10.1,62.3,5.1,152.7,15.5,$124.1,5.9,124,5.5,-37.3,42.8,72.4,7.46,1.06,2.3,2,7.21,-2.03,0.46399999999999997,94.2,0.262,84.7,0.078,89.5,0.07,80.8,0.09699999999999999,85.3,0.028999999999999998,86.6,,,0.008,,36.6,2.5,-1.1,5.6,-0.3,1.5,,1.07,0.13,-0.2,1.09,-0.04,0.7,,0.40399999999999997,0.754,0.545,0.59,0.835,0.726,0.402,0.64,0.149,11.0,0.287,,0.081,0.027999999999999997,0.001,0.17300000000000001,0.261,0.055999999999999994,0.017,,0.09699999999999999,0.0,,,94.3,,89.8,86.6,83.4,94.0,84.6,80.3,83.3,,85.3,85.3,,-1.6,,0.4,-6.3,-3.5,-6.3,2.6,1.6,3.2,,0.2,-6.9,,9.4,,4.8,2.0,0.1,4.9,1.1,-5.2,-5.5,,3.5,0.7,,24.1,,-4.9,3.6,-0.2,8.1,5.0,3.6,-2.2,,-4.2,0.5,,1.14,,-0.81,1.75,-5.63,0.64,0.26,0.86,-1.76,,-0.58,48.63,,0.36200000000000004,0.733,0.545,0.529,0.826,0.726,0.493,19.0,15.2,5.9,5.2,22 - 24,68.4,6.8,1.7,0.38299999999999995,0.366,0.251,0.14300000000000002,0.48,0.37799999999999995,0.342,0.098,,0.064,0.285,0.079,0.027000000000000003,,,0.174,0.273,0.001,85.4,,80.6,94.4,90.0,86.2,,,94.1,84.8,88.5,0.2,,2.0,-1.4,0.7,-5.6,,,-6.0,3.2,0.0,2.1,,-7.5,8.4,3.8,0.8,,,3.8,-0.3,0.0,-5.6,,3.5,24.7,-7.5,5.8,,,8.2,5.0,-0.4,-0.78,,0.73,1.17,-1.28,2.96,,,0.64,0.25,-3.76,0.359,0.7340000000000001,0.545,0.525,0.825,0.725,0.496,19.0,,112,77,104,105,113,115,112,0.97,112,89,144,93,105,104,90,92,118,92.1,9.1,148,0.106,116.7,691,0.495,1396,0.12,0.26899999999999996,0.272,0.477,0.346,15.7
660271,"Ohtani, Shohei",L,76.241391624,35.916884882719344,13.119128520957638,-1.869210488591887,0.5219399538106239,-1.9959367886661643,27.23850135648411,29.23443814515028,30.65595229393156,2598,Shohei Ohtani,- - -,29,452,1744,2057,520,254,89,24,153,382,327,281,51,492,12,10,0,25,99,16,0.298,490,521,250,28,8035,3157,4878,36,1,0,0.13699999999999998,0.239,0.57,0.397,0.64,1.037,0.342,0.331,0.009399999999999999,0.198,0.389,0.413,0.054000000000000006,0.294,0.073,0.0,0.427,189.9,434,189.5,,62.8,-48.7,225.8,23.0,$184.1,7.4,177,17.33,-30.94,48.26,199.54,20.29,0.98,,0,20.01,-2.38,0.43,94.5,0.222,85.0,0.086,90.0,0.086,81.0,0.128,86.7,0.046,87.2,0.002,77.2,0.024,,80.6,29.3,16.2,24.5,23.4,12.4,0.2,2.34,1.65,2.34,3.54,2.28,3.39,1.12,0.31,0.695,0.466,0.56,0.807,0.71,0.406,0.586,0.135,15.9,0.294,,0.08800000000000001,0.042,0.001,0.134,0.21600000000000003,0.07400000000000001,0.021,,0.129,,0.002,,94.8,,90.4,87.0,83.1,93.5,85.0,80.6,82.2,,86.8,,77.1,-2.0,,0.3,-5.9,-5.7,0.3,0.2,2.6,2.3,,-6.3,,-5.1,9.0,,4.8,2.3,0.7,4.3,1.0,-5.1,-4.4,,3.2,,-3.9,50.1,,15.3,13.9,0.1,23.9,34.8,18.8,2.8,,21.7,,0.2,2.13,,2.17,4.13,0.8,2.23,2.02,3.17,1.68,,2.1,,1.17,0.273,0.672,0.46799999999999997,0.486,0.8059999999999999,0.71,0.489,18.4,-48.7,9.5,3.6,28 - 30,205.4,6.2,3.6,0.425,0.359,0.21600000000000003,0.10099999999999999,0.456,0.442,0.45,0.13,0.0,0.084,0.28800000000000003,0.091,0.042,0.002,,0.13699999999999998,0.226,0.0,86.7,72.6,81.0,94.9,90.4,86.6,77.3,,93.6,84.8,86.1,-6.1,3.9,3.3,-1.9,0.6,-5.3,-4.6,,0.3,0.1,0.0,1.9,-8.3,-6.9,8.1,3.8,1.0,-5.5,,3.2,-0.4,0.0,23.0,0.1,23.6,46.2,14.4,11.2,0.2,,27.6,32.6,0.0,2.21,6.31,3.52,2.01,1.98,3.37,1.17,,2.51,1.81,-0.73,0.271,0.6709999999999999,0.46799999999999997,0.475,0.809,0.71,0.491,18.4,,121,163,106,125,158,215,112,1.0,91,110,246,104,103,89,64,87,138,95.1,14.9,273,0.215,120.0,731,0.575,1272,0.14,0.275,0.292,0.657,0.433,23.1
665489,"Guerrero Jr., Vladimir",R,76.100081222,27.962085952382026,2.225738613945313,-2.9307672533583218,0.3327828241123038,5.388892371060197,33.48604721978321,28.097154848723005,29.05457300549996,2422,Vladimir Guerrero Jr.,TOR,25,471,1807,2059,530,342,108,1,79,272,281,220,25,290,20,12,0,56,13,8,0.293,718,515,296,49,7551,2850,4701,35,0,0,0.107,0.141,0.76,0.374,0.485,0.859,0.192,0.311,0.0139,0.19399999999999998,0.47,0.337,0.095,0.153,0.049,0.0,0.368,90.3,335,95.0,-13.7,63.0,-36.8,101.9,10.4,$83.6,2.5,140,8.88,-31.54,40.42,96.58,10.04,0.95,3.83,5,10.4,-1.1,0.498,94.4,0.23199999999999998,84.9,0.084,89.4,0.054000000000000006,80.6,0.10400000000000001,85.4,0.027000000000000003,86.5,0.001,75.5,0.013999999999999999,,35.1,17.3,14.8,11.3,5.0,1.9,0.0,0.94,0.99,2.34,2.75,0.64,0.94,0.64,0.29600000000000004,0.705,0.469,0.66,0.8740000000000001,0.7959999999999999,0.424,0.594,0.096,-12.4,0.28800000000000003,,0.08800000000000001,0.024,0.0,0.204,0.23399999999999999,0.040999999999999995,0.013999999999999999,0.001,0.105,,0.001,,94.7,,89.8,87.0,83.4,94.0,84.8,80.0,81.7,51.2,85.3,,75.5,-2.3,,0.9,-6.4,-7.2,-6.3,3.0,2.3,3.9,-1.2,-0.4,,-5.1,9.4,,4.6,2.3,2.5,4.6,1.1,-5.4,-5.6,5.5,3.3,,-2.1,19.9,,9.5,3.4,0.0,10.1,19.0,5.9,4.5,0.9,3.3,,0.0,0.92,,1.43,1.93,-4.16,0.66,1.07,1.93,4.15,9.26,0.41,,0.66,0.251,0.6729999999999999,0.469,0.59,0.868,0.7959999999999999,0.517,19.1,-50.5,-4.8,-9.3,24 - 26,82.7,6.8,-2.4,0.379,0.377,0.245,0.149,0.457,0.39399999999999996,0.28600000000000003,0.109,,0.052000000000000005,0.281,0.09,0.019,0.001,,0.209,0.24,0.0,85.4,,80.6,94.5,90.2,86.0,75.8,,94.1,84.8,84.0,-0.6,,3.0,-2.0,1.1,-5.3,-4.0,,-6.1,3.7,0.0,1.9,,-7.3,8.5,3.8,0.8,-3.9,,3.4,-0.2,0.0,1.0,,11.2,17.2,10.7,5.7,0.0,,14.8,16.6,-0.1,0.12,,2.84,0.81,1.59,4.03,0.66,,0.94,0.92,-5.09,0.252,0.6679999999999999,0.469,0.593,0.867,0.7959999999999999,0.52,19.1,,121,129,62,120,120,120,107,0.99,113,87,128,92,108,101,94,88,123,92.6,8.6,189,0.124,120.4,789,0.516,1529,0.154,0.249,0.304,0.532,0.393,10.0
575929,"Contreras, Willson",R,75.981747698,32.08794456954384,9.728608173127345,-1.9185562409288957,0.4884896125772038,7.857612231711459,27.94770730166088,20.090095069949427,30.454041303846505,1781,Willson Contreras,STL,32,344,1219,1416,318,187,75,1,55,173,183,140,3,349,48,6,2,34,15,5,0.261,379,313,184,33,5501,2008,3493,20,2,0,0.099,0.24600000000000002,0.4,0.358,0.459,0.817,0.199,0.32,0.0121,0.21,0.433,0.35700000000000004,0.105,0.17600000000000002,0.053,0.0,0.356,47.8,217,49.9,-4.3,43.3,-6.8,80.6,8.2,$65.6,3.4,129,3.54,-23.93,27.48,37.11,3.9,0.99,1.63,6,3.39,0.18,0.493,94.1,0.251,84.9,0.064,89.3,0.078,80.7,0.08800000000000001,85.2,0.026000000000000002,86.4,0.0,78.5,0.003,,29.9,3.6,2.0,-2.4,5.9,1.0,1.4,1.11,0.26,0.58,-0.56,1.21,0.72,71.43,0.341,0.6990000000000001,0.488,0.544,0.8390000000000001,0.7170000000000001,0.41,0.616,0.138,-5.7,0.32,,0.065,0.027000000000000003,0.001,0.171,0.247,0.068,0.013999999999999999,,0.085,0.0,0.0,,94.3,,89.5,86.9,81.7,93.5,84.9,80.2,82.7,,85.1,80.3,78.9,-2.1,,0.7,-3.6,-6.8,-6.1,2.5,1.4,1.8,,0.3,-7.4,-4.8,9.1,,4.8,2.3,2.1,4.8,1.0,-4.6,-4.1,,3.4,-1.2,1.2,20.2,,0.1,-1.0,0.3,8.2,3.4,-0.4,0.1,,6.7,0.1,1.4,1.15,,0.02,-0.69,7.19,0.88,0.25,-0.1,0.11,,1.44,8.98,71.5,0.3,0.6759999999999999,0.488,0.455,0.831,0.716,0.501,19.2,-11.2,-1.8,-1.3,31 - 33,44.2,4.2,-1.1,0.384,0.363,0.253,0.156,0.469,0.375,0.384,0.086,0.0,0.07400000000000001,0.309,0.076,0.026000000000000002,0.0,0.0,0.174,0.254,0.001,85.1,71.5,80.6,94.4,90.1,86.2,79.4,80.4,93.7,84.9,93.5,0.2,-1.9,1.3,-1.9,0.8,-3.2,-4.1,-6.8,-6.1,3.0,0.0,2.0,-5.1,-6.3,8.2,4.1,1.1,-0.1,-3.3,3.8,-0.3,0.0,7.1,0.0,-3.3,18.1,2.5,-1.2,1.4,0.1,8.7,4.9,0.0,1.49,-4.04,-0.8,1.07,0.59,-0.83,71.5,8.98,0.91,0.35,0.77,0.302,0.67,0.488,0.45,0.833,0.716,0.506,19.2,-13.8,105,116,111,112,113,124,109,1.05,101,96,145,94,104,104,99,90,116,91.1,11.9,111,0.126,117.5,419,0.47700000000000004,879,0.147,0.285,0.263,0.484,0.366,8.2
666624,"Morel, Christopher",R,75.978646774,27.549518690293706,13.787318147800466,-6.985726524315579,0.7217300677436161,6.262508002311312,33.59069654555616,27.32818854324484,27.452989133187906,1919,Christopher Morel,- - -,25,364,1201,1345,262,154,44,6,58,155,163,122,3,401,14,7,1,30,21,11,0.218,345,334,127,43,5192,1919,3273,31,2,1,0.091,0.298,0.3,0.296,0.41,0.706,0.192,0.272,0.0103,0.158,0.428,0.414,0.129,0.174,0.09,0.5,0.306,-7.9,152,-6.6,-20.2,41.1,-14.7,5.1,0.5,$3.8,4.6,95,-4.02,-25.89,21.87,-22.42,-2.32,1.01,1.79,35,-2.1,-1.86,0.457,94.0,0.26899999999999996,84.6,0.071,89.5,0.08800000000000001,79.6,0.092,84.9,0.022000000000000002,86.5,,,0.004,,-12.9,1.2,2.1,-4.9,1.5,0.2,,-0.54,0.09,0.58,-1.07,0.31,0.21,,0.314,0.748,0.494,0.495,0.764,0.664,0.415,0.652,0.166,1.2,0.287,,0.073,0.018000000000000002,0.001,0.16699999999999998,0.268,0.078,0.012,0.001,0.094,,,,94.4,,89.6,86.0,83.3,93.4,84.6,79.0,83.2,49.0,84.9,,,-1.8,,0.7,-3.7,-3.6,-4.9,2.5,1.4,3.4,0.0,2.9,,,9.2,,4.9,2.2,-0.9,4.3,1.0,-5.3,-5.3,8.2,3.1,,,-3.5,,-1.5,-3.3,0.1,-9.3,5.6,-5.3,-1.3,-0.2,3.1,,,-0.23,,-0.39,-3.65,1.12,-1.08,0.4,-1.3,-2.1,-5.57,0.63,,,0.273,0.706,0.494,0.428,0.7490000000000001,0.662,0.511,18.6,-34.9,-2.5,1.9,24 - 26,-5.4,4.4,-0.4,0.51,0.32799999999999996,0.162,0.17800000000000002,0.444,0.377,0.43200000000000005,0.09300000000000001,,0.085,0.28600000000000003,0.07200000000000001,0.019,,,0.16699999999999998,0.27699999999999997,,85.1,,79.5,94.3,89.9,85.8,,,93.6,84.6,,2.9,,1.6,-1.5,0.8,-3.7,,,-4.8,3.1,,1.8,,-6.9,8.3,3.8,0.8,,,3.3,-0.3,,3.0,,-8.3,-3.7,1.1,-2.1,,,-9.0,3.3,,0.63,,-1.87,-0.25,0.31,-2.08,,,-1.04,0.23,,0.27399999999999997,0.7040000000000001,0.494,0.435,0.746,0.662,0.511,18.6,,89,108,133,94,100,118,93,0.8,101,109,141,125,94,67,113,85,118,90.7,14.2,105,0.13,115.4,367,0.45399999999999996,808,0.136,0.302,0.226,0.435,0.321,0.4
656305,"Chapman, Matt",R,75.798619516,26.170429103179597,6.355109088461262,-3.287412474189167,0.5407166123778503,-1.930331811919353,26.94089336692015,28.87122517883952,30.07524731297868,2149,Matt Chapman,- - -,31,422,1538,1763,369,197,101,6,65,240,193,197,5,449,20,8,0,25,28,8,0.24,415,503,179,79,7372,2829,4543,40,0,0,0.11199999999999999,0.255,0.44,0.332,0.44,0.773,0.2,0.295,0.0083,0.163,0.37799999999999995,0.45899999999999996,0.157,0.129,0.096,0.0,0.335,30.5,240,34.0,15.3,53.9,6.1,118.4,12.1,$96.7,4.9,116,-0.32,-32.81,32.48,28.47,2.86,1.04,2.2,2,3.48,-3.79,0.524,94.2,0.24600000000000002,84.8,0.07,88.8,0.076,80.3,0.066,85.2,0.019,87.0,0.0,76.0,0.004,,21.3,8.7,-10.2,3.4,4.0,4.5,-0.2,0.55,0.48,-1.97,0.61,0.82,3.2,-24.98,0.249,0.672,0.435,0.638,0.8270000000000001,0.7659999999999999,0.439,0.613,0.102,3.8,0.354,,0.07400000000000001,0.015,0.001,0.16699999999999998,0.244,0.059000000000000004,0.016,0.001,0.068,,0.0,,94.4,,89.1,86.3,83.0,93.5,84.8,79.7,81.4,51.1,85.2,,75.6,-2.2,,0.8,-4.7,-7.2,-5.6,2.8,1.8,2.5,-2.2,1.9,,-3.6,9.3,,4.8,2.3,0.1,4.7,1.0,-5.2,-5.0,6.4,3.1,,-1.3,9.8,,-8.2,3.4,1.5,5.5,6.0,6.1,-2.5,3.2,3.6,,-0.3,0.37,,-1.5,3.05,15.29,0.45,0.33,1.4,-2.14,80.51,0.72,,-25.28,0.213,0.626,0.435,0.574,0.8220000000000001,0.7659999999999999,0.537,18.3,21.4,-0.7,7.4,30 - 32,37.8,5.4,1.9,0.41,0.35600000000000004,0.233,0.16399999999999998,0.45899999999999996,0.376,0.40299999999999997,0.069,0.0,0.071,0.34700000000000003,0.076,0.015,0.0,,0.17,0.252,0.0,85.3,66.0,80.3,94.5,89.5,86.4,76.4,,93.7,84.9,94.8,1.8,3.0,2.5,-2.0,1.0,-5.4,-3.3,,-5.2,3.2,0.0,1.7,-4.1,-7.0,8.3,4.0,0.6,-3.1,,3.6,-0.3,0.0,1.1,1.3,4.1,10.6,-9.1,7.7,-0.3,,7.1,6.4,0.1,0.22,43.53,0.78,0.42,-1.62,7.04,-25.28,,0.57,0.35,4.72,0.218,0.624,0.436,0.5870000000000001,0.818,0.765,0.537,18.3,,97,133,113,105,108,126,100,0.82,89,122,108,101,102,96,104,88,117,93.0,16.8,145,0.132,114.5,555,0.506,1097,0.18100000000000002,0.28300000000000003,0.237,0.448,0.339,12.8
663586,"Riley, Austin",R,75.748661591,32.765523935700216,10.010143701645918,-3.657388454753207,0.4648829431438126,5.768342888693776,35.016010239313964,29.247667350620173,28.183408816870067,2093,Austin Riley,ATL,27,371,1477,1631,396,240,78,6,72,234,207,123,5,418,17,14,0,33,5,2,0.268,408,453,212,36,6480,2348,4132,34,0,0,0.075,0.256,0.29,0.329,0.475,0.804,0.207,0.324,0.009000000000000001,0.198,0.38,0.42200000000000004,0.079,0.159,0.083,0.0,0.343,38.8,234,35.7,-2.9,50.0,5.6,91.1,9.2,$73.7,3.7,118,0.69,-28.33,29.02,17.4,1.67,0.95,,0,4.09,-3.36,0.53,94.3,0.248,85.3,0.06,89.2,0.067,80.4,0.07400000000000001,85.5,0.021,86.6,0.0,76.7,0.003,,8.6,-3.2,7.9,7.4,12.5,1.6,0.0,0.25,-0.2,2.04,1.7,2.61,1.2,1.1,0.313,0.736,0.495,0.573,0.831,0.738,0.43,0.605,0.13,-2.1,0.34299999999999997,,0.067,0.019,0.001,0.184,0.24600000000000002,0.052000000000000005,0.013999999999999999,0.0,0.07400000000000001,,0.0,,94.4,,89.6,86.8,83.1,94.0,85.2,79.6,82.3,36.0,85.4,,76.9,-2.4,,0.7,-5.1,-4.6,-6.1,2.6,2.0,2.3,0.7,0.0,,-2.7,9.1,,4.6,2.3,0.0,4.6,1.1,-4.8,-5.0,4.0,3.3,,-4.4,-7.4,,3.9,3.8,-0.4,13.8,-2.1,9.9,-2.0,-0.2,10.4,,0.0,-0.34,,0.9,3.11,-5.08,1.16,-0.13,2.93,-2.17,-8.18,2.18,,1.13,0.27899999999999997,0.693,0.495,0.495,0.8270000000000001,0.737,0.521,18.7,2.7,-2.6,5.1,26 - 28,33.6,4.9,-0.5,0.40399999999999997,0.363,0.23199999999999998,0.133,0.46299999999999997,0.40399999999999997,0.376,0.076,,0.061,0.336,0.065,0.018000000000000002,0.0,,0.187,0.257,,85.3,,80.2,94.6,89.8,86.6,76.6,,94.1,85.2,,-0.1,,2.3,-2.1,1.0,-4.6,-1.7,,-5.8,3.1,,1.9,,-6.6,8.2,3.8,0.9,-6.4,,3.6,-0.1,,10.0,,3.6,-9.3,3.6,2.6,0.0,,13.7,5.1,,2.04,,0.92,-0.43,0.86,2.25,1.13,,1.14,0.31,,0.281,0.6920000000000001,0.495,0.507,0.823,0.737,0.521,18.7,,108,88,115,103,116,129,110,0.99,89,113,129,99,104,95,85,89,125,92.6,15.1,156,0.145,116.1,543,0.506,1073,0.14300000000000002,0.273,0.261,0.509,0.357,9.7
683002,"Henderson, Gunnar",L,75.74195179,30.41532890793992,8.729125264112433,2.1781009603949752,0.492216456634544,6.784283736073317,32.66818449163549,25.88390075556218,25.887829246420555,2698,Gunnar Henderson,BAL,23,463,1767,1992,478,281,94,21,82,303,242,196,8,455,17,12,0,19,61,12,0.271,619,438,267,40,7820,2931,4889,36,0,0,0.098,0.228,0.43,0.347,0.487,0.834,0.216,0.319,0.0141,0.20199999999999999,0.46799999999999997,0.331,0.091,0.187,0.057999999999999996,0.0,0.357,69.3,306,75.9,-6.0,60.9,15.3,169.8,17.3,$138.6,6.8,133,6.82,-28.98,35.8,79.69,8.52,0.88,1.94,10,6.56,1.15,0.473,94.1,0.198,84.4,0.087,89.3,0.085,80.1,0.11900000000000001,86.1,0.037000000000000005,86.2,0.0,74.0,0.005,,14.7,19.1,10.8,16.2,11.4,1.5,0.0,0.4,1.23,1.58,2.46,1.22,0.51,3.64,0.287,0.687,0.46,0.62,0.8490000000000001,0.769,0.433,0.589,0.106,17.1,0.318,,0.08800000000000001,0.039,,0.151,0.19699999999999998,0.073,0.017,0.0,0.11699999999999999,,,,94.4,,89.7,86.1,,93.2,84.5,79.4,81.9,42.5,86.1,,,-2.0,,0.6,-6.2,,-0.4,0.6,2.2,4.3,-1.5,-7.0,,,9.4,,4.8,1.9,,4.3,1.0,-5.1,-6.2,9.8,3.1,,,15.7,,8.3,2.1,,-3.7,21.1,13.0,2.7,0.5,11.1,,,0.63,,1.2,0.69,,-0.31,1.37,2.3,2.03,46.64,1.22,,,0.256,0.65,0.46,0.5329999999999999,0.853,0.767,0.519,18.5,9.4,3.7,7.8,22 - 24,93.0,6.6,3.1,0.389,0.369,0.242,0.126,0.466,0.408,0.368,0.11800000000000001,0.0,0.079,0.317,0.086,0.037000000000000005,,,0.149,0.213,,86.1,77.1,79.8,94.4,89.9,85.8,,,93.3,84.4,,-6.9,6.0,3.3,-2.0,0.6,-5.7,,,-0.5,0.4,,1.6,-9.3,-7.6,8.4,4.0,0.7,,,3.0,-0.3,,12.2,-0.2,13.7,14.0,5.6,2.2,,,-1.7,25.7,,1.33,-6.59,2.23,0.56,0.83,0.78,,,-0.14,1.54,,0.262,0.644,0.46,0.54,0.852,0.767,0.519,18.5,,111,119,100,111,121,135,110,1.03,112,85,157,95,106,100,80,89,128,92.3,10.0,137,0.10300000000000001,113.9,684,0.517,1324,0.165,0.271,0.271,0.468,0.354,17.0
663624,"Mountcastle, Ryan",R,75.365520324,36.9619095536903,5.606398212215261,0.9084534781685564,0.3676092544987147,0.1314171286790728,26.38146890960323,26.25005178092415,30.929761442717307,1945,Ryan Mountcastle,BAL,27,328,1228,1334,325,215,69,3,38,152,166,79,1,319,8,19,0,36,9,1,0.265,415,322,191,23,5004,1575,3429,35,0,0,0.059000000000000004,0.239,0.25,0.309,0.419,0.727,0.154,0.322,0.0129,0.20600000000000002,0.447,0.34700000000000003,0.071,0.11800000000000001,0.084,0.0,0.313,-0.6,158,4.0,3.8,40.8,-25.5,26.3,2.7,$21.3,3.5,103,1.01,-21.36,22.37,-0.82,0.01,0.91,1.5,23,-0.49,1.6,0.48100000000000004,94.1,0.258,84.7,0.07200000000000001,89.0,0.069,80.6,0.091,84.7,0.027999999999999997,86.1,,,0.003,,-5.7,-2.7,2.0,5.9,0.9,-0.2,,-0.24,-0.21,0.56,1.71,0.19,-0.12,,0.41100000000000003,0.777,0.56,0.617,0.846,0.746,0.40700000000000003,0.649,0.142,-1.1,0.319,,0.073,0.025,,0.159,0.258,0.062,0.01,0.0,0.09300000000000001,,0.0,,94.3,,89.2,86.4,,93.7,84.8,79.9,83.8,41.7,84.7,,58.6,-1.5,,0.5,-5.5,,-5.7,2.9,1.5,2.9,-1.5,3.1,,6.4,9.5,,4.6,1.9,,4.8,1.1,-4.6,-5.4,10.9,3.4,,2.6,0.4,,2.0,-1.3,,-10.6,-5.9,4.6,2.0,-0.1,1.4,,-0.1,0.03,,0.56,-1.01,,-1.33,-0.46,1.47,4.18,-5.56,0.3,,-5.48,0.377,0.743,0.56,0.562,0.8390000000000001,0.746,0.5,19.6,-21.6,-0.9,-2.0,26 - 28,2.9,4.3,-1.7,0.31,0.375,0.315,0.121,0.54,0.33899999999999997,0.327,0.091,,0.059000000000000004,0.316,0.07400000000000001,0.025,0.0,,0.161,0.273,0.0,84.6,,80.1,94.4,89.3,86.5,58.2,,93.8,84.7,33.7,2.9,,1.6,-1.3,0.6,-4.7,6.4,,-5.6,3.4,0.0,1.9,,-7.2,8.5,3.6,0.5,0.8,,3.6,-0.3,0.0,1.4,,1.2,-2.0,-2.3,-1.1,-0.1,,-9.4,4.6,0.0,0.31,,0.41,-0.13,-0.62,-0.85,-5.48,,-1.17,0.34,3.51,0.381,0.7440000000000001,0.56,0.5589999999999999,0.8420000000000001,0.7440000000000001,0.494,19.6,,109,72,105,99,104,96,111,1.05,107,90,98,76,108,130,76,103,107,91.0,10.6,99,0.107,116.7,423,0.456,928,0.126,0.268,0.265,0.465,0.337,2.3
624413,"Alonso, Pete",R,75.328437398,32.57874784588502,10.590933888920304,-2.070040761380922,0.5758275596612779,5.418267376837341,29.81898318149306,24.400715804655736,28.07518331403173,2598,Pete Alonso,NYM,29,478,1800,2062,439,225,93,3,118,270,332,196,15,485,49,17,0,54,8,3,0.244,518,583,230,56,8169,3095,5074,25,0,0,0.095,0.235,0.4,0.332,0.496,0.827,0.252,0.264,0.0089,0.17300000000000001,0.389,0.43799999999999994,0.096,0.20199999999999999,0.048,0.0,0.352,63.4,309,68.9,-8.5,63.0,-36.2,83.1,8.4,$67.6,2.9,128,5.6,-36.06,41.65,58.63,6.22,1.0,1.38,1,6.14,-0.57,0.509,93.9,0.247,85.1,0.062,88.9,0.078,80.8,0.08,85.3,0.023,86.1,0.0,77.3,0.006999999999999999,,34.7,3.1,7.3,-0.6,5.3,-0.3,-0.1,0.84,0.16,1.44,-0.09,0.8,-0.16,-3.1,0.301,0.649,0.44299999999999995,0.635,0.8590000000000001,0.769,0.409,0.584,0.102,-10.3,0.292,,0.063,0.022000000000000002,,0.214,0.24600000000000002,0.064,0.018000000000000002,0.002,0.08,,0.0,,94.4,,89.3,85.7,,93.6,85.1,80.0,82.7,46.7,85.4,,77.1,-1.3,,0.6,-3.4,,-5.5,2.2,2.0,1.8,-1.3,1.4,,-2.6,9.2,,4.6,2.3,,4.8,1.1,-5.0,-4.9,8.1,3.3,,-1.3,24.3,,8.3,-2.0,,9.0,-2.6,-3.2,3.4,2.2,5.1,,-0.1,1.02,,1.62,-1.11,,0.52,-0.13,-0.62,2.34,11.66,0.79,,-3.14,0.265,0.624,0.44299999999999995,0.55,0.862,0.769,0.49700000000000005,18.8,-44.7,-3.0,-2.3,28 - 30,58.6,6.2,-0.3,0.424,0.313,0.264,0.147,0.484,0.37,0.387,0.08199999999999999,,0.077,0.289,0.063,0.021,0.0,,0.215,0.254,0.0,85.2,,80.8,94.3,89.7,85.7,77.1,,93.8,85.1,104.2,1.3,,2.2,-1.1,0.8,-3.2,-2.4,,-5.4,2.6,0.0,1.9,,-6.6,8.3,3.8,1.0,-2.6,,3.7,-0.2,0.0,4.6,,-1.9,27.7,6.6,-2.6,-0.1,,10.5,0.1,-0.1,0.69,,-0.3,1.18,1.29,-1.55,-3.14,,0.6,0.0,-5.38,0.266,0.624,0.44299999999999995,0.5579999999999999,0.8590000000000001,0.768,0.496,18.8,,98,112,106,104,122,158,90,0.87,91,117,167,104,89,108,93,93,115,91.0,15.9,209,0.157,116.3,629,0.47200000000000003,1332,0.17800000000000002,0.281,0.252,0.526,0.367,9.0
660821,"Sánchez, Jesús",L,75.314996257,29.605156631871196,7.377315348948002,1.1420081555807131,0.490215264187867,6.156960455188266,32.83633069334692,26.67937023815868,29.14491834835779,2044,Jesus Sanchez,- - -,26,408,1300,1436,321,198,69,8,46,164,164,121,4,357,8,5,2,34,32,6,0.247,463,292,190,32,5590,1994,3596,18,4,0,0.084,0.249,0.34,0.314,0.418,0.732,0.172,0.305,0.0159,0.201,0.49,0.309,0.11,0.158,0.039,0.0,0.317,4.6,175,0.9,5.9,43.9,-16.1,39.7,4.0,$32.3,5.3,100,0.82,-25.54,26.36,-18.6,-1.93,0.99,1.41,58,-0.21,1.03,0.483,94.1,0.171,85.0,0.069,89.8,0.10099999999999999,81.0,0.133,86.2,0.042,86.6,0.002,79.8,0.004,,7.2,-7.0,4.7,-0.2,-3.4,-0.4,-0.2,0.27,-0.74,1.22,-0.03,-0.47,-0.17,-1.59,0.35700000000000004,0.73,0.504,0.588,0.84,0.732,0.396,0.616,0.135,0.6,0.375,,0.073,0.04,0.001,0.107,0.165,0.084,0.022000000000000002,,0.132,,0.002,,94.2,,90.3,86.7,83.8,93.6,85.0,80.3,81.9,,86.2,,77.9,-3.7,,0.3,-6.9,-5.8,-3.0,1.0,3.4,3.6,,-8.5,,-2.2,9.3,,5.2,2.7,3.6,4.5,1.2,-5.3,-4.7,,3.1,,-3.2,3.4,,2.9,-2.7,-0.8,1.9,-7.4,-0.2,-1.0,,0.4,,-0.1,0.16,,0.72,-1.19,-11.53,0.33,-0.8,-0.04,-0.83,,0.05,,-1.17,0.34700000000000003,0.6809999999999999,0.505,0.534,0.8420000000000001,0.731,0.474,19.1,-10.2,1.6,-1.6,25 - 27,1.5,4.5,-2.0,0.37799999999999995,0.342,0.27899999999999997,0.158,0.47100000000000003,0.371,0.365,0.134,0.0,0.099,0.373,0.07400000000000001,0.040999999999999995,0.002,,0.10400000000000001,0.174,,85.9,81.9,81.0,94.3,90.3,86.6,79.8,,93.7,85.0,,-8.0,5.1,4.2,-3.3,0.6,-6.2,-2.2,,-3.0,1.2,,1.8,-8.5,-7.3,8.2,4.4,1.1,-5.1,,3.3,-0.2,,-1.3,0.0,-0.7,2.0,5.6,-2.2,-0.2,,2.5,-8.4,,-0.17,2.42,-0.12,0.1,1.35,-0.97,-1.64,,0.43,-0.87,,0.34299999999999997,0.6829999999999999,0.504,0.534,0.84,0.731,0.475,19.1,,100,99,111,99,103,107,104,1.01,115,82,130,93,98,115,100,90,115,91.5,7.7,112,0.11800000000000001,117.2,447,0.47100000000000003,950,0.13699999999999998,0.272,0.254,0.465,0.339,3.7
673357,"Robert Jr., Luis",R,75.267585532,36.07824566830162,11.16923970237894,-4.088380793468729,0.516506922257721,-1.9237682857010068,29.144964609339457,31.068732895040466,26.99287415561673,1878,Luis Robert Jr.,CHW,26,355,1321,1451,317,183,67,1,66,189,168,98,10,425,16,6,1,26,76,18,0.24,336,383,183,37,5337,1754,3583,30,1,0,0.068,0.293,0.23,0.299,0.442,0.741,0.202,0.3,0.0088,0.203,0.373,0.425,0.09699999999999999,0.172,0.08900000000000001,0.0,0.316,2.8,176,4.7,6.7,44.5,4.2,67.3,6.8,$54.1,5.6,102,2.28,-27.29,29.57,-1.3,-0.22,1.05,1.84,6,2.21,-0.03,0.442,94.0,0.282,84.4,0.07400000000000001,88.6,0.065,80.3,0.105,84.7,0.031,86.4,,,0.008,,-3.7,7.2,-2.9,1.2,0.2,-1.1,,-0.16,0.48,-0.74,0.34,0.04,-0.63,,0.39799999999999996,0.78,0.551,0.516,0.816,0.6859999999999999,0.4,0.6890000000000001,0.17300000000000001,2.6,0.263,,0.07400000000000001,0.032,,0.17600000000000002,0.284,0.053,0.013999999999999999,,0.105,,,,94.1,,89.0,86.3,,93.7,84.4,79.7,81.6,,84.7,,,-2.0,,0.7,-5.6,,-6.7,3.0,0.3,2.1,,-1.1,,,9.3,,4.5,1.9,,5.1,1.0,-5.4,-3.6,,3.2,,,11.2,,-1.2,-0.6,,-16.3,-0.3,3.9,1.0,,-0.3,,,0.8,,-0.31,-0.33,,-1.74,-0.02,1.39,1.31,,-0.06,,,0.359,0.753,0.5529999999999999,0.431,0.813,0.687,0.493,18.6,10.9,5.7,-0.8,25 - 27,7.2,4.8,1.7,0.42700000000000005,0.32299999999999995,0.249,0.17,0.514,0.315,0.406,0.109,0.0,0.059000000000000004,0.259,0.07200000000000001,0.026000000000000002,,,0.17800000000000002,0.29600000000000004,0.001,85.0,80.0,80.1,94.3,89.6,85.8,,,93.9,84.5,85.4,-1.2,4.2,0.8,-1.7,1.0,-5.1,,,-6.5,3.6,0.0,1.7,-9.0,-7.0,8.3,3.7,0.8,,,4.0,-0.3,0.0,1.5,0.0,1.1,7.7,-3.8,-2.6,,,-14.9,4.8,0.0,0.26,0.0,0.34,0.56,-0.99,-1.86,,,-1.57,0.31,-1.21,0.358,0.755,0.5529999999999999,0.436,0.81,0.687,0.491,18.6,,98,82,129,95,109,125,103,1.03,89,110,141,104,93,103,108,99,98,89.4,16.0,111,0.122,115.8,376,0.41200000000000003,912,0.11900000000000001,0.292,0.24,0.449,0.32,6.9
682985,"Greene, Riley",L,75.262222446,44.01547568398677,12.98121171435484,1.1705258803345722,0.4311964066966108,4.019521777066135,32.02945900866835,28.009937231602205,23.93872939562473,2449,Riley Greene,DET,23,393,1490,1655,398,239,77,11,71,217,222,145,4,471,10,9,0,23,13,3,0.267,451,347,230,11,6869,2535,4334,25,0,0,0.08800000000000001,0.285,0.31,0.334,0.477,0.811,0.209,0.342,0.013000000000000001,0.22399999999999998,0.439,0.33799999999999997,0.032,0.205,0.055,0.0,0.348,46.3,243,48.2,-0.2,50.5,-14.7,89.3,9.1,$72.9,4.6,125,2.77,-27.53,30.31,37.67,4.03,0.95,1.87,9,4.09,-1.17,0.47600000000000003,93.8,0.18,84.0,0.085,89.3,0.09,79.9,0.133,85.8,0.037000000000000005,86.5,,,0.004,,10.0,15.0,9.8,7.1,5.3,-0.8,,0.31,1.22,1.69,1.15,0.58,-0.33,,0.301,0.726,0.48200000000000004,0.596,0.8170000000000001,0.737,0.425,0.608,0.127,-0.1,0.33,,0.086,0.036000000000000004,,0.14400000000000002,0.17600000000000002,0.081,0.013999999999999999,0.0,0.133,0.0,,,94.2,,89.6,86.1,,92.8,84.1,79.2,82.7,46.3,85.8,80.8,,-2.8,,0.3,-6.8,,1.8,0.4,3.8,2.7,2.4,-7.6,-4.1,,9.1,,4.7,1.3,,4.4,0.9,-5.6,-5.6,10.5,3.4,-1.7,,10.3,,9.6,-0.4,,-2.8,17.7,6.2,-2.1,-0.2,2.8,0.1,,0.46,,1.65,-0.16,,-0.28,1.47,1.13,-2.29,-10.85,0.31,6.22,,0.28300000000000003,0.675,0.48200000000000004,0.5379999999999999,0.818,0.737,0.507,18.3,-14.8,-1.5,0.8,22 - 24,48.1,5.6,1.8,0.41,0.34299999999999997,0.247,0.109,0.535,0.35600000000000004,0.415,0.138,,0.087,0.325,0.085,0.031,,0.0,0.146,0.187,,86.0,,79.9,94.3,89.9,85.9,,81.0,93.0,84.1,,-7.3,,4.4,-2.7,0.5,-6.1,,-4.0,1.7,0.3,,1.8,,-7.4,8.2,3.9,0.4,,-3.1,3.3,-0.5,,7.1,,7.6,10.2,11.8,-2.0,,0.1,-2.7,10.7,,0.75,,1.29,0.46,2.02,-0.94,,6.22,-0.27,0.84,,0.281,0.6759999999999999,0.48200000000000004,0.539,0.8170000000000001,0.737,0.509,18.3,,110,106,125,107,118,131,118,1.14,106,87,171,100,99,102,69,102,111,90.8,11.9,147,0.14300000000000002,115.1,475,0.462,1029,0.149,0.276,0.255,0.496,0.35,9.9
682829,"De La Cruz, Elly",R,75.159576018,34.77808309107394,8.420201151347895,0.4273050796608144,0.4929522317932656,7.647735317728484,36.1601514233809,28.512416105652427,29.781337699987063,2554,Elly De La Cruz,CIN,22,420,1635,1822,417,251,82,24,60,274,206,171,15,543,10,3,3,32,139,32,0.255,545,324,219,21,7193,2686,4507,35,10,3,0.094,0.298,0.31,0.329,0.445,0.773,0.19,0.345,0.0168,0.201,0.501,0.298,0.065,0.185,0.064,0.3,0.332,27.7,244,14.9,8.0,55.6,17.2,124.7,12.8,$102.2,8.5,107,0.54,-34.0,34.54,34.47,3.6,1.0,1.84,2,0.87,-0.34,0.406,94.1,0.179,84.4,0.087,89.3,0.121,80.1,0.165,85.9,0.040999999999999995,86.3,0.001,78.0,0.009000000000000001,,28.4,-2.5,4.6,-4.9,2.2,-4.4,-0.9,0.98,-0.19,0.74,-0.56,0.19,-1.51,-8.59,0.318,0.632,0.445,0.541,0.8190000000000001,0.701,0.405,0.619,0.133,23.5,0.303,,0.086,0.042,0.0,0.1,0.179,0.102,0.024,0.001,0.162,,0.001,,94.4,,89.9,86.3,78.4,93.0,84.5,79.5,82.3,48.3,85.7,,78.0,-2.1,,0.3,-4.2,-3.6,-2.3,1.2,2.3,1.3,-0.8,-3.1,,-1.8,8.8,,4.7,2.1,-0.9,4.0,1.0,-5.7,-4.8,7.9,3.2,,-2.1,17.7,,4.6,-5.4,0.0,9.8,0.1,-1.4,-5.9,0.5,2.5,,-0.9,0.81,,0.74,-1.82,-0.76,1.37,0.01,-0.19,-3.41,11.39,0.22,,-8.69,0.294,0.601,0.445,0.489,0.8079999999999999,0.701,0.491,18.6,25.3,11.6,2.1,21 - 23,38.4,5.4,0.0,0.42100000000000004,0.353,0.226,0.11800000000000001,0.535,0.34700000000000003,0.425,0.16699999999999998,0.001,0.11800000000000001,0.297,0.091,0.036000000000000004,0.001,,0.1,0.187,0.0,85.7,78.1,80.1,94.4,90.1,86.5,78.1,,93.0,84.3,83.8,-3.0,4.9,2.5,-2.0,0.5,-4.1,-1.2,,-2.3,1.2,0.0,1.8,-9.2,-7.3,7.9,4.0,0.7,-3.5,,2.9,-0.4,0.0,-0.5,-0.1,-7.7,17.4,3.6,-3.7,-0.9,,13.5,0.3,0.0,-0.05,-1.54,-0.91,0.82,0.56,-1.42,-8.69,,1.88,0.02,0.17,0.294,0.604,0.445,0.494,0.805,0.7,0.488,18.6,,103,111,134,103,110,120,117,1.01,117,80,155,104,101,93,75,103,108,91.3,7.5,118,0.107,119.2,495,0.451,1098,0.179,0.312,0.242,0.422,0.321,11.6
592518,"Machado, Manny",R,75.142566468,25.966315591176897,7.064758250472566,-0.7256246832220697,0.5382022471910114,6.749716757080363,31.083823079023382,24.33410632194301,31.27783510524867,2670,Manny Machado,SDP,31,449,1751,1922,472,302,84,0,86,243,291,150,11,364,6,15,0,61,28,7,0.27,576,582,243,68,7327,2597,4730,37,1,0,0.078,0.18899999999999997,0.41,0.327,0.465,0.792,0.195,0.293,0.009899999999999999,0.17300000000000001,0.41100000000000003,0.415,0.11699999999999999,0.14800000000000002,0.064,0.0,0.338,38.5,267,44.7,4.6,58.8,-5.4,104.9,10.7,$85.5,3.5,119,0.78,-34.59,35.37,36.39,3.87,0.99,5.9,1,3.12,-2.33,0.51,94.3,0.239,84.9,0.07200000000000001,89.3,0.07200000000000001,80.3,0.08,85.7,0.027000000000000003,86.2,,,0.006,,16.2,10.9,-7.1,3.9,3.9,-7.2,,0.43,0.62,-1.35,0.74,0.68,-3.66,,0.326,0.736,0.503,0.622,0.858,0.7709999999999999,0.431,0.629,0.115,-3.5,0.313,,0.073,0.026000000000000002,0.001,0.19,0.239,0.057,0.02,0.001,0.08,0.0,,,94.5,,89.8,86.7,82.4,94.0,84.9,79.8,81.4,47.1,85.6,82.2,,-1.8,,0.3,-4.5,-1.4,-6.2,2.7,1.7,2.4,-4.3,0.2,-4.7,,9.3,,4.9,1.9,-1.0,4.7,1.2,-5.1,-4.6,8.7,3.0,-0.7,,0.1,,-5.4,-8.3,-0.4,11.5,9.2,3.3,0.1,0.7,4.3,0.5,,0.01,,-1.02,-4.35,-9.95,0.83,0.52,0.8,0.07,11.75,0.73,48.63,,0.282,0.696,0.503,0.534,0.853,0.77,0.5329999999999999,19.1,-0.7,-0.6,-0.4,30 - 32,41.2,5.7,-4.0,0.37799999999999995,0.377,0.245,0.139,0.489,0.37200000000000005,0.312,0.083,0.0,0.07,0.313,0.071,0.024,,0.0,0.188,0.25,,85.3,77.5,80.3,94.6,90.0,86.7,,82.0,94.1,85.0,,0.2,5.7,2.4,-1.6,0.8,-3.8,,-4.0,-5.7,3.4,,1.5,-9.9,-7.1,8.2,3.8,0.6,,-2.2,3.5,-0.2,,4.4,0.0,5.3,0.2,-7.0,-7.6,,0.5,12.9,5.9,,0.72,3.87,1.04,0.01,-1.35,-4.31,,48.63,0.94,0.32,,0.28300000000000003,0.695,0.503,0.5379999999999999,0.851,0.769,0.534,19.1,,109,91,85,103,114,123,99,0.87,96,111,122,93,108,101,88,94,116,92.2,14.0,161,0.115,115.6,685,0.489,1402,0.14300000000000002,0.258,0.263,0.477,0.343,10.7
624585,"Soler, Jorge",R,75.058137006,33.62661007196914,10.054213465041451,-8.326389810529777,0.5575581395348838,0.6477690079823577,28.632470704482785,27.984701696500423,29.449159547745136,1720,Jorge Soler,- - -,32,361,1276,1469,305,165,70,1,69,192,173,162,4,376,16,11,0,34,2,0,0.239,347,411,153,45,5971,2327,3644,17,0,0,0.11,0.256,0.43,0.33,0.458,0.787,0.219,0.28,0.0084,0.168,0.381,0.451,0.109,0.168,0.049,0.0,0.339,30.2,205,27.6,-14.3,45.0,-29.5,25.8,2.6,$20.8,2.3,115,2.89,-25.82,28.7,9.78,0.85,1.02,2.31,15,2.74,0.1,0.44299999999999995,94.0,0.289,85.0,0.07,89.0,0.09,80.4,0.085,84.9,0.022000000000000002,86.5,0.0,73.0,0.003,,30.3,-6.4,-5.9,2.4,2.2,-1.3,0.1,1.15,-0.37,-1.4,0.44,0.42,-0.99,4.82,0.292,0.6759999999999999,0.44299999999999995,0.5579999999999999,0.851,0.7340000000000001,0.392,0.575,0.11800000000000001,-7.8,0.244,,0.071,0.019,0.001,0.19899999999999998,0.28800000000000003,0.07400000000000001,0.019,,0.084,,0.0,,94.2,,89.2,86.3,83.8,93.6,84.9,79.8,81.9,,84.9,,73.2,-2.1,,0.9,-5.5,-5.2,-6.2,2.4,2.3,2.2,,0.4,,-3.6,9.3,,4.6,2.8,1.8,4.8,1.1,-5.2,-4.6,,3.3,,2.7,27.9,,-7.8,-2.8,-0.5,1.4,-5.1,3.9,-0.8,,4.5,,0.1,1.92,,-1.85,-2.47,-6.79,0.11,-0.3,0.88,-0.67,,0.9,,4.92,0.254,0.647,0.44299999999999995,0.499,0.833,0.7340000000000001,0.48200000000000004,18.4,-43.8,-2.2,-4.3,31 - 33,19.8,4.8,-1.5,0.461,0.33899999999999997,0.2,0.147,0.467,0.386,0.413,0.086,,0.085,0.23800000000000002,0.075,0.02,0.0,,0.201,0.29600000000000004,,85.0,,80.4,94.4,89.6,86.1,74.0,,93.8,85.0,,0.4,,2.4,-1.8,0.9,-5.2,-3.1,,-5.9,3.0,,1.9,,-6.9,8.4,3.6,1.5,0.4,,3.6,-0.2,,4.1,,1.5,28.2,-11.4,-2.6,0.1,,1.9,-2.0,,0.81,,0.3,2.0,-2.56,-2.25,4.92,,0.16,-0.11,,0.251,0.6459999999999999,0.44299999999999995,0.501,0.83,0.7340000000000001,0.486,18.4,,97,130,114,104,112,135,95,0.85,90,120,135,113,97,82,93,90,120,90.6,17.0,124,0.136,115.4,412,0.45,915,0.16699999999999998,0.285,0.24,0.477,0.348,2.7
669394,"Burger, Jake",R,74.994347076,24.21298241125268,8.34428157392774,-6.016497541878247,0.5546950629235236,9.469474347169188,32.59866928605999,23.12919493889081,32.04422679975083,2066,Jake Burger,- - -,28,381,1383,1495,341,193,66,3,79,182,209,75,2,392,26,11,0,18,3,3,0.247,425,410,167,56,5455,1751,3704,26,0,0,0.05,0.262,0.19,0.296,0.47,0.766,0.223,0.284,0.0104,0.16699999999999998,0.424,0.409,0.13699999999999998,0.193,0.061,0.0,0.326,15.2,193,13.5,-10.7,45.7,-15.3,36.1,3.6,$29.2,2.6,107,-0.66,-27.74,27.08,11.08,1.01,1.01,1.85,18,0.64,-1.28,0.44,93.8,0.27,84.9,0.07400000000000001,89.1,0.073,80.1,0.107,85.0,0.033,86.1,0.002,78.9,0.002,,16.6,-0.8,3.0,7.3,-6.4,-3.1,0.5,0.69,-0.05,0.74,1.82,-1.1,-1.68,4.78,0.41700000000000004,0.7140000000000001,0.537,0.5479999999999999,0.838,0.703,0.40299999999999997,0.6559999999999999,0.159,-2.2,0.235,,0.078,0.027999999999999997,0.001,0.201,0.267,0.063,0.013000000000000001,0.002,0.11,,0.002,,94.1,,89.5,86.3,83.3,93.8,84.8,79.3,82.8,47.7,84.9,,78.8,-1.4,,0.5,-4.4,-6.0,-6.0,2.4,0.7,3.1,-0.5,1.9,,-3.7,9.5,,4.8,2.5,2.7,5.1,1.2,-5.1,-5.8,8.8,3.6,,-1.6,16.2,,3.0,-1.7,-0.1,-4.1,2.7,5.3,-1.8,2.1,-7.2,,0.5,1.27,,0.71,-1.09,-2.29,-0.37,0.18,1.54,-2.49,18.82,-1.21,,4.92,0.37799999999999995,0.6970000000000001,0.536,0.47700000000000004,0.828,0.703,0.496,18.6,-26.0,-2.8,0.1,27 - 29,11.4,5.0,2.2,0.435,0.35700000000000004,0.20800000000000002,0.18100000000000002,0.43,0.389,0.365,0.111,0.0,0.07,0.23399999999999999,0.075,0.028999999999999998,0.002,,0.20199999999999999,0.27699999999999997,,84.6,79.4,80.0,94.1,89.6,85.9,78.9,,93.9,84.9,,1.8,5.2,1.1,-1.2,0.7,-4.1,-3.3,,-5.8,2.9,,2.2,-7.7,-7.2,8.4,3.8,1.1,-3.3,,3.9,-0.1,,-6.3,0.0,1.5,15.3,1.2,0.0,0.5,,-5.1,8.1,,-1.05,2.69,0.39,1.2,0.29,0.0,4.92,,-0.47,0.54,,0.381,0.6920000000000001,0.536,0.478,0.8270000000000001,0.703,0.499,18.6,,100,60,116,93,115,138,97,0.84,100,108,157,107,103,86,115,83,121,91.3,13.6,143,0.14300000000000002,118.2,483,0.48200000000000004,1002,0.14300000000000002,0.302,0.255,0.494,0.343,3.9
663728,"Raleigh, Cal",R,74.920444867,32.990923497654904,17.190374577520817,-7.957485573670296,0.4614853195164075,7.952393691672618,36.55473589287064,28.602342201198027,24.99115757578237,2895,Cal Raleigh,SEA,27,457,1655,1902,386,198,63,1,124,261,300,221,22,522,16,10,0,19,20,5,0.233,332,605,206,78,7694,2847,4847,25,0,0,0.11599999999999999,0.27399999999999997,0.42,0.328,0.497,0.825,0.264,0.257,0.0055000000000000005,0.18,0.29,0.529,0.129,0.205,0.075,0.0,0.349,55.1,281,72.7,34.8,58.1,20.0,184.5,18.8,$150.5,3.1,133,5.16,-32.74,37.9,77.53,8.37,1.03,2.07,26,6.42,-1.39,0.425,94.2,0.17600000000000002,84.9,0.079,89.6,0.10099999999999999,80.7,0.172,86.0,0.046,86.6,,,0.011000000000000001,,27.9,10.3,0.3,1.9,8.5,2.3,,0.85,0.76,0.04,0.24,0.64,0.63,,0.355,0.753,0.513,0.5760000000000001,0.8170000000000001,0.7170000000000001,0.39799999999999996,0.606,0.145,-7.6,0.33899999999999997,,0.08199999999999999,0.044000000000000004,0.001,0.081,0.17600000000000002,0.084,0.019,0.001,0.174,0.0,,,94.5,,89.8,86.3,84.2,93.7,84.9,80.1,82.7,47.2,86.0,82.1,,-2.5,,0.5,-6.2,-3.4,-4.0,1.8,1.9,3.5,-3.1,-3.7,-5.7,,9.2,,4.7,2.4,-0.7,4.3,1.0,-5.5,-5.2,6.0,3.3,0.0,,5.1,,0.3,3.1,-0.3,21.9,11.5,1.9,-2.2,0.2,6.9,0.0,,0.2,,0.05,0.93,-7.14,3.51,0.85,0.3,-1.45,1.88,0.52,-0.1,,0.318,0.7170000000000001,0.513,0.512,0.813,0.7170000000000001,0.48700000000000004,19.7,54.9,-1.1,-3.9,26 - 28,65.2,6.4,3.6,0.52,0.276,0.204,0.18600000000000003,0.43700000000000006,0.376,0.456,0.177,0.0,0.096,0.33899999999999997,0.083,0.04,,0.0,0.079,0.185,0.0,86.0,64.7,80.6,94.4,90.2,86.2,,80.6,93.9,84.9,101.9,-3.6,-1.6,2.8,-2.3,0.9,-5.3,,-4.6,-3.8,2.0,0.0,2.0,-2.7,-7.2,8.3,3.9,1.0,,-1.6,2.9,-0.4,0.0,6.3,0.0,3.9,3.0,-2.3,3.0,,0.0,25.7,9.0,0.0,0.46,3.51,0.53,0.12,-0.36,0.97,,1.82,4.22,0.63,1.05,0.32,0.718,0.513,0.507,0.816,0.7170000000000001,0.485,19.7,32.4,96,141,121,105,123,164,89,0.92,70,136,170,126,80,84,118,84,118,90.6,22.4,183,0.16,114.7,531,0.465,1143,0.11800000000000001,0.263,0.23,0.501,0.35,19.9
672356,"Arias, Gabriel",R,74.915655083,29.012026453830423,8.7666770893818,1.8072393614718485,0.5000000000000001,3.5282215045520275,33.009612305723536,29.481390801171507,34.25340346378021,1574,Gabriel Arias,CLE,24,304,900,977,195,119,49,3,24,95,95,61,1,328,9,6,1,21,16,10,0.217,290,171,111,17,3718,1207,2511,24,7,2,0.062,0.336,0.19,0.272,0.358,0.629,0.141,0.309,0.017,0.19399999999999998,0.507,0.299,0.099,0.14,0.083,0.28600000000000003,0.275,-31.9,85,-29.3,4.3,29.9,5.2,13.3,1.3,$10.8,4.2,75,-3.41,-18.44,15.03,-41.86,-4.24,0.99,1.11,12,-3.96,0.51,0.45799999999999996,93.6,0.268,84.4,0.07400000000000001,89.5,0.08,80.0,0.10099999999999999,84.5,0.019,86.5,,,0.002,,-17.9,-11.9,2.5,-2.0,-1.5,-3.7,,-1.05,-1.2,0.9,-0.66,-0.41,-5.2,,0.40700000000000003,0.787,0.569,0.485,0.738,0.634,0.426,0.6629999999999999,0.20800000000000002,-0.2,0.303,,0.078,0.02,,0.15,0.264,0.068,0.015,0.002,0.10099999999999999,,,,93.7,,89.5,86.5,,93.8,84.4,79.1,83.2,47.9,84.4,,,-0.2,,0.9,-5.9,,-5.7,2.4,2.2,1.8,4.3,3.9,,,9.0,,5.0,2.0,,4.4,1.0,-5.1,-5.1,7.0,3.4,,,-16.5,,4.0,-2.8,,-2.7,-12.7,-1.7,-1.3,0.5,-4.5,,,-1.47,,1.39,-3.79,,-0.48,-1.3,-0.68,-2.29,7.63,-1.2,,,0.365,0.765,0.569,0.42100000000000004,0.733,0.635,0.51,18.7,9.5,-2.3,-0.2,23 - 25,-29.5,3.4,-0.8,0.377,0.375,0.249,0.166,0.484,0.35100000000000003,0.423,0.10300000000000001,,0.076,0.294,0.07200000000000001,0.017,,,0.16,0.278,,83.8,,79.8,93.8,89.7,85.7,,,93.9,84.5,,3.8,,2.2,-0.4,0.8,-5.7,,,-5.0,2.8,,2.1,,-6.9,8.2,4.2,0.7,,,3.2,-0.4,,-3.8,,-1.9,-17.1,2.1,-1.8,,,-3.7,-11.6,,-0.99,,-0.69,-1.57,0.8,-2.88,,,-0.62,-1.13,,0.366,0.763,0.569,0.41600000000000004,0.735,0.635,0.511,18.7,,89,75,148,87,88,87,106,0.99,122,77,115,91,108,103,105,93,109,90.4,5.2,59,0.102,114.4,250,0.43200000000000005,579,0.10400000000000001,0.312,0.219,0.392,0.292,1.0
621439,"Buxton, Byron",R,74.822236382,33.99187332487529,14.290833922042252,-7.883418285406617,0.5771055753262155,4.364177809136198,28.662507822998112,24.298330013861925,27.243454113941336,1686,Byron Buxton,MIN,30,313,1147,1277,291,145,65,11,70,208,181,96,8,356,22,12,0,6,40,2,0.254,264,392,147,50,4858,1716,3142,31,0,0,0.075,0.27899999999999997,0.27,0.32,0.513,0.833,0.259,0.302,0.0067,0.183,0.32899999999999996,0.488,0.128,0.179,0.11699999999999999,0.0,0.351,38.8,191,39.5,-0.8,39.0,-7.1,90.0,9.2,$73.8,7.4,127,4.66,-21.04,25.7,50.13,5.15,0.99,2.12,8,4.76,-0.05,0.47,94.2,0.23,84.9,0.076,88.8,0.075,80.1,0.11599999999999999,85.1,0.033,86.1,,,0.006999999999999999,,25.4,4.2,8.1,3.7,-1.4,2.5,,1.11,0.38,2.19,1.01,-0.25,1.55,,0.341,0.759,0.52,0.515,0.818,0.7040000000000001,0.42700000000000005,0.644,0.154,15.1,0.295,,0.08,0.031,,0.17,0.22899999999999998,0.06,0.016,,0.11800000000000001,,,,94.5,,89.2,86.4,,93.6,84.9,79.6,81.4,,85.0,,,-1.7,,0.5,-5.8,,-6.2,2.4,1.9,2.5,,-1.4,,,9.4,,4.4,2.2,,5.0,1.0,-5.0,-5.0,,3.7,,,15.0,,5.6,3.3,,10.2,8.4,0.9,-0.3,,-1.8,,,1.05,,1.44,2.16,,1.23,0.76,0.3,-0.43,,-0.32,,,0.303,0.7240000000000001,0.52,0.418,0.8170000000000001,0.7040000000000001,0.515,19.0,-7.9,5.3,4.1,29 - 31,54.5,4.3,2.7,0.513,0.313,0.174,0.149,0.47200000000000003,0.379,0.409,0.12,,0.071,0.294,0.075,0.027999999999999997,,,0.17300000000000001,0.239,,85.0,,80.0,94.4,89.4,86.0,,,93.8,84.9,,-1.3,,2.5,-1.4,0.9,-5.2,,,-6.1,2.9,,2.2,,-7.0,8.4,3.5,1.1,,,3.8,-0.3,,-1.0,,1.9,16.3,5.5,2.7,,,7.6,8.5,,-0.18,,0.57,1.14,1.52,1.99,,,0.91,0.73,,0.302,0.721,0.52,0.419,0.815,0.7040000000000001,0.519,19.0,,104,91,123,102,127,161,104,0.94,79,126,148,125,90,72,94,90,118,92.0,19.0,124,0.154,116.9,401,0.499,803,0.128,0.281,0.241,0.491,0.343,8.7
677951,"Witt Jr., Bobby",R,74.622154437,29.52755562248173,5.5819305607000285,-1.059301261827546,0.4819540648924536,0.818180002445663,28.892868935210217,28.07468893276453,24.80257030767251,2743,Bobby Witt Jr.,KCR,24,476,1900,2090,572,339,120,28,85,321,293,146,18,352,20,23,1,22,118,36,0.301,586,684,299,73,7820,2730,5090,53,3,2,0.07,0.168,0.41,0.353,0.528,0.881,0.227,0.328,0.0086,0.191,0.373,0.436,0.107,0.124,0.09,0.667,0.371,97.5,346,93.3,36.4,63.9,19.0,239.1,24.4,$195.3,7.6,138,7.92,-35.27,43.19,105.63,10.49,0.99,1.37,1,9.92,-1.92,0.467,94.3,0.255,85.2,0.094,89.1,0.075,80.3,0.08,84.8,0.027999999999999997,86.4,,,0.008,,30.3,19.2,14.7,13.2,13.5,11.1,,0.83,0.97,2.0,2.25,2.16,4.98,,0.348,0.7390000000000001,0.509,0.679,0.871,0.794,0.41200000000000003,0.62,0.105,19.5,0.321,,0.096,0.026000000000000002,0.0,0.142,0.259,0.059000000000000004,0.015,0.001,0.08199999999999999,,,,94.5,,89.5,86.6,82.9,93.7,85.1,79.6,82.6,51.5,84.7,,,-2.2,,0.8,-5.8,-6.1,-6.3,2.9,2.1,1.8,-1.6,0.1,,,9.2,,4.6,2.5,0.6,4.7,1.1,-5.3,-4.3,9.7,3.4,,,21.9,,12.6,8.7,-0.1,7.5,19.3,9.6,2.6,0.1,16.2,,,0.87,,1.68,4.22,-6.41,0.68,0.96,2.08,2.26,3.25,2.54,,,0.309,0.703,0.509,0.628,0.863,0.7929999999999999,0.508,19.1,55.5,5.1,7.1,23 - 25,112.8,6.9,3.0,0.359,0.358,0.282,0.14800000000000002,0.475,0.377,0.27899999999999997,0.08199999999999999,,0.065,0.317,0.094,0.025,,,0.145,0.272,,84.8,,80.1,94.6,89.8,86.2,,,93.9,85.2,,0.1,,2.2,-2.0,1.1,-5.3,,,-5.9,3.5,,2.1,,-7.0,8.3,3.8,1.1,,,3.6,-0.3,,17.2,,9.4,16.9,8.0,8.0,,,11.6,27.7,,2.7,,1.85,0.68,1.08,4.13,,,1.02,1.31,,0.308,0.6990000000000001,0.509,0.631,0.86,0.7929999999999999,0.513,19.1,,124,85,74,113,131,142,113,0.97,90,112,104,87,103,117,93,91,118,92.2,15.3,201,0.128,117.5,746,0.475,1572,0.14300000000000002,0.247,0.294,0.542,0.38,23.9
696100,"Goodman, Hunter",R,74.619944309,24.845713938044646,12.23009206362874,-7.557739960869777,0.6312419974391804,11.293751477531677,39.51336404567406,28.2196125681424,29.47128008986416,1562,Hunter Goodman,COL,24,237,821,880,204,110,41,8,45,103,144,46,0,240,7,6,0,23,3,3,0.248,229,254,104,33,3273,1085,2188,22,0,0,0.052000000000000005,0.273,0.19,0.292,0.482,0.774,0.234,0.293,0.009000000000000001,0.177,0.39,0.433,0.13,0.177,0.096,0.0,0.329,11.7,116,-3.1,-6.7,26.8,0.7,18.0,1.8,$14.7,3.9,97,0.04,-16.56,16.6,2.72,0.19,0.97,1.97,18,-0.56,0.6,0.445,94.3,0.28600000000000003,85.1,0.07,89.7,0.08800000000000001,80.3,0.084,85.6,0.026000000000000002,85.9,0.001,75.7,0.001,,5.0,0.2,-4.6,-1.6,8.5,-1.5,0.0,0.34,0.02,-2.02,-0.57,3.1,-1.81,-1.12,0.408,0.765,0.552,0.53,0.8340000000000001,0.7,0.40299999999999997,0.648,0.165,-2.2,0.298,,0.075,0.021,0.003,0.14300000000000002,0.27399999999999997,0.078,0.018000000000000002,0.001,0.087,,0.001,,94.6,,90.0,87.1,81.7,94.0,84.9,80.3,81.3,46.2,85.5,,75.9,-1.1,,0.6,-4.3,-5.3,-4.5,2.7,0.8,1.2,-1.5,1.6,,-3.2,8.2,,4.1,1.8,1.8,4.3,0.9,-4.5,-5.6,4.3,2.4,,-0.8,2.8,,-3.3,-1.5,0.4,0.1,0.2,-0.6,-0.9,-0.5,8.0,,0.0,0.29,,-1.38,-2.14,3.73,0.01,0.03,-0.24,-1.55,-17.07,2.8,,-1.12,0.368,0.738,0.551,0.43200000000000005,0.833,0.6970000000000001,0.494,18.9,-6.0,-1.7,0.0,23 - 25,-5.3,2.6,-0.2,0.47700000000000004,0.33899999999999997,0.184,0.157,0.433,0.41100000000000003,0.376,0.086,,0.085,0.29,0.073,0.024,0.001,,0.151,0.29,,85.5,,80.2,94.6,90.1,85.9,68.0,,94.1,85.1,,1.4,,0.7,-1.1,0.7,-4.1,-2.7,,-4.5,3.0,,1.5,,-6.2,7.7,3.7,0.7,-1.7,,3.5,-0.1,,7.9,,-2.9,4.8,-4.5,-1.1,-0.3,,-0.7,1.0,,2.81,,-1.06,0.51,-1.86,-1.46,-7.23,,-0.13,0.11,,0.36700000000000005,0.736,0.551,0.43200000000000005,0.83,0.698,0.499,18.9,-0.5,101,61,123,92,120,150,100,0.89,92,115,152,117,97,76,100,83,128,90.0,16.6,74,0.126,116.2,263,0.44799999999999995,587,0.11800000000000001,0.28300000000000003,0.233,0.445,0.309,1.7
572233,"Walker, Christian",R,74.609473474,30.017815870996987,8.783805162969465,-4.314934464543945,0.4882903981264635,2.570705054912497,31.208186687044957,28.637481632132456,27.00597559961328,2562,Christian Walker,- - -,33,441,1646,1853,409,234,86,3,86,230,275,157,8,437,29,20,0,35,15,3,0.248,460,558,211,66,7508,2800,4708,25,0,0,0.085,0.23600000000000002,0.36,0.321,0.461,0.782,0.213,0.283,0.008199999999999999,0.172,0.374,0.45399999999999996,0.11800000000000001,0.154,0.054000000000000006,0.0,0.335,31.3,252,28.2,24.9,56.7,-32.6,79.4,8.1,$64.4,3.6,112,1.86,-32.82,34.68,14.11,1.28,0.99,1.56,7,2.58,-0.69,0.498,94.2,0.235,85.1,0.069,89.6,0.085,80.0,0.092,84.8,0.02,85.7,0.002,77.3,0.005,,15.8,-0.6,0.7,7.5,3.4,-4.2,0.8,0.42,-0.03,0.14,1.17,0.5,-2.87,5.07,0.306,0.759,0.49700000000000005,0.556,0.846,0.742,0.42,0.597,0.128,-4.0,0.321,,0.073,0.019,0.001,0.174,0.233,0.071,0.015,0.0,0.091,,0.002,,94.4,,89.7,86.4,82.4,93.7,85.1,79.2,81.8,40.6,84.7,,77.4,-2.0,,0.8,-5.8,-2.8,-5.8,2.7,1.8,2.0,-1.7,0.7,,-4.0,9.2,,4.8,2.4,1.7,4.7,1.1,-5.2,-4.5,8.0,3.4,,-2.8,8.6,,-0.7,-3.5,0.1,5.2,1.0,4.8,1.3,0.2,2.9,,0.8,0.36,,-0.12,-2.44,1.51,0.4,0.06,0.91,1.15,7.14,0.43,,5.21,0.266,0.7120000000000001,0.496,0.462,0.84,0.742,0.517,19.9,-7.8,-1.3,1.8,32 - 34,24.2,6.2,-1.0,0.423,0.34700000000000003,0.22899999999999998,0.172,0.46399999999999997,0.364,0.36700000000000005,0.091,,0.08,0.316,0.076,0.02,0.002,,0.174,0.24,,84.7,,79.6,94.4,90.0,86.0,77.0,,93.8,85.0,,0.6,,2.0,-1.7,0.9,-5.1,-3.7,,-5.6,3.3,,2.0,,-7.0,8.2,3.9,1.0,-3.5,,3.5,-0.2,,4.5,,3.6,7.3,-3.0,-4.4,1.0,,4.9,6.5,,0.66,,0.6,0.31,-0.53,-2.86,6.73,,0.38,0.36,,0.267,0.7070000000000001,0.496,0.466,0.836,0.74,0.52,19.9,,101,100,105,101,113,131,96,0.87,88,120,125,103,100,95,110,89,113,89.9,16.4,153,0.124,114.3,547,0.445,1230,0.131,0.259,0.241,0.457,0.335,8.4
671218,"Ramos, Heliot",R,74.558654156,32.09816803669341,7.118602945301782,2.271508643867979,0.4710462287104622,2.365659382446025,27.183421471704197,24.817762089258157,27.864742080358702,2055,Heliot Ramos,SFG,24,303,1151,1273,297,198,51,4,44,144,143,93,4,313,19,10,0,29,12,5,0.258,372,318,156,23,4914,1733,3181,34,2,1,0.073,0.24600000000000002,0.3,0.321,0.424,0.745,0.166,0.315,0.011699999999999999,0.184,0.44,0.376,0.07200000000000001,0.138,0.091,0.5,0.323,11.1,161,13.5,-10.8,38.7,-10.3,31.6,3.3,$26.1,3.7,109,0.6,-23.21,23.81,6.92,0.75,1.04,1.4,9,0.08,0.5,0.52,94.1,0.24100000000000002,85.0,0.061,89.0,0.08,80.3,0.078,85.0,0.019,86.8,,,0.004,,7.3,3.8,-5.1,-0.3,4.2,-2.8,,0.29,0.32,-1.69,-0.07,1.1,-2.99,,0.33299999999999996,0.706,0.489,0.5760000000000001,0.8740000000000001,0.7559999999999999,0.42,0.614,0.11900000000000001,-3.3,0.342,,0.068,0.013999999999999999,0.001,0.17600000000000002,0.235,0.066,0.016,0.0,0.081,0.0,,,94.3,,89.2,87.2,82.1,93.6,85.0,79.7,81.7,45.8,85.0,81.7,,-1.4,,0.5,-4.8,-6.7,-5.8,2.2,1.9,1.6,-2.7,3.6,-4.9,,9.3,,4.9,2.3,1.5,4.9,1.1,-5.3,-4.3,6.6,3.0,-1.8,,-3.7,,-3.4,-1.4,-0.1,8.1,-0.5,-1.4,1.8,-0.2,2.9,-0.2,,-0.22,,-1.03,-2.1,-1.01,0.93,-0.04,-0.45,2.31,-21.71,0.74,-8.77,,0.294,0.679,0.489,0.51,0.86,0.7559999999999999,0.507,18.2,-21.1,-1.8,-1.5,23 - 25,10.3,3.8,-0.1,0.337,0.392,0.271,0.149,0.521,0.331,0.353,0.08199999999999999,,0.076,0.33299999999999996,0.07,0.013000000000000001,,0.0,0.179,0.24600000000000002,0.0,84.9,,80.2,94.5,90.0,86.2,,81.8,93.8,85.0,87.9,3.2,,1.8,-1.3,0.5,-4.5,,-4.3,-5.6,2.5,0.0,1.5,,-7.0,8.3,4.1,0.9,,-3.2,3.7,-0.2,0.0,2.7,,-1.0,-7.8,-3.8,-1.4,,-0.2,10.6,3.2,0.0,0.67,,-0.26,-0.48,-1.1,-2.14,,-8.77,1.22,0.27,3.5,0.295,0.675,0.489,0.513,0.8590000000000001,0.757,0.511,18.2,,104,87,111,101,105,106,107,0.93,103,100,118,83,111,112,94,100,103,91.6,11.1,96,0.113,116.0,400,0.47200000000000003,848,0.158,0.27699999999999997,0.241,0.442,0.325,3.2
665742,"Soto, Juan",L,74.534911945,27.434523912031167,11.150103795857456,3.3814075448488854,0.622064687638458,-0.8246083962955779,24.344850143099094,25.16945853939468,30.016871930203955,2257,Juan Soto,- - -,25,479,1721,2136,474,266,83,6,119,345,323,388,26,385,9,15,2,45,57,13,0.275,622,478,240,41,8848,3884,4964,30,13,8,0.182,0.18,1.01,0.408,0.538,0.946,0.263,0.288,0.013000000000000001,0.179,0.46399999999999997,0.35700000000000004,0.086,0.249,0.048,0.615,0.402,152.9,407,160.5,-8.7,65.3,-22.3,199.0,20.3,$162.2,4.8,164,14.69,-30.4,45.09,173.4,18.03,0.94,3.21,3,19.02,-3.41,0.436,94.1,0.217,84.6,0.084,89.6,0.096,80.4,0.127,86.5,0.040999999999999995,86.9,,,0.012,,69.7,24.1,22.7,13.7,20.1,6.9,,1.81,1.26,3.07,1.62,1.79,1.91,,0.198,0.5920000000000001,0.359,0.662,0.878,0.8079999999999999,0.409,0.5489999999999999,0.069,-2.0,0.262,,0.08900000000000001,0.043,0.0,0.171,0.21,0.078,0.023,0.0,0.125,,,,94.6,,89.7,87.0,82.4,93.4,84.6,79.8,81.9,59.3,86.5,,,-2.2,,0.6,-7.0,-3.9,-0.8,0.0,2.8,2.4,-5.5,-6.8,,,9.4,,4.8,2.3,1.0,4.4,1.2,-5.5,-5.4,10.9,2.9,,,44.2,,19.5,8.1,-0.2,20.0,25.6,7.5,5.7,0.5,19.5,,,1.92,,2.49,2.14,-9.16,1.32,1.38,1.1,2.8,15.55,1.77,,,0.17300000000000001,0.5589999999999999,0.36,0.596,0.8740000000000001,0.805,0.484,19.4,-31.0,1.3,-6.9,24 - 26,158.5,6.2,0.6,0.42100000000000004,0.377,0.203,0.141,0.43,0.429,0.418,0.131,0.0,0.09300000000000001,0.254,0.08800000000000001,0.037000000000000005,,,0.17300000000000001,0.222,0.0,86.6,79.1,80.4,94.6,90.3,86.7,,,93.6,84.6,83.4,-6.5,5.8,3.2,-2.0,0.7,-6.3,,,-0.7,0.0,0.0,1.5,-10.8,-7.4,8.3,4.0,1.0,,,3.2,-0.2,0.0,21.1,-0.3,15.0,42.9,17.5,6.6,,,18.9,27.3,0.1,1.83,-8.4,1.84,1.92,2.26,2.03,,,1.24,1.4,4.72,0.171,0.561,0.36,0.59,0.8740000000000001,0.805,0.484,19.4,,112,214,81,129,133,166,99,0.9,110,94,211,103,108,84,89,82,134,93.7,9.8,230,0.17,115.7,755,0.5579999999999999,1354,0.2,0.26899999999999996,0.293,0.601,0.433,20.0
662139,"Varsho, Daulton",L,74.406797609,31.091466334166377,12.223643813537032,-3.758795951196393,0.570388349514563,-1.8315951237419648,28.26123127859595,30.092826402337906,26.624595668441646,1648,Daulton Varsho,TOR,27,365,1234,1365,273,146,57,12,58,181,174,110,2,349,9,9,2,8,28,9,0.221,273,439,153,75,5351,1900,3451,21,31,17,0.081,0.256,0.32,0.288,0.428,0.716,0.207,0.257,0.0062,0.177,0.316,0.508,0.171,0.132,0.077,0.5479999999999999,0.307,-7.9,155,-4.4,28.9,41.8,-3.7,71.2,7.3,$58.1,6.1,97,-0.19,-24.36,24.16,-1.58,-0.33,0.98,1.15,10,-1.21,1.02,0.48200000000000004,94.0,0.172,84.4,0.10300000000000001,89.2,0.08900000000000001,80.0,0.126,86.1,0.027999999999999997,86.4,0.001,75.4,0.004,,-7.2,-5.7,-4.7,6.3,5.8,3.6,-0.5,-0.28,-0.63,-0.85,1.33,0.86,2.37,-9.39,0.317,0.728,0.496,0.636,0.835,0.763,0.436,0.61,0.11800000000000001,4.2,0.354,,0.109,0.031,0.0,0.121,0.172,0.069,0.02,0.001,0.12300000000000001,,0.001,,94.4,,89.5,86.2,81.1,92.9,84.4,79.3,81.6,52.5,86.1,,75.5,-3.4,,0.5,-6.1,-7.2,-1.1,1.4,2.7,4.5,-0.2,-8.3,,-4.7,9.4,,4.8,1.8,7.2,4.4,1.0,-5.3,-6.0,7.1,3.1,,-4.5,-2.1,,-3.7,0.3,0.0,-6.1,-5.7,3.3,1.4,-0.3,8.0,,-0.5,-0.11,,-0.64,0.21,4.6,-0.95,-0.62,0.9,1.33,-9.48,1.21,,-9.5,0.27899999999999997,0.6920000000000001,0.496,0.5670000000000001,0.8340000000000001,0.763,0.526,18.8,25.3,-0.2,4.5,26 - 28,-0.2,4.3,3.7,0.507,0.267,0.22699999999999998,0.20199999999999999,0.489,0.309,0.379,0.128,0.001,0.081,0.34700000000000003,0.113,0.025,0.001,,0.12,0.18600000000000003,,86.0,78.0,80.0,94.4,89.8,85.6,75.8,,93.2,84.4,,-8.1,4.1,4.0,-3.1,0.7,-5.3,-3.6,,-1.4,1.5,,1.7,-9.7,-7.5,8.4,4.1,0.7,-6.3,,3.2,-0.4,,8.2,-0.2,4.9,-1.1,-4.0,1.3,-0.5,,-5.9,-8.0,,1.21,-6.8,1.13,-0.06,-0.67,0.97,-9.5,,-0.92,-0.81,,0.276,0.6940000000000001,0.496,0.575,0.831,0.763,0.526,18.8,,91,98,112,92,106,129,88,0.9,76,131,110,123,77,94,128,94,97,87.6,22.6,77,0.086,113.9,324,0.361,897,0.145,0.263,0.213,0.391,0.293,7.8
547180,"Harper, Bryce",L,74.353663932,35.87323772792942,11.5880750916322,-1.3371184374154546,0.4521973785659214,9.100990026225206,32.31789963131886,23.21690960509365,29.130090695887983,2594,Bryce Harper,PHI,31,403,1508,1757,422,240,103,1,78,241,234,226,25,378,13,9,1,33,30,9,0.28,473,413,247,19,6670,2534,4136,24,7,3,0.129,0.215,0.6,0.376,0.505,0.881,0.225,0.324,0.0115,0.218,0.41700000000000004,0.365,0.046,0.18899999999999997,0.051,0.429,0.375,88.0,297,82.4,9.0,53.7,-33.0,117.9,12.0,$96.1,3.5,139,7.55,-27.37,34.92,77.54,7.61,0.97,5.04,1,7.43,0.35,0.433,94.2,0.23600000000000002,84.6,0.061,89.4,0.122,80.3,0.11,86.4,0.035,86.6,0.003,79.3,0.015,,38.0,4.6,8.0,7.2,19.1,5.1,-1.0,1.32,0.29,1.98,0.88,2.6,2.17,-5.76,0.371,0.804,0.527,0.555,0.853,0.7190000000000001,0.36200000000000004,0.614,0.14800000000000002,0.6,0.298,,0.066,0.034,0.001,0.131,0.22399999999999998,0.10800000000000001,0.024,0.0,0.11,0.0,0.003,,94.7,,89.6,86.9,83.3,93.2,84.7,79.8,81.9,36.4,86.3,81.4,78.6,-1.9,,0.2,-6.0,-5.9,0.7,-0.4,2.6,1.6,1.0,-6.3,-3.8,-2.0,9.1,,4.5,2.2,0.7,4.5,1.1,-4.8,-4.9,5.5,3.1,-1.2,-0.7,23.4,,11.5,2.4,1.1,10.5,2.9,2.5,0.7,0.4,20.5,0.5,-1.2,1.18,,2.63,1.07,11.67,1.21,0.19,0.35,0.44,35.19,2.81,51.06,-6.81,0.34600000000000003,0.772,0.527,0.511,0.843,0.7170000000000001,0.425,19.1,-24.0,-1.1,-2.9,30 - 32,82.9,5.3,-1.2,0.36700000000000005,0.35,0.28300000000000003,0.131,0.47700000000000004,0.392,0.38799999999999996,0.11,0.001,0.11900000000000001,0.298,0.064,0.034,0.003,0.0,0.13,0.24,,86.4,80.3,80.0,94.7,89.9,86.4,77.7,81.4,93.2,84.6,,-6.1,4.3,2.9,-1.7,0.4,-5.4,-1.9,-3.7,0.4,-0.5,,1.8,-9.9,-6.7,8.2,3.8,0.7,-2.2,-2.5,3.3,-0.3,,19.6,-0.1,8.0,25.4,7.8,5.9,-1.2,0.5,7.4,4.7,,2.67,-2.25,1.01,1.28,1.82,2.62,-6.27,51.06,0.85,0.29,,0.349,0.764,0.527,0.508,0.847,0.7190000000000001,0.429,19.1,,113,151,97,118,124,141,110,1.09,98,98,157,90,100,116,83,92,122,91.3,11.5,142,0.125,115.7,540,0.474,1140,0.092,0.24,0.27,0.5,0.373,11.4
671739,"Harris II, Michael",L,74.317814855,30.18555605306051,6.681663117480789,-0.9665801742656396,0.4893617021276594,0.2875712785925094,31.070558351664715,30.7829870730722,29.50413221834588,2303,Michael Harris II,ATL,23,408,1556,1650,416,277,73,12,54,189,191,64,3,323,12,13,5,21,50,16,0.267,603,388,249,26,5818,1750,4068,32,11,4,0.039,0.196,0.2,0.299,0.434,0.733,0.166,0.304,0.0155,0.201,0.486,0.313,0.067,0.139,0.053,0.364,0.314,-0.2,196,-3.0,7.7,50.5,6.1,71.9,7.3,$58.2,5.6,98,-1.55,-29.34,27.79,-24.83,-2.58,0.97,1.42,3,-1.48,-0.13,0.495,93.9,0.18100000000000002,84.7,0.075,89.8,0.091,80.5,0.121,86.6,0.037000000000000005,86.4,0.001,79.0,0.003,,-15.8,11.3,6.2,9.9,-7.0,0.7,0.5,-0.55,1.07,1.42,1.86,-0.99,0.34,17.91,0.436,0.698,0.5479999999999999,0.653,0.8740000000000001,0.773,0.42700000000000005,0.65,0.124,5.7,0.324,,0.077,0.035,0.001,0.17,0.174,0.075,0.023,0.002,0.11900000000000001,0.001,0.001,,94.2,,89.8,86.6,82.7,93.6,84.7,79.7,82.0,45.6,86.5,81.2,79.2,-2.5,,0.5,-6.3,-5.9,-0.9,0.3,3.1,3.8,-1.1,-6.4,-4.9,-1.8,8.9,,4.8,2.3,0.1,4.3,1.3,-5.3,-4.8,6.6,3.0,-1.0,-1.4,-3.3,,4.8,-0.7,0.2,-16.5,10.1,9.5,0.2,0.9,-6.7,0.8,0.5,-0.17,,1.07,-0.36,2.55,-1.66,1.0,2.19,0.13,8.58,-0.97,20.39,18.19,0.40299999999999997,0.684,0.5479999999999999,0.589,0.873,0.772,0.515,18.4,13.8,0.8,3.1,22 - 24,2.7,4.9,1.1,0.387,0.373,0.24100000000000002,0.17300000000000001,0.47600000000000003,0.35,0.267,0.122,,0.087,0.312,0.08,0.035,0.001,0.001,0.172,0.18899999999999997,0.001,86.1,,80.2,94.4,90.1,86.3,79.5,81.3,93.6,84.7,89.8,-6.2,,4.1,-2.4,0.8,-5.4,-1.7,-4.7,-0.9,0.2,0.0,1.7,,-7.1,8.0,4.2,1.1,-2.6,-2.7,3.2,-0.1,0.0,-3.2,,10.9,-5.3,5.8,-3.0,0.5,0.8,-15.2,8.0,0.0,-0.45,,2.16,-0.3,1.26,-1.46,18.19,20.39,-1.52,0.73,-0.88,0.40399999999999997,0.684,0.5479999999999999,0.59,0.873,0.772,0.516,18.4,,108,45,88,94,106,104,103,1.01,114,84,115,95,106,99,110,92,109,90.5,7.5,121,0.09699999999999999,114.7,576,0.46,1251,0.149,0.273,0.281,0.465,0.337,7.6
677800,"Abreu, Wilyer",L,74.313461681,31.639222628281967,10.517174907010348,-2.113791408951374,0.5582524271844658,1.0710255663501016,31.56450365167172,30.493478085321623,26.834769949523533,1648,Wilyer Abreu,BOS,25,275,848,949,217,120,56,2,39,122,141,89,5,249,3,8,1,15,17,7,0.256,201,297,109,31,3768,1341,2427,10,1,0,0.094,0.262,0.36,0.326,0.465,0.791,0.209,0.313,0.0068000000000000005,0.18,0.331,0.489,0.10400000000000001,0.131,0.05,0.0,0.338,20.1,132,16.7,21.0,28.9,-10.1,59.6,6.1,$48.9,4.1,115,-1.18,-17.92,16.74,7.68,0.77,0.99,1.57,40,0.55,-1.74,0.531,94.1,0.142,84.3,0.078,89.9,0.08900000000000001,80.1,0.114,86.8,0.044000000000000004,86.0,0.001,78.2,0.005,,6.3,-2.5,1.5,1.2,9.7,-0.9,0.6,0.32,-0.47,0.51,0.35,2.26,-0.53,12.67,0.316,0.722,0.49200000000000005,0.614,0.8340000000000001,0.754,0.435,0.613,0.121,-0.1,0.39899999999999997,,0.07400000000000001,0.043,0.001,0.126,0.147,0.07400000000000001,0.016,0.003,0.115,0.001,0.001,,94.6,,90.2,86.1,82.3,93.4,84.4,79.3,82.9,58.0,86.8,80.5,78.1,-4.0,,0.3,-7.0,-7.5,-2.9,1.1,4.3,4.0,-4.4,-8.4,-5.6,-2.0,9.4,,5.7,2.2,0.2,4.3,1.1,-5.7,-5.9,7.2,3.1,-2.1,-0.1,0.9,,1.3,-1.7,-0.1,3.4,-3.2,1.0,1.2,0.3,10.1,-0.1,0.6,0.06,,0.47,-1.06,-6.14,0.72,-0.57,0.36,2.06,2.33,2.33,-3.6,12.89,0.27699999999999997,0.6920000000000001,0.49200000000000005,0.564,0.825,0.754,0.519,18.8,10.9,-1.0,-1.0,24 - 26,16.7,3.2,0.4,0.447,0.299,0.253,0.155,0.49,0.355,0.397,0.11800000000000001,0.0,0.083,0.397,0.08199999999999999,0.042,0.001,0.001,0.125,0.152,,86.2,76.5,80.0,94.7,90.5,86.1,78.1,80.4,93.3,84.3,,-8.0,4.1,4.7,-3.8,0.5,-6.6,-1.9,-5.4,-2.8,1.4,,1.6,-10.4,-7.6,8.4,4.7,0.8,-1.3,-3.6,3.0,-0.4,,11.6,0.0,2.4,-1.1,1.7,-2.5,0.6,-0.1,4.5,-2.3,,2.63,-3.94,0.77,-0.08,0.55,-1.61,12.89,-3.6,0.95,-0.41,,0.28,0.6859999999999999,0.49200000000000005,0.565,0.8240000000000001,0.754,0.523,18.8,,106,114,116,105,116,132,109,0.92,80,125,111,109,86,105,97,94,112,91.2,20.3,69,0.113,114.4,290,0.47700000000000004,608,0.15,0.271,0.238,0.456,0.332,5.7
621043,"Correa, Carlos",R,74.197019877,32.3877444584679,7.7307118252732785,-1.619347321778126,0.4374999999999999,2.5773989428884634,28.150303327587636,25.572904384699164,29.1251680151974,1792,Carlos Correa,- - -,29,365,1370,1531,365,238,78,4,45,178,171,144,7,305,8,8,0,54,0,0,0.266,495,349,229,37,5946,2167,3779,31,0,0,0.094,0.19899999999999998,0.47,0.338,0.428,0.766,0.161,0.311,0.014199999999999999,0.213,0.461,0.325,0.106,0.129,0.063,0.0,0.332,21.8,204,23.0,0.7,46.9,14.2,83.5,8.5,$68.3,2.1,113,-1.98,-28.87,26.89,-1.57,-0.05,1.03,3.31,2,1.49,-3.42,0.488,94.3,0.254,85.0,0.076,89.1,0.067,80.6,0.09,85.5,0.026000000000000002,86.0,,,0.004,,-0.7,5.0,-6.1,1.9,6.6,2.4,,-0.02,0.33,-1.36,0.47,1.24,1.61,,0.302,0.659,0.449,0.665,0.877,0.7929999999999999,0.41200000000000003,0.622,0.09300000000000001,-6.4,0.276,,0.081,0.022000000000000002,0.001,0.20600000000000002,0.255,0.054000000000000006,0.013000000000000001,,0.092,,,,94.4,,89.7,86.5,80.9,94.2,85.0,80.0,81.2,,85.5,,,-1.8,,0.8,-5.8,-5.2,-6.6,2.6,1.6,2.1,,0.3,,,9.4,,4.7,2.8,1.3,5.0,1.1,-4.7,-5.0,,3.6,,,3.5,,-6.7,2.3,0.3,-6.3,4.3,-0.3,2.2,,5.3,,,0.21,,-1.39,1.74,6.05,-0.51,0.28,-0.11,2.73,,0.97,,,0.261,0.638,0.449,0.605,0.871,0.7929999999999999,0.498,18.9,14.9,-2.8,-0.5,28 - 30,16.5,5.2,-5.0,0.379,0.348,0.273,0.16699999999999998,0.483,0.35,0.32299999999999995,0.092,,0.059000000000000004,0.272,0.081,0.022000000000000002,,,0.21,0.264,0.0,85.4,,80.4,94.3,89.8,86.1,,,94.2,84.9,76.9,0.4,,1.7,-1.7,1.1,-5.5,,,-6.2,3.1,0.0,2.1,,-6.9,8.4,3.7,1.4,,,3.8,-0.3,0.0,5.8,,1.3,2.9,-5.1,1.8,,,-6.5,4.6,0.0,1.06,,0.37,0.18,-1.06,1.39,,,-0.52,0.3,-3.94,0.263,0.636,0.449,0.601,0.872,0.7929999999999999,0.499,18.9,,109,114,87,108,106,100,107,1.09,111,84,107,92,100,113,106,93,109,90.4,8.9,90,0.084,114.2,489,0.455,1074,0.18600000000000003,0.27899999999999997,0.265,0.437,0.339,8.2
680776,"Duran, Jarren",L,74.117309242,28.283737277529696,4.733016080243658,1.6237447540323589,0.4018961253091508,1.2924573363614595,29.24485398229508,27.95239664593361,30.637355611758345,2426,Jarren Duran,BOS,27,419,1623,1793,448,251,123,29,45,243,199,138,3,419,21,8,2,15,82,15,0.276,526,436,243,35,6876,2448,4428,38,9,2,0.077,0.23399999999999999,0.33,0.339,0.471,0.81,0.195,0.345,0.0121,0.20199999999999999,0.43700000000000006,0.36200000000000004,0.08,0.10300000000000001,0.07200000000000001,0.222,0.348,50.6,263,44.5,9.1,54.7,-7.5,129.5,13.2,$106.0,7.8,121,4.43,-29.85,34.27,65.48,6.49,0.97,1.21,21,5.45,-0.9,0.505,94.0,0.182,84.6,0.08,89.4,0.087,80.3,0.10400000000000001,86.8,0.040999999999999995,86.1,0.001,75.2,0.004,,26.8,-2.2,9.4,9.1,6.3,13.0,1.3,0.77,-0.18,1.71,1.51,0.87,4.61,25.19,0.332,0.6920000000000001,0.484,0.5770000000000001,0.89,0.7659999999999999,0.42200000000000004,0.596,0.113,22.7,0.37200000000000005,,0.08199999999999999,0.040999999999999995,0.001,0.126,0.182,0.076,0.015,0.002,0.10400000000000001,0.0,0.001,,94.3,,90.0,86.1,82.3,93.3,84.7,79.4,83.2,50.0,86.8,81.7,75.5,-2.4,,0.3,-6.8,-6.6,-0.4,0.0,3.2,2.4,-4.0,-8.0,-4.6,-3.2,9.3,,5.4,1.8,-1.0,4.1,1.2,-5.7,-5.8,8.9,3.1,-1.9,0.4,17.2,,6.2,9.1,2.1,8.4,-3.3,5.7,4.3,1.3,7.1,-0.2,1.5,0.67,,1.11,3.23,35.69,0.97,-0.27,1.09,4.25,11.95,1.0,-22.28,38.63,0.307,0.655,0.484,0.514,0.88,0.7659999999999999,0.508,18.7,1.6,7.3,3.4,26 - 28,67.2,6.0,2.0,0.344,0.373,0.28300000000000003,0.155,0.505,0.34,0.336,0.10800000000000001,,0.081,0.36700000000000005,0.09,0.036000000000000004,0.001,0.0,0.128,0.18899999999999997,,86.6,,80.1,94.3,90.2,85.9,75.2,81.5,93.3,84.6,,-7.8,,3.6,-2.3,0.5,-6.1,-1.6,-4.6,-0.3,0.0,,1.6,,-7.7,8.3,4.4,0.6,-0.3,-3.4,2.9,-0.3,,9.6,,10.7,16.1,4.6,10.0,1.3,-0.2,7.0,0.1,,1.3,,1.94,0.64,0.75,3.98,25.18,-22.28,0.8,0.01,,0.305,0.653,0.484,0.513,0.877,0.765,0.514,18.7,,114,94,103,109,117,122,120,1.03,105,93,87,84,107,117,97,97,107,91.0,10.7,105,0.086,117.7,552,0.45399999999999996,1215,0.159,0.272,0.259,0.429,0.331,11.9
669127,"Langeliers, Shea",R,74.083651111,29.85418654221475,11.964304376650974,-4.356268762353689,0.6273946360153256,8.819646547421208,35.65658804449971,26.8369414970785,29.66496249245263,2088,Shea Langeliers,OAK,26,395,1411,1547,333,176,69,6,82,183,215,111,5,391,11,13,1,35,14,5,0.236,381,468,184,68,5843,2040,3803,27,1,0,0.07200000000000001,0.253,0.28,0.294,0.468,0.762,0.232,0.264,0.008100000000000001,0.17800000000000002,0.369,0.45299999999999996,0.145,0.175,0.071,0.0,0.324,12.3,196,17.5,-26.9,47.3,23.4,64.3,6.6,$52.6,4.0,110,-0.33,-29.81,29.48,-1.04,-0.16,1.03,1.89,19,0.03,-0.35,0.48700000000000004,93.9,0.244,84.7,0.067,89.1,0.084,80.4,0.094,85.1,0.024,85.6,,,0.004,,-4.6,1.1,1.4,-1.4,2.7,4.4,,-0.16,0.08,0.36,-0.29,0.49,3.13,,0.35600000000000004,0.7190000000000001,0.507,0.584,0.836,0.732,0.415,0.632,0.136,-2.0,0.341,,0.066,0.022000000000000002,0.0,0.142,0.244,0.066,0.021,0.002,0.095,,0.0,,94.2,,89.2,85.4,83.8,93.8,84.7,79.5,83.0,50.6,85.0,,55.3,-2.1,,0.6,-4.3,-2.9,-5.8,2.7,1.1,2.6,-3.6,1.5,,1.2,9.4,,5.1,1.9,-1.2,4.6,1.2,-5.1,-6.0,8.7,3.4,,-2.1,-11.2,,3.3,3.5,-0.2,2.4,-2.9,-1.7,1.5,1.7,3.9,,0.0,-0.57,,0.85,2.69,-18.08,0.29,-0.2,-0.45,1.22,14.24,0.69,,2.42,0.31,0.6920000000000001,0.507,0.519,0.82,0.731,0.516,18.7,-3.6,-1.4,-3.2,25 - 27,15.5,5.1,-1.1,0.456,0.34,0.204,0.17600000000000002,0.45899999999999996,0.365,0.37799999999999995,0.095,,0.08,0.335,0.068,0.022000000000000002,,,0.146,0.253,,85.1,,80.5,94.1,89.7,85.6,,,94.0,84.8,,1.6,,2.1,-1.8,0.8,-3.8,,,-5.4,3.1,,2.0,,-7.3,8.3,4.0,0.3,,,3.4,-0.3,,4.1,,-1.1,-9.2,1.5,2.3,,,4.7,-0.7,,0.75,,-0.23,-0.47,0.39,1.76,,,0.55,-0.05,,0.309,0.688,0.507,0.52,0.821,0.7340000000000001,0.523,18.7,-24.9,97,87,111,94,116,145,91,0.91,89,117,146,111,98,85,111,88,114,90.9,17.3,127,0.12300000000000001,114.5,459,0.444,1034,0.14400000000000002,0.28,0.233,0.451,0.318,6.5
682998,"Carroll, Corbin",L,74.039760663,24.58631779034098,8.306113360225522,-1.2710051058483065,0.585426101276245,5.813687243739951,35.75076132976452,29.937074086024552,29.251295298409985,2429,Corbin Carroll,ARI,23,456,1718,1971,443,240,84,41,78,344,234,197,5,408,30,17,9,16,121,19,0.258,542,533,244,80,7580,2862,4718,39,17,4,0.1,0.207,0.48,0.341,0.491,0.832,0.233,0.292,0.0102,0.185,0.41100000000000003,0.40399999999999997,0.15,0.146,0.07200000000000001,0.235,0.355,66.3,301,61.5,11.6,60.3,-13.3,159.5,16.2,$129.8,8.9,126,10.77,-31.51,42.28,86.8,8.56,1.0,1.9,13,6.98,3.77,0.479,94.0,0.21100000000000002,84.5,0.08199999999999999,89.9,0.094,80.1,0.098,86.3,0.033,86.8,0.003,77.7,0.003,,43.4,5.2,-0.2,14.0,6.2,7.7,-0.5,1.2,0.32,-0.03,1.97,0.84,3.1,-2.09,0.31,0.654,0.45,0.6970000000000001,0.866,0.797,0.40700000000000003,0.5770000000000001,0.091,33.6,0.33,,0.083,0.031,0.003,0.14800000000000002,0.207,0.08199999999999999,0.017,0.0,0.095,0.0,0.003,,94.4,,90.0,87.1,84.1,93.2,84.5,79.6,81.4,50.6,86.2,81.4,77.7,-2.6,,0.4,-6.3,-5.2,0.2,0.6,2.7,3.6,-0.7,-6.3,-7.2,-3.8,9.1,,4.9,2.0,0.7,4.3,1.1,-5.1,-4.6,8.1,3.2,-0.8,-1.6,25.0,,0.8,5.9,-0.4,13.3,5.4,8.5,3.4,0.5,6.7,1.3,-0.5,1.0,,0.13,2.51,-1.93,1.19,0.34,1.38,2.74,16.52,0.93,42.65,-2.1,0.282,0.624,0.45,0.637,0.872,0.797,0.491,18.6,-1.7,13.0,11.2,22 - 24,95.1,5.9,4.9,0.428,0.331,0.24100000000000002,0.171,0.48,0.35,0.34700000000000003,0.09699999999999999,0.0,0.08900000000000001,0.32799999999999996,0.085,0.032,0.003,0.0,0.147,0.21899999999999997,0.001,86.2,77.4,79.8,94.4,90.2,86.7,77.7,81.8,93.3,84.5,84.1,-6.2,7.0,3.6,-2.3,0.6,-5.6,-3.3,-6.8,0.2,0.5,0.0,1.8,-10.5,-6.9,8.1,4.0,0.5,-3.1,-2.7,3.1,-0.3,0.0,6.4,0.0,11.0,27.8,0.7,5.9,-0.4,1.3,9.2,7.1,-0.1,0.87,3.64,1.63,1.12,0.11,2.45,-2.03,42.65,0.83,0.43,-0.63,0.28,0.626,0.449,0.638,0.871,0.797,0.49,18.6,,104,118,93,107,120,146,99,0.93,96,108,121,105,95,99,108,92,109,90.4,13.0,128,0.096,115.8,583,0.436,1336,0.17,0.261,0.256,0.458,0.349,16.6
621566,"Olson, Matt",L,74.038146687,34.21152064661932,8.514962517448167,-0.2939362357025578,0.4661354581673307,2.599289654646246,33.24125175957668,30.641962104930432,30.163991819698104,3012,Matt Olson,ATL,30,486,1832,2129,490,267,105,6,112,303,332,266,15,513,17,14,0,42,2,0,0.267,507,562,264,41,9212,3592,5620,19,0,0,0.125,0.24100000000000002,0.52,0.363,0.515,0.878,0.247,0.31,0.009000000000000001,0.198,0.38,0.42200000000000004,0.073,0.19899999999999998,0.037000000000000005,0.0,0.373,103.9,357,100.1,11.0,65.1,-36.9,137.5,13.9,$111.3,2.6,139,7.89,-33.85,41.74,108.46,10.75,0.96,,0,9.56,-1.36,0.496,94.2,0.198,84.9,0.083,89.6,0.09,80.4,0.102,86.4,0.03,86.8,0.001,79.1,0.006999999999999999,,50.2,12.2,4.6,2.5,15.0,9.6,0.6,1.1,0.67,0.61,0.3,1.59,3.44,6.24,0.303,0.7140000000000001,0.47200000000000003,0.691,0.7979999999999999,0.757,0.41100000000000003,0.5770000000000001,0.115,-8.2,0.361,,0.081,0.027999999999999997,0.002,0.133,0.19699999999999998,0.077,0.02,0.0,0.10099999999999999,0.0,0.001,,94.5,,89.9,86.6,83.7,93.5,84.9,79.8,81.4,39.5,86.4,81.3,78.9,-2.7,,0.4,-5.7,-5.1,-0.6,1.1,2.6,3.0,0.0,-5.9,-5.8,-4.4,8.9,,4.8,2.3,0.4,4.2,1.1,-5.1,-5.0,7.9,3.1,-2.0,-2.4,33.6,,6.8,7.8,0.2,14.8,7.5,0.9,2.7,0.5,15.7,0.3,0.6,1.01,,0.9,3.03,1.07,1.21,0.42,0.13,1.52,24.61,1.69,16.98,6.34,0.263,0.6859999999999999,0.47200000000000003,0.645,0.8009999999999999,0.757,0.494,18.7,-25.8,-3.5,-1.6,29 - 31,91.9,6.3,0.6,0.381,0.355,0.264,0.126,0.478,0.396,0.419,0.102,,0.087,0.353,0.085,0.028999999999999998,0.001,0.0,0.134,0.20800000000000002,,86.4,,80.2,94.5,90.2,86.2,79.1,81.8,93.6,84.9,,-5.7,,3.3,-2.5,0.7,-5.1,-4.2,-5.2,-0.7,1.2,,1.7,,-7.0,8.0,4.0,1.1,-3.6,-3.4,3.2,-0.2,,16.9,,2.2,37.3,9.3,6.7,0.6,0.3,10.8,8.4,,1.81,,0.28,1.15,1.19,2.49,6.34,16.98,0.87,0.44,,0.264,0.6829999999999999,0.47100000000000003,0.642,0.802,0.757,0.495,18.7,,108,146,108,114,126,154,105,0.99,89,113,163,94,101,109,80,92,123,92.8,15.7,192,0.14400000000000002,118.6,694,0.521,1333,0.138,0.253,0.251,0.506,0.366,14.4
671732,"Butler, Lawrence",L,73.952008135,31.10938458132644,5.936520634256814,0.3543902239994271,0.4201723264064877,2.928404984688578,29.087549153160392,26.159144168471837,30.840111058328905,1973,Lawrence Butler,OAK,23,319,1104,1210,267,158,58,4,47,156,130,98,0,322,1,5,2,20,40,7,0.242,348,284,152,19,4837,1809,3028,21,5,1,0.081,0.266,0.3,0.303,0.429,0.732,0.188,0.297,0.0123,0.19399999999999998,0.444,0.36200000000000004,0.067,0.165,0.06,0.2,0.317,3.9,147,5.8,2.2,36.8,-7.7,48.1,5.0,$39.7,5.6,104,-1.37,-21.03,19.65,1.35,0.05,0.96,1.27,25,-0.09,-1.35,0.478,94.0,0.17600000000000002,84.7,0.061,90.0,0.077,80.6,0.158,86.6,0.049,86.8,0.001,78.2,0.001,,-8.0,9.1,1.9,7.1,-5.7,0.2,0.2,-0.35,1.07,0.65,1.9,-0.74,0.09,3.22,0.305,0.703,0.47200000000000003,0.5479999999999999,0.826,0.722,0.42100000000000004,0.581,0.131,6.8,0.34600000000000003,,0.066,0.047,,0.124,0.174,0.061,0.018000000000000002,0.002,0.159,,0.001,,94.4,,90.3,86.5,,93.7,84.7,79.7,83.3,54.7,86.6,,73.4,-3.5,,0.5,-6.8,,-2.5,1.2,4.1,4.4,-5.8,-8.4,,-0.3,9.1,,5.6,1.3,,4.2,1.2,-5.7,-5.7,8.1,2.9,,-2.5,-4.7,,3.9,-1.6,,-1.7,4.5,6.8,0.5,-1.1,-5.9,,-0.1,-0.28,,1.22,-0.69,,-0.28,0.54,2.3,0.63,-10.2,-0.77,,-1.35,0.28300000000000003,0.653,0.47200000000000003,0.484,0.82,0.721,0.512,18.0,-5.5,3.3,-0.3,22 - 24,12.6,4.2,-0.4,0.326,0.379,0.295,0.14800000000000002,0.508,0.34299999999999997,0.386,0.16399999999999998,,0.075,0.34600000000000003,0.069,0.042,0.001,,0.12300000000000001,0.179,,86.6,,80.6,94.3,90.6,86.6,78.5,,93.8,84.7,,-7.9,,4.6,-3.3,0.9,-6.3,-0.6,,-2.4,1.4,,1.2,,-7.6,8.0,4.6,0.5,-5.7,,2.9,-0.3,,-7.0,,6.6,-7.1,1.9,-1.1,0.2,,-0.5,8.2,,-0.89,,1.83,-0.42,0.58,-0.53,3.22,,-0.09,0.96,,0.28,0.6579999999999999,0.473,0.478,0.8190000000000001,0.72,0.51,18.0,,100,98,118,97,107,118,103,0.99,107,93,140,79,109,123,93,97,108,90.5,10.8,78,0.099,113.6,353,0.447,789,0.152,0.28300000000000003,0.239,0.428,0.317,4.9
661388,"Contreras, William",R,73.944180281,28.506908231277933,10.197017434374128,2.3423276439435825,0.6450019004180919,1.7064321072920086,30.640949453207828,28.934517345915825,27.84963774941209,2631,William Contreras,MIL,26,446,1701,1949,470,307,103,3,57,274,246,225,11,385,11,11,1,56,21,7,0.276,704,390,233,36,7659,2965,4694,64,1,0,0.115,0.198,0.58,0.362,0.441,0.803,0.165,0.325,0.0181,0.17600000000000002,0.531,0.294,0.092,0.146,0.091,0.0,0.349,56.2,288,55.5,16.7,59.6,17.0,147.1,15.0,$119.6,3.8,124,3.73,-33.92,37.65,62.57,6.28,0.99,1.87,6,5.64,-1.89,0.48200000000000004,94.0,0.245,84.9,0.07200000000000001,88.8,0.076,80.0,0.092,85.3,0.033,86.1,,,0.006,,20.5,9.2,-7.9,14.5,9.5,3.0,,0.56,0.49,-1.43,2.49,1.35,1.2,,0.287,0.698,0.457,0.613,0.836,0.754,0.414,0.603,0.11199999999999999,-7.5,0.294,,0.069,0.028999999999999998,0.002,0.18600000000000003,0.248,0.059000000000000004,0.019,0.001,0.094,0.0,0.0,,94.3,,89.1,86.0,82.1,93.6,84.9,79.5,81.5,50.3,85.3,81.7,57.0,-1.6,,0.9,-3.5,-3.5,-5.4,2.3,1.6,2.0,-1.9,0.2,-4.5,0.6,9.2,,4.7,2.2,1.0,4.7,1.1,-4.9,-5.2,7.0,3.5,-2.7,6.5,12.4,,-5.0,4.4,0.6,1.6,6.9,11.0,4.0,0.3,7.1,-0.2,0.1,0.55,,-0.95,1.98,4.95,0.11,0.37,2.44,2.76,5.78,0.99,-7.98,3.12,0.244,0.6659999999999999,0.457,0.534,0.833,0.754,0.505,18.4,33.7,-2.6,-0.3,25 - 27,48.0,5.8,-6.0,0.377,0.36700000000000005,0.256,0.145,0.48200000000000004,0.373,0.342,0.095,0.0,0.07,0.284,0.07400000000000001,0.027999999999999997,0.0,0.0,0.18899999999999997,0.259,0.0,85.2,59.8,79.7,94.3,89.5,85.3,59.1,81.5,93.6,84.9,88.6,0.2,2.9,1.6,-1.4,1.0,-3.0,5.8,-4.6,-5.3,2.9,1.2,2.1,-4.0,-7.0,8.2,3.9,1.0,4.3,-4.3,3.6,-0.3,1.9,6.7,0.1,12.4,13.3,-3.6,4.2,0.0,-0.2,3.2,7.6,-0.1,0.92,4.92,2.32,0.61,-0.64,1.94,3.81,-7.98,0.22,0.38,-4.51,0.245,0.6629999999999999,0.457,0.532,0.8320000000000001,0.753,0.508,18.4,15.0,111,136,89,114,108,103,110,0.88,124,79,121,93,105,105,92,93,116,91.8,5.9,114,0.086,118.1,649,0.489,1328,0.156,0.268,0.256,0.438,0.342,14.8
606466,"Marte, Ketel",R,73.941932885,32.86333564019611,9.27740609321071,-6.304607824906325,0.5648496240601504,4.913343134387729,36.06870874581177,31.15536561142402,23.84939850508614,2128,Ketel Marte,ARI,30,412,1553,1789,440,263,77,11,89,274,249,200,15,298,19,17,0,37,19,5,0.283,564,475,229,52,6732,2610,4122,34,4,4,0.11199999999999999,0.16699999999999998,0.67,0.368,0.519,0.887,0.236,0.297,0.011899999999999999,0.18100000000000002,0.445,0.375,0.109,0.187,0.06,1.0,0.377,91.3,304,86.9,5.1,54.7,0.0,149.6,15.3,$122.0,4.7,140,8.04,-29.37,37.41,82.87,8.27,0.98,1.5,18,8.74,-0.51,0.43200000000000005,94.0,0.18100000000000002,84.9,0.084,89.6,0.092,80.0,0.162,85.8,0.048,87.0,0.001,78.1,0.01,,44.3,22.9,4.4,15.6,10.9,-5.7,0.2,1.53,1.88,0.78,2.53,1.01,-1.75,1.87,0.284,0.7090000000000001,0.46299999999999997,0.674,0.8809999999999999,0.8079999999999999,0.42,0.585,0.08900000000000001,-2.5,0.316,,0.084,0.048,0.001,0.114,0.18,0.079,0.015,0.001,0.16,,0.002,,94.3,,89.9,86.9,85.0,93.3,84.9,79.5,81.1,49.7,85.7,,75.8,-1.8,,0.4,-5.2,-3.4,-2.5,1.3,2.4,2.0,0.2,-2.2,,-2.4,9.0,,4.9,1.8,2.6,4.5,1.2,-5.2,-4.4,9.6,3.1,,-2.2,36.5,,9.0,-2.4,0.1,7.4,15.1,15.7,1.3,-0.4,6.0,,0.2,1.72,,1.58,-0.74,1.02,0.96,1.25,2.94,1.28,-7.21,0.56,,2.17,0.256,0.6609999999999999,0.462,0.611,0.879,0.8059999999999999,0.51,18.3,5.1,-1.7,0.4,29 - 31,84.4,5.3,-0.8,0.47600000000000003,0.32899999999999996,0.195,0.142,0.46799999999999997,0.391,0.32799999999999996,0.163,0.0,0.087,0.309,0.08900000000000001,0.046,0.001,,0.11599999999999999,0.18899999999999997,,85.8,69.3,79.7,94.2,90.2,86.6,77.7,,93.3,84.9,,-2.2,4.8,2.7,-1.7,0.5,-4.7,-2.8,,-2.4,1.5,,1.8,-8.8,-6.9,8.1,4.1,0.4,-3.1,,3.4,-0.2,,8.7,-0.2,14.1,31.1,8.1,-3.2,0.1,,8.8,20.5,,0.8,-17.64,2.43,1.51,1.37,-1.05,0.96,,1.14,1.62,,0.26,0.6579999999999999,0.46299999999999997,0.614,0.88,0.807,0.509,18.3,,114,131,75,116,127,148,101,0.91,104,100,155,117,94,80,90,90,121,92.0,11.6,141,0.111,119.6,605,0.47600000000000003,1272,0.149,0.23800000000000002,0.278,0.5,0.374,15.4
665487,"Tatis Jr., Fernando",R,73.933524846,30.385179610081863,9.766908682445804,0.6814613732486492,0.5862068965517244,4.461859420991101,30.01739184293867,25.55553242194757,29.12915971833782,2204,Fernando Tatis Jr.,SDP,25,398,1567,1764,417,261,81,4,71,266,198,174,7,366,16,6,1,31,72,14,0.266,574,408,224,34,6530,2482,4048,38,2,1,0.099,0.207,0.48,0.344,0.459,0.803,0.193,0.305,0.0141,0.18600000000000003,0.47600000000000003,0.33799999999999997,0.083,0.174,0.066,0.5,0.347,46.7,257,52.6,28.8,54.0,-17.9,131.6,13.4,$107.2,5.6,125,7.53,-27.35,34.88,64.37,6.83,0.95,2.6,3,5.9,2.02,0.488,94.2,0.23600000000000002,85.0,0.067,89.5,0.076,80.0,0.10300000000000001,85.6,0.031,86.3,,,0.004,,40.9,16.6,-4.4,4.4,-7.2,-0.9,,1.28,1.08,-1.01,0.89,-1.07,-0.44,,0.318,0.763,0.498,0.573,0.836,0.736,0.406,0.608,0.131,8.9,0.282,,0.067,0.027999999999999997,0.001,0.20199999999999999,0.235,0.059000000000000004,0.022000000000000002,0.001,0.10400000000000001,,,,94.4,,89.6,86.6,82.9,94.0,85.1,79.4,80.9,50.0,85.5,,,-1.3,,0.4,-5.2,5.6,-6.9,2.3,1.7,1.7,-3.4,0.6,,,9.1,,4.9,1.8,3.2,4.7,1.1,-5.2,-4.5,6.9,2.9,,,23.0,,-3.4,-1.9,-0.3,15.6,13.2,2.2,2.6,0.5,-5.5,,,1.25,,-0.77,-1.06,-5.76,1.18,0.86,0.57,1.86,10.93,-0.81,,,0.276,0.728,0.499,0.49700000000000005,0.825,0.733,0.493,18.7,10.9,5.4,2.3,24 - 26,61.5,5.2,0.1,0.409,0.369,0.222,0.11800000000000001,0.489,0.392,0.34600000000000003,0.106,,0.07200000000000001,0.27699999999999997,0.07200000000000001,0.027999999999999997,,,0.201,0.244,,85.6,,79.8,94.4,89.9,86.6,,,94.0,85.1,,0.8,,2.0,-1.0,0.8,-4.7,,,-6.6,3.1,,1.5,,-7.0,8.1,3.8,0.4,,,3.5,-0.3,,-5.6,,4.7,23.9,-4.3,-1.6,,,15.5,14.2,,-0.81,,1.01,1.33,-0.92,-0.9,,,1.19,0.9,,0.278,0.7290000000000001,0.499,0.503,0.825,0.7340000000000001,0.491,18.7,,107,115,93,108,113,121,103,0.93,111,91,144,100,106,91,75,94,121,92.8,10.1,143,0.11800000000000001,116.7,627,0.519,1208,0.12,0.251,0.279,0.512,0.373,13.0
624424,"Conforto, Michael",L,73.886317002,31.891097736104957,11.286119901960774,0.1908309160431439,0.5142231947483589,1.870061684700553,28.58477532999549,26.714713645294925,29.07114016206821,1828,Michael Conforto,- - -,31,393,1262,1444,284,173,61,3,47,168,160,151,5,345,21,10,0,40,5,1,0.225,399,363,165,34,5922,2246,3676,16,0,0,0.105,0.239,0.44,0.316,0.39,0.706,0.165,0.269,0.011000000000000001,0.17800000000000002,0.43,0.392,0.094,0.129,0.04,0.0,0.31,-5.0,167,-3.8,-7.9,44.2,-17.7,14.7,1.5,$12.0,3.0,98,-0.94,-26.05,25.1,-6.95,-0.65,0.99,1.91,39,-0.85,-0.1,0.478,94.1,0.175,84.5,0.081,89.5,0.1,80.5,0.129,86.3,0.035,86.4,0.001,76.0,0.004,,-4.2,-5.1,2.7,2.3,-8.1,-3.8,-0.4,-0.15,-0.49,0.55,0.39,-1.06,-1.83,-5.46,0.282,0.685,0.451,0.63,0.852,0.772,0.419,0.617,0.10300000000000001,-4.3,0.35100000000000003,,0.079,0.035,0.002,0.124,0.17600000000000002,0.086,0.018000000000000002,,0.127,0.001,0.001,,94.3,,89.7,86.4,82.9,93.4,84.5,79.9,82.4,,86.3,78.3,75.9,-3.3,,0.5,-6.4,-4.7,-2.6,1.3,3.5,3.4,,-8.1,-4.3,-0.1,8.9,,4.9,2.1,-0.2,4.3,1.1,-5.2,-5.5,,3.3,-1.2,1.3,4.1,,1.3,-2.8,-0.1,-7.8,-7.6,1.2,1.6,,-9.6,-0.3,-0.4,0.2,,0.28,-1.36,-1.01,-1.06,-0.73,0.24,1.46,,-1.28,-8.43,-5.48,0.25,0.648,0.451,0.5479999999999999,0.855,0.7709999999999999,0.504,18.4,-25.6,-1.9,0.3,30 - 32,-8.1,4.3,-2.2,0.389,0.35100000000000003,0.26,0.17300000000000001,0.479,0.348,0.376,0.127,,0.09699999999999999,0.34299999999999997,0.083,0.036000000000000004,0.001,0.001,0.127,0.184,0.001,86.1,,80.4,94.5,90.0,86.1,76.4,78.4,93.5,84.6,92.7,-7.8,,4.3,-3.1,0.6,-5.7,0.3,-4.1,-2.4,1.4,0.0,2.0,,-7.0,8.1,4.2,0.9,-0.1,-2.5,3.2,-0.3,0.0,-9.4,,1.8,0.1,1.7,-1.8,-0.4,-0.3,-5.8,-5.9,0.2,-1.26,,0.31,0.0,0.35,-0.83,-5.48,-8.43,-0.77,-0.54,6.8,0.248,0.6509999999999999,0.45,0.5479999999999999,0.856,0.772,0.503,18.4,,91,122,107,99,96,104,91,0.89,101,105,107,96,100,107,110,92,108,89.7,13.3,91,0.098,113.6,401,0.433,927,0.17,0.273,0.243,0.44,0.338,2.0
542303,"Ozuna, Marcell",R,73.793905508,36.64369313252238,14.399447586764124,-1.7657503417252542,0.5279999999999997,-2.440635461739839,32.51892004488968,34.95955550662954,26.971846813617294,2500,Marcell Ozuna,ATL,33,451,1623,1872,441,261,79,1,100,241,272,225,5,448,9,13,0,43,1,0,0.272,466,471,250,32,7881,3090,4791,21,0,0,0.12,0.239,0.5,0.361,0.506,0.867,0.235,0.313,0.009899999999999999,0.21100000000000002,0.39299999999999996,0.397,0.068,0.212,0.045,0.0,0.371,87.6,310,84.1,-0.2,57.2,-47.6,89.7,9.1,$73.1,1.4,137,6.01,-30.01,36.03,62.45,6.22,0.94,1.75,10,8.35,-1.96,0.46399999999999997,94.2,0.255,85.2,0.066,89.0,0.09300000000000001,80.6,0.09300000000000001,85.7,0.028999999999999998,86.4,0.001,77.7,0.003,,46.8,19.7,10.2,8.4,0.2,-2.9,-0.8,1.28,0.98,1.97,1.14,0.02,-1.28,-7.56,0.287,0.695,0.44799999999999995,0.586,0.8340000000000001,0.738,0.395,0.589,0.11699999999999999,-9.5,0.278,,0.068,0.025,0.001,0.184,0.25,0.07400000000000001,0.025,0.0,0.09300000000000001,0.0,0.001,,94.5,,89.4,86.5,82.1,93.9,85.1,80.0,82.3,47.0,85.7,80.6,77.5,-1.8,,0.7,-3.9,-5.9,-5.9,2.7,2.3,3.0,-0.1,-0.3,-4.2,-5.0,9.1,,4.7,2.9,0.6,4.6,1.0,-4.7,-5.0,6.5,3.2,-1.2,-2.1,33.2,,10.0,-1.8,-0.2,8.1,20.8,4.5,0.6,0.2,1.5,-0.2,-0.8,1.52,,1.87,-0.92,-2.25,0.56,1.06,0.78,0.33,8.31,0.2,-5.55,-8.89,0.263,0.648,0.44799999999999995,0.54,0.8240000000000001,0.738,0.48100000000000004,18.6,-47.8,-3.4,-1.8,32 - 34,74.6,5.6,-2.4,0.447,0.318,0.235,0.139,0.47200000000000003,0.389,0.413,0.094,,0.09,0.272,0.073,0.026000000000000002,0.002,0.0,0.184,0.259,,85.7,,80.5,94.6,89.6,86.0,74.6,80.7,93.9,85.1,,-0.2,,2.8,-1.6,0.9,-3.7,-3.6,-3.6,-5.6,3.3,,1.8,,-6.5,8.2,3.8,1.4,-2.4,-2.8,3.5,-0.3,,0.3,,7.4,33.3,9.9,-0.3,-0.7,-0.2,6.9,18.8,,0.03,,1.05,1.55,1.74,-0.12,-5.77,-5.55,0.48,0.92,,0.262,0.65,0.44799999999999995,0.546,0.821,0.737,0.48,18.6,,110,141,107,113,124,146,106,1.06,92,106,174,110,91,97,88,91,121,91.4,14.7,174,0.146,115.3,586,0.49200000000000005,1190,0.16,0.27699999999999997,0.268,0.543,0.385,9.3
694671,"Langford, Wyatt",R,73.791954263,32.43308089029228,14.117099897209716,-3.712689360845461,0.5189283634245777,3.8297977373700944,32.57760033036381,28.747802592993715,27.654527841383143,1717,Wyatt Langford,TEX,23,268,988,1130,244,151,50,5,38,147,136,125,6,266,9,8,0,15,41,9,0.247,279,307,144,33,4594,1797,2797,21,0,0,0.111,0.235,0.47,0.335,0.423,0.758,0.176,0.298,0.0091,0.19699999999999998,0.382,0.42100000000000004,0.107,0.124,0.075,0.0,0.329,16.1,149,19.5,16.5,34.3,-10.6,69.5,7.1,$57.1,5.6,115,2.14,-18.8,20.93,18.85,1.98,0.99,,0,1.07,1.09,0.495,94.1,0.235,84.7,0.07200000000000001,89.0,0.063,80.7,0.111,85.3,0.024,86.6,0.0,59.0,0.004,,6.9,0.6,-0.3,2.7,4.9,0.4,0.0,0.3,0.06,-0.09,0.92,0.96,0.33,3.51,0.266,0.664,0.43,0.622,0.865,0.7759999999999999,0.41100000000000003,0.612,0.096,5.9,0.308,,0.071,0.023,,0.185,0.237,0.051,0.015,0.001,0.11,,0.0,,94.4,,89.3,86.3,,93.7,84.7,79.6,82.3,53.9,85.2,,58.8,-2.3,,0.7,-5.1,,-6.2,2.5,1.8,2.3,-1.7,-0.3,,0.1,9.4,,4.5,1.7,,4.6,0.9,-5.3,-4.9,9.5,3.0,,2.6,4.0,,-0.1,0.8,,-0.5,2.2,2.2,-0.4,1.1,4.4,,0.0,0.28,,-0.02,0.72,,-0.06,0.2,0.96,-0.54,35.19,0.87,,3.51,0.225,0.63,0.429,0.5329999999999999,0.862,0.777,0.504,18.7,5.9,2.5,,22 - 23,25.4,3.9,,0.466,0.307,0.22699999999999998,0.155,0.493,0.35200000000000004,0.38,0.11,,0.062,0.303,0.07,0.023,0.0,,0.18600000000000003,0.245,,85.2,,80.5,94.5,89.5,86.3,58.8,,93.9,84.9,,-0.1,,2.1,-2.0,0.9,-5.2,0.1,,-5.9,3.0,,1.6,,-7.1,8.4,3.7,0.2,1.0,,3.3,-0.4,,5.9,,3.7,3.8,-1.4,1.1,0.0,,-0.8,1.1,,1.17,,1.31,0.27,-0.44,1.06,3.51,,-0.09,0.1,,0.226,0.624,0.428,0.532,0.862,0.777,0.509,18.7,,102,135,104,108,106,111,104,1.01,92,107,105,113,88,95,96,94,111,90.5,17.0,84,0.115,113.1,334,0.45799999999999996,730,0.18,0.276,0.245,0.441,0.339,7.1
679529,"Torkelson, Spencer",R,73.694580649,34.99838826999661,12.073255581567564,-8.17928093103823,0.5239190432382707,0.4477394565885518,30.68085889397998,30.233119437391423,26.872456173415845,2174,Spencer Torkelson,DET,24,406,1511,1714,351,194,82,3,72,215,209,172,7,445,19,11,0,33,5,1,0.232,343,534,200,72,7051,2664,4387,27,0,0,0.1,0.26,0.39,0.316,0.433,0.75,0.201,0.278,0.0064,0.18600000000000003,0.318,0.496,0.135,0.135,0.079,0.0,0.324,12.9,217,14.8,-3.1,52.5,-31.3,37.1,3.8,$30.1,2.9,107,-0.23,-30.57,30.34,3.99,0.32,0.97,0.44,1,1.03,-1.27,0.457,93.9,0.271,84.4,0.07,88.4,0.07400000000000001,80.0,0.102,84.8,0.025,86.0,,,0.006999999999999999,,11.5,-2.0,-3.3,8.3,-3.0,-4.6,,0.36,-0.11,-0.68,1.58,-0.42,-2.62,,0.268,0.6920000000000001,0.456,0.58,0.858,0.768,0.44299999999999995,0.61,0.106,-1.6,0.282,,0.07,0.023,,0.174,0.271,0.063,0.013999999999999999,0.0,0.10300000000000001,0.0,,,94.3,,88.7,85.6,,93.3,84.4,79.4,82.2,48.5,84.9,80.1,,-1.9,,0.9,-5.0,,-5.1,2.7,2.1,1.5,2.9,1.0,-3.6,,9.3,,4.5,1.7,,4.6,1.0,-5.3,-4.4,9.4,3.5,-1.5,,13.3,,-0.9,-4.7,,-9.3,-2.2,6.4,0.9,0.9,-2.4,0.0,,0.68,,-0.19,-2.95,,-0.76,-0.12,1.46,0.95,31.33,-0.33,3.64,,0.22699999999999998,0.652,0.456,0.473,0.856,0.767,0.5379999999999999,18.7,-34.4,-2.2,0.2,23 - 25,13.2,5.8,-0.5,0.48,0.298,0.222,0.166,0.489,0.344,0.402,0.10300000000000001,0.0,0.065,0.27699999999999997,0.067,0.022000000000000002,,0.0,0.17600000000000002,0.29,0.0,85.0,58.0,79.8,94.4,89.0,84.9,,80.4,93.5,84.5,57.1,1.1,5.0,2.0,-1.7,0.9,-5.1,,-4.1,-4.9,3.3,0.0,2.2,-7.1,-7.2,8.3,3.8,0.2,,-3.0,3.4,-0.3,0.0,-4.1,0.0,3.6,12.0,1.4,-2.1,,0.0,-9.6,0.9,0.0,-0.57,3.64,0.79,0.62,0.29,-1.35,,3.64,-0.78,0.05,0.0,0.226,0.653,0.455,0.474,0.856,0.768,0.5379999999999999,18.7,,95,121,114,101,107,124,95,0.94,76,128,110,117,86,92,105,94,107,90.6,20.0,132,0.122,112.7,497,0.461,1078,0.16699999999999998,0.273,0.23,0.447,0.329,3.7
657757,"Sheets, Gavin",L,73.655340458,28.63805614327439,7.784274308625809,-7.151685782766949,0.4974849094567405,1.4502993790290073,31.4153058126256,29.96500643359659,29.06261016041962,1988,Gavin Sheets,- - -,28,402,1254,1390,292,189,62,2,39,116,159,115,5,279,10,11,0,21,5,3,0.233,369,420,197,55,5790,2093,3697,31,0,0,0.083,0.201,0.41,0.3,0.379,0.679,0.146,0.267,0.0088,0.2,0.374,0.426,0.131,0.09300000000000001,0.084,0.0,0.296,-19.8,145,-15.7,-10.8,42.4,-24.4,-9.9,-1.0,($7.8),2.0,90,0.03,-23.74,23.78,-9.55,-0.99,1.0,1.55,50,-2.32,2.35,0.40700000000000003,94.0,0.19899999999999998,84.4,0.08,89.9,0.12300000000000001,80.1,0.149,86.6,0.042,86.5,,,0.003,,-18.2,-4.5,-1.9,-0.9,6.8,1.9,,-0.77,-0.39,-0.42,-0.12,0.78,0.78,,0.34299999999999997,0.63,0.45899999999999996,0.693,0.872,0.792,0.40399999999999997,0.573,0.095,-5.4,0.289,,0.08,0.045,,0.114,0.19699999999999998,0.106,0.022000000000000002,,0.146,,,,94.2,,90.2,86.0,,93.4,84.5,79.7,81.8,,86.7,,,-3.5,,0.4,-7.1,,-2.3,1.5,3.6,3.7,,-8.4,,,9.1,,4.7,1.8,,4.5,1.0,-5.3,-5.1,,2.9,,,-15.5,,-1.3,3.4,,-5.8,-8.2,0.4,2.5,,1.3,,,-0.92,,-0.29,1.3,,-0.87,-0.72,0.06,1.96,,0.15,,,0.313,0.615,0.45799999999999996,0.66,0.863,0.792,0.483,18.5,-35.2,-2.5,-2.4,27 - 29,-21.2,4.0,0.6,0.424,0.33399999999999996,0.242,0.17800000000000002,0.526,0.295,0.312,0.15,0.001,0.12,0.289,0.08199999999999999,0.038,,,0.111,0.209,0.001,86.7,78.0,80.2,94.4,90.4,85.7,,,93.4,84.6,77.0,-7.9,5.3,4.5,-3.2,0.7,-6.5,,,-2.0,1.7,-0.7,1.4,-9.1,-7.1,8.1,3.8,0.4,,,3.0,-0.4,1.8,3.2,0.1,-0.7,-19.7,-0.4,3.5,,,-4.7,-5.5,1.0,0.37,4.36,-0.1,-1.18,-0.09,1.59,,,-0.74,-0.46,33.2,0.313,0.612,0.45799999999999996,0.6579999999999999,0.8640000000000001,0.7909999999999999,0.485,18.5,,95,99,89,96,94,93,92,1.01,89,111,79,104,95,100,113,101,93,88.7,14.5,70,0.071,111.8,385,0.39,986,0.18,0.275,0.244,0.403,0.313,-1.0
667670,"Rooker, Brent",R,73.607563092,36.2129375352324,12.096809364780215,-5.605060255800141,0.4577689243027887,2.642628803521933,33.51996815907908,30.877339355557133,26.91921028379454,2510,Brent Rooker,OAK,29,444,1635,1839,438,247,86,6,99,235,270,173,9,504,20,10,0,29,21,4,0.268,395,506,240,38,7106,2637,4469,24,0,0,0.094,0.27399999999999997,0.34,0.343,0.509,0.853,0.242,0.325,0.0078000000000000005,0.21,0.34600000000000003,0.44299999999999995,0.075,0.196,0.061,0.0,0.363,73.8,292,79.3,-6.7,56.2,-40.7,94.0,9.6,$76.9,4.2,137,4.75,-30.72,35.48,64.9,6.73,0.95,0.99,16,5.87,-0.89,0.469,94.2,0.23399999999999999,84.6,0.069,88.7,0.084,80.6,0.113,84.8,0.032,85.8,,,0.005,,36.8,17.8,17.6,-5.8,2.5,-0.4,,1.1,1.07,3.61,-0.97,0.31,-0.19,,0.322,0.731,0.489,0.475,0.82,0.685,0.408,0.624,0.154,-0.2,0.299,,0.07,0.031,0.001,0.16699999999999998,0.23,0.071,0.017,0.001,0.113,,,,94.4,,88.9,85.8,82.7,93.9,84.7,79.8,83.3,41.9,84.8,,,-2.3,,0.6,-6.2,-4.9,-5.9,2.7,1.1,2.6,-0.2,-0.8,,,9.3,,4.6,1.7,0.9,4.6,1.1,-5.1,-5.5,10.5,3.4,,,32.8,,19.2,-0.8,-0.5,3.5,11.6,-3.5,0.5,-0.5,3.0,,,1.54,,3.83,-0.36,-8.46,0.29,0.71,-0.7,0.43,-8.48,0.37,,,0.28600000000000003,0.698,0.489,0.381,0.815,0.685,0.491,19.0,-47.5,-0.6,0.9,28 - 30,79.1,6.2,1.8,0.415,0.35100000000000003,0.233,0.13699999999999998,0.48700000000000004,0.376,0.42200000000000004,0.115,,0.081,0.294,0.07,0.028999999999999998,,,0.171,0.24100000000000002,,84.9,,80.6,94.4,89.3,85.8,,,94.0,84.7,,-0.8,,1.8,-2.0,0.7,-5.5,,,-5.6,3.2,,1.8,,-7.2,8.3,3.8,0.2,,,3.4,-0.4,,3.1,,-3.1,30.2,20.7,-1.0,,,1.4,13.2,,0.38,,-0.55,1.45,4.18,-0.48,,,0.11,0.77,,0.287,0.6970000000000001,0.488,0.39399999999999996,0.81,0.685,0.491,19.0,,110,114,120,110,126,151,112,1.07,83,114,164,101,101,97,86,93,118,91.3,17.5,173,0.151,113.4,543,0.475,1142,0.14,0.294,0.254,0.512,0.359,9.6
664040,"Lowe, Brandon",L,73.594808568,34.3088028121679,14.927224474140711,-3.222610837063689,0.4806730331969074,7.222147501962488,34.78379989197612,27.561652390013613,26.30541662611873,2199,Brandon Lowe,TBR,29,350,1269,1414,311,181,53,4,73,193,209,121,3,380,13,11,0,21,15,3,0.245,346,373,181,31,5491,1925,3566,21,0,0,0.086,0.26899999999999996,0.32,0.315,0.466,0.78,0.221,0.288,0.009300000000000001,0.201,0.384,0.414,0.083,0.196,0.061,0.0,0.334,23.6,192,28.9,-7.4,43.2,-2.4,67.4,6.8,$54.7,4.3,117,3.73,-25.59,29.32,40.45,4.36,1.03,1.99,22,3.75,-0.14,0.419,94.3,0.20600000000000002,84.7,0.06,89.9,0.102,80.9,0.159,86.5,0.054000000000000006,86.8,,,0.002,,25.3,-6.2,1.2,5.0,3.8,-5.8,,1.1,-0.55,0.37,0.89,0.43,-1.98,,0.354,0.789,0.541,0.486,0.8240000000000001,0.698,0.431,0.635,0.163,0.2,0.306,,0.065,0.054000000000000006,0.001,0.11199999999999999,0.2,0.081,0.024,0.001,0.157,,0.0,,94.6,,89.9,86.6,84.5,93.5,84.7,80.2,82.4,56.9,86.5,,57.7,-3.3,,0.6,-7.4,-5.2,-3.7,0.8,4.2,4.0,-7.4,-8.7,,2.1,9.4,,5.2,2.2,0.5,4.5,1.0,-5.4,-6.3,11.4,3.2,,0.3,18.4,,3.9,-4.2,0.1,2.9,-12.9,7.8,-0.2,-0.3,3.8,,0.8,1.1,,1.11,-1.42,1.55,0.47,-1.18,1.76,-0.19,-8.48,0.44,,76.55,0.321,0.753,0.542,0.413,0.813,0.6970000000000001,0.511,19.0,-9.7,-0.5,2.0,28 - 30,29.1,4.8,1.0,0.47,0.33899999999999997,0.191,0.139,0.484,0.377,0.406,0.16699999999999998,,0.09699999999999999,0.3,0.071,0.043,0.0,,0.11599999999999999,0.20600000000000002,0.0,86.5,,80.7,94.6,89.7,85.9,57.6,,93.6,84.7,94.2,-8.3,,4.8,-3.1,0.7,-6.5,4.3,,-3.6,1.1,0.0,1.5,,-7.7,8.3,4.1,1.3,-2.1,,3.3,-0.4,0.0,2.8,,4.6,17.4,3.8,-4.5,0.8,,5.4,-10.6,0.2,0.31,,0.86,1.07,0.99,-1.93,76.55,,0.85,-0.94,7.94,0.327,0.7509999999999999,0.5429999999999999,0.42100000000000004,0.812,0.696,0.509,19.0,,101,103,118,101,115,138,99,1.03,93,107,163,114,97,79,88,93,118,90.8,15.2,109,0.121,112.6,416,0.462,900,0.10800000000000001,0.271,0.245,0.472,0.339,7.0
694192,"Chourio, Jackson",R,73.541309714,26.783644667384124,7.2664577638442704,2.376577747533343,0.5777537796976243,3.45849387886994,28.26761900232538,24.80912512345544,29.866496576034105,1852,Jackson Chourio,MIL,21,279,1077,1162,293,179,64,8,42,168,157,69,5,242,6,8,2,20,43,14,0.272,379,298,160,22,4216,1372,2844,49,8,2,0.059000000000000004,0.20800000000000002,0.29,0.317,0.463,0.781,0.191,0.313,0.0127,0.191,0.45299999999999996,0.35600000000000004,0.07400000000000001,0.141,0.129,0.25,0.333,20.5,157,20.3,8.0,35.3,-7.3,66.7,6.9,$54.9,6.3,115,3.56,-19.46,23.02,30.27,3.02,0.96,1.4,6,2.37,1.35,0.507,93.9,0.242,85.1,0.08199999999999999,89.1,0.07400000000000001,79.7,0.07400000000000001,84.7,0.023,85.9,,,0.006999999999999999,,-7.5,10.9,1.2,0.6,11.1,6.0,,-0.35,1.07,0.36,0.2,3.58,6.28,,0.374,0.696,0.51,0.619,0.865,0.7609999999999999,0.423,0.6709999999999999,0.122,7.0,0.303,,0.081,0.021,0.0,0.19899999999999998,0.242,0.061,0.017,0.001,0.075,,0.0,,94.3,,89.3,85.7,83.8,93.4,85.1,79.4,81.3,67.7,84.7,,54.1,-1.9,,0.7,-3.6,5.8,-5.1,2.4,2.0,2.5,-6.2,2.8,,-6.4,9.1,,4.7,2.6,2.7,5.0,1.3,-5.4,-5.3,9.0,3.1,,5.8,-4.0,,-2.5,4.6,0.2,-2.8,12.6,2.0,-1.0,-0.2,11.6,,-0.2,-0.32,,-0.73,5.19,8.16,-0.34,1.24,0.78,-1.5,-5.37,3.69,,-8.77,0.34,0.6709999999999999,0.51,0.542,0.865,0.76,0.512,18.2,0.6,1.1,,20 - 21,27.3,3.5,,0.35700000000000004,0.39799999999999996,0.245,0.168,0.473,0.359,0.304,0.076,,0.069,0.298,0.083,0.019,0.0,,0.19899999999999998,0.255,,84.7,,79.4,94.3,89.8,85.6,54.1,,93.4,85.1,,2.6,,2.1,-1.8,0.9,-3.3,-6.5,,-5.0,3.0,,1.5,,-7.5,8.1,4.0,1.3,2.9,,3.7,-0.2,,12.5,,1.6,-5.1,0.8,3.8,-0.2,,-4.0,10.5,,3.92,,0.56,-0.41,0.24,4.68,-8.77,,-0.47,0.97,,0.33899999999999997,0.674,0.51,0.545,0.8640000000000001,0.76,0.51,18.2,,110,71,94,100,115,123,107,0.96,106,95,120,88,113,101,106,91,112,89.5,9.1,74,0.08800000000000001,113.7,368,0.436,845,0.16399999999999998,0.28600000000000003,0.256,0.428,0.317,6.4
681297,"Cowser, Colton",L,73.502401818,39.03863810587698,14.384135782629052,-0.827795972670144,0.4384268214055449,7.695858137525456,34.96167616980848,27.265818032283008,28.606573103934565,1551,Colton Cowser,BAL,24,271,887,998,192,109,40,3,40,128,113,92,3,322,15,4,0,15,24,4,0.216,251,218,98,4,4164,1553,2611,13,2,1,0.092,0.32299999999999995,0.29,0.3,0.404,0.703,0.187,0.287,0.0115,0.17300000000000001,0.44299999999999995,0.384,0.018000000000000002,0.183,0.052000000000000005,0.5,0.307,-4.4,113,-1.1,9.3,30.3,-5.8,39.8,4.1,$32.9,5.4,99,-1.91,-17.6,15.69,-12.82,-1.37,0.92,1.6,15,-0.02,-2.05,0.445,94.2,0.177,84.4,0.07400000000000001,89.4,0.102,80.0,0.15,86.8,0.052000000000000005,86.3,,,0.004,,2.4,-4.1,5.4,1.8,-9.9,-4.3,,0.13,-0.56,1.77,0.43,-1.59,-2.0,,0.272,0.6409999999999999,0.43200000000000005,0.504,0.8140000000000001,0.703,0.433,0.583,0.128,3.7,0.309,,0.073,0.049,,0.133,0.18100000000000002,0.079,0.025,,0.152,,,,94.6,,90.0,86.2,,93.5,84.5,79.4,80.6,,86.8,,,-2.7,,0.5,-6.5,,-2.8,0.4,3.4,4.0,,-8.0,,,9.3,,5.0,1.8,,4.2,1.0,-5.9,-5.9,,2.8,,,4.0,,4.9,-4.9,,-4.0,-4.2,0.0,2.7,,-9.7,,,0.31,,1.61,-2.38,,-0.73,-0.55,0.01,2.61,,-1.53,,,0.24,0.615,0.43200000000000005,0.42700000000000005,0.809,0.705,0.51,18.5,3.5,1.6,0.7,23 - 25,2.7,3.3,-0.1,0.413,0.325,0.262,0.09300000000000001,0.54,0.36700000000000005,0.455,0.154,0.001,0.096,0.308,0.079,0.046,,,0.132,0.183,0.001,86.7,78.2,79.7,94.4,90.1,85.7,,,93.5,84.3,93.0,-7.9,5.6,4.0,-2.6,0.7,-6.1,,,-2.7,0.3,0.0,1.5,-9.9,-7.9,8.3,4.1,0.3,,,2.9,-0.5,0.0,-9.7,0.1,3.0,5.0,2.4,-4.8,,,-4.1,-3.2,0.1,-1.52,2.83,0.76,0.39,0.75,-2.5,,,-0.75,-0.42,1.95,0.242,0.61,0.43200000000000005,0.413,0.8140000000000001,0.705,0.516,18.5,,90,112,143,96,101,119,100,0.88,107,98,157,101,93,109,58,103,116,90.4,12.7,74,0.13,113.7,260,0.457,569,0.193,0.321,0.217,0.425,0.316,3.4
650490,"Díaz, Yandy",R,73.492829002,25.0515325520168,3.2995197645056558,6.791522931754679,0.3808267370272649,1.0768488065528783,30.243285626265884,29.16643681971301,28.532381351595323,2274,Yandy Diaz,TBR,32,432,1671,1872,506,348,95,2,61,229,226,172,4,281,18,11,0,40,3,2,0.303,749,393,259,35,7350,2815,4535,57,0,0,0.092,0.15,0.61,0.372,0.472,0.843,0.169,0.332,0.0191,0.185,0.535,0.281,0.08900000000000001,0.155,0.076,0.0,0.365,78.8,301,86.5,-8.0,57.2,-36.2,96.7,9.8,$78.3,2.0,139,6.46,-31.29,37.75,76.03,8.01,1.02,2.83,9,6.55,-0.18,0.529,94.0,0.22,84.9,0.08,89.4,0.06,80.2,0.083,85.2,0.027999999999999997,86.9,,,0.003,,32.0,31.3,-5.4,11.9,7.4,4.8,,0.82,1.94,-0.91,2.68,1.22,2.33,,0.254,0.667,0.43700000000000006,0.7290000000000001,0.9109999999999999,0.852,0.442,0.573,0.064,-9.1,0.301,,0.08900000000000001,0.025,,0.225,0.214,0.053,0.009000000000000001,0.001,0.084,,,,94.2,,89.4,86.6,,93.8,84.8,79.7,81.9,47.3,85.2,,,-2.0,,0.6,-6.3,,-6.3,2.6,1.4,3.8,-0.7,-0.2,,,9.7,,5.0,2.5,,4.7,1.2,-4.9,-6.0,9.2,3.2,,,27.0,,-3.4,4.4,,3.2,23.5,13.3,0.1,0.2,7.7,,,1.23,,-0.52,2.36,,0.19,1.5,3.41,0.1,3.53,1.25,,,0.214,0.633,0.436,0.679,0.902,0.851,0.53,18.4,-44.2,-4.2,-4.2,31 - 33,77.4,6.2,-4.2,0.295,0.405,0.3,0.133,0.48,0.387,0.275,0.086,,0.055999999999999994,0.29600000000000004,0.08900000000000001,0.022000000000000002,,,0.228,0.223,0.0,85.3,,79.9,94.2,89.6,86.3,,,93.8,84.9,69.2,-0.3,,2.0,-1.8,0.8,-5.7,,,-6.0,3.2,0.0,1.6,,-7.1,8.6,4.0,1.1,,,3.5,-0.3,0.0,7.9,,6.4,27.0,-3.8,4.3,,,3.5,31.1,0.0,1.26,,1.55,1.25,-0.58,2.62,,,0.21,1.91,3.5,0.218,0.63,0.436,0.701,0.897,0.851,0.529,18.4,,124,111,66,119,117,105,114,0.94,129,72,128,72,117,124,84,92,121,92.9,5.2,118,0.084,117.4,724,0.517,1401,0.18100000000000002,0.245,0.286,0.461,0.359,9.4
592885,"Yelich, Christian",L,73.366183266,36.04520487648583,9.441715483063184,5.99736244456341,0.4341085271317829,-0.4892703000428352,27.150503373015493,27.639773673058336,29.555111168967706,1935,Christian Yelich,MIL,32,367,1393,1591,389,259,67,4,59,238,221,182,16,365,11,3,1,24,65,10,0.279,580,248,199,9,6436,2499,3937,36,5,3,0.114,0.22899999999999998,0.5,0.366,0.46,0.826,0.181,0.34,0.023399999999999997,0.19399999999999998,0.565,0.24100000000000002,0.036000000000000004,0.23800000000000002,0.062,0.6,0.357,54.7,245,54.5,-4.5,48.8,-27.3,90.9,9.2,$73.9,5.7,128,5.41,-25.0,30.41,88.35,8.81,0.98,2.63,7,5.03,0.46,0.47700000000000004,93.8,0.20600000000000002,84.5,0.09300000000000001,89.7,0.10400000000000001,80.1,0.09,86.2,0.03,87.1,,,0.008,,42.3,1.2,-1.4,5.0,8.8,2.1,,1.38,0.09,-0.23,0.74,1.52,1.09,,0.289,0.696,0.452,0.591,0.8590000000000001,0.757,0.402,0.598,0.11,14.8,0.321,,0.095,0.028999999999999998,0.0,0.151,0.205,0.084,0.023,0.0,0.091,,,,94.2,,90.3,86.9,82.3,92.8,84.4,79.8,81.3,50.0,86.2,,,-2.3,,0.5,-5.7,-4.0,-0.5,0.3,2.9,2.7,-4.1,-6.7,,,8.9,,4.8,2.2,1.9,4.3,1.1,-5.4,-4.9,6.1,3.1,,,31.1,,-0.9,3.5,0.1,8.0,3.0,2.0,0.3,0.5,7.4,,,1.51,,-0.15,1.86,3.33,0.82,0.23,0.37,0.2,15.55,1.27,,,0.258,0.66,0.452,0.513,0.858,0.7559999999999999,0.483,18.3,-31.8,5.7,6.9,31 - 33,69.3,4.7,-0.7,0.349,0.368,0.28300000000000003,0.156,0.48200000000000004,0.36200000000000004,0.381,0.091,,0.099,0.314,0.102,0.027000000000000003,,,0.151,0.21600000000000003,,86.2,,79.9,94.2,90.5,86.2,,,92.9,84.4,,-6.6,,3.6,-2.2,0.6,-5.0,,,-0.4,0.3,,1.6,,-7.2,8.0,4.0,1.3,,,3.0,-0.2,,10.6,,5.0,33.5,-2.7,1.8,,,6.9,0.4,,1.8,,0.79,1.66,-0.41,1.06,,,0.7,0.03,,0.259,0.66,0.452,0.521,0.8540000000000001,0.755,0.48200000000000004,18.3,,113,133,104,115,113,113,115,0.97,132,65,198,86,105,116,99,93,112,91.0,3.2,97,0.094,113.5,495,0.479,1033,0.158,0.268,0.264,0.452,0.349,9.2
666160,"Moniak, Mickey",L,73.3648452,34.011450714741,12.33748855346389,-4.042889545607786,0.4879201680672269,3.3569878159231523,29.233364059936918,25.876376244013763,31.1726079203182,1904,Mickey Moniak,- - -,26,344,1137,1202,290,168,58,12,52,145,162,52,2,337,9,4,0,11,23,10,0.255,271,356,171,36,4294,1297,2997,17,6,4,0.043,0.28,0.15,0.292,0.464,0.756,0.209,0.316,0.0076,0.214,0.34,0.446,0.10099999999999999,0.146,0.063,0.667,0.322,8.6,151,1.8,-12.3,36.7,-4.3,25.8,2.6,$20.7,5.8,101,0.11,-22.26,22.37,3.22,-0.03,0.99,1.13,29,-1.54,1.65,0.429,94.4,0.20199999999999999,84.9,0.073,90.1,0.10400000000000001,80.3,0.134,86.2,0.057,85.7,0.001,79.7,0.002,,3.6,-10.9,-0.8,6.1,6.4,1.9,-0.1,0.2,-1.25,-0.25,1.38,1.11,0.79,-3.81,0.43200000000000005,0.7709999999999999,0.575,0.562,0.818,0.7070000000000001,0.42,0.6509999999999999,0.16899999999999998,0.5,0.34700000000000003,,0.077,0.054000000000000006,0.002,0.079,0.19399999999999998,0.095,0.016,,0.135,,0.001,,94.6,,90.4,85.7,82.6,93.4,84.9,80.0,82.0,,86.2,,79.5,-3.9,,0.5,-6.4,-5.7,-1.9,1.3,3.8,2.9,,-8.2,,-4.4,8.8,,4.8,2.1,1.9,4.3,1.1,-5.3,-5.5,,3.1,,1.1,3.6,,-2.8,3.3,-0.8,0.3,-7.8,1.2,2.7,,5.6,,-0.1,0.24,,-0.85,1.42,-9.38,0.08,-0.94,0.29,3.88,,0.97,,-3.83,0.41200000000000003,0.737,0.574,0.512,0.815,0.706,0.499,18.2,-16.7,-1.2,-1.6,25 - 27,2.2,3.5,2.1,0.469,0.313,0.218,0.155,0.478,0.36700000000000005,0.36700000000000005,0.138,0.0,0.102,0.341,0.084,0.053,0.001,,0.08,0.201,,86.3,76.4,80.2,94.7,90.7,85.3,79.6,,93.5,84.8,,-7.9,6.4,4.4,-3.7,0.9,-5.9,-4.2,,-1.8,1.5,,1.8,-9.4,-7.0,8.0,4.0,0.9,-0.4,,3.3,-0.2,,5.3,-0.1,6.0,2.5,-4.5,2.3,-0.1,,2.1,-8.6,,0.89,-5.1,1.37,0.17,-1.26,1.01,-3.83,,0.61,-1.0,,0.41100000000000003,0.7390000000000001,0.574,0.511,0.816,0.7070000000000001,0.5,18.2,,104,52,124,93,115,133,109,1.08,81,117,124,115,90,90,98,91,115,89.0,18.8,96,0.11900000000000001,112.8,320,0.39799999999999996,804,0.11800000000000001,0.28600000000000003,0.242,0.446,0.311,2.6
606192,"Hernández, Teoscar",R,73.291737353,32.75247886279785,10.27694479423494,0.0853960037185881,0.5278953443632165,-0.0726084518163552,30.39994081844286,30.47254927025923,29.27989915667639,2599,Teoscar Hernandez,- - -,31,448,1725,1876,447,268,90,5,84,219,281,117,5,533,19,13,0,26,24,7,0.259,542,445,218,28,7427,2511,4916,45,0,0,0.062,0.284,0.22,0.311,0.463,0.774,0.204,0.324,0.012199999999999999,0.18100000000000002,0.45,0.369,0.063,0.18899999999999997,0.083,0.0,0.331,25.8,249,31.8,-10.4,57.4,-21.4,58.5,6.0,$47.8,4.1,114,1.08,-34.23,35.31,25.58,2.56,1.01,2.96,3,2.63,-1.56,0.446,94.3,0.29100000000000004,85.0,0.073,89.1,0.08199999999999999,80.6,0.08199999999999999,85.6,0.025,86.4,0.001,76.0,0.003,,20.5,-9.8,-6.5,8.3,17.6,-0.4,-0.7,0.62,-0.45,-1.2,1.36,2.9,-0.2,-7.89,0.35100000000000003,0.74,0.518,0.507,0.7959999999999999,0.684,0.429,0.642,0.16399999999999998,-4.6,0.262,,0.073,0.022000000000000002,0.001,0.182,0.293,0.064,0.02,0.001,0.08199999999999999,0.0,0.001,,94.6,,89.4,86.1,82.1,93.9,84.9,79.8,83.2,46.6,85.7,79.2,76.0,-2.3,,0.7,-4.5,-3.9,-6.2,2.7,1.6,1.7,-0.8,0.5,-4.9,-4.5,9.1,,4.5,2.3,0.3,4.6,1.1,-4.8,-4.0,6.5,3.0,-2.6,-2.7,18.0,,-9.4,-0.8,-0.3,1.2,-14.0,10.2,-0.2,0.3,17.6,0.0,-0.7,0.93,,-1.74,-0.5,-4.03,0.09,-0.65,2.14,-0.15,5.9,2.89,1.91,-7.98,0.311,0.71,0.518,0.43,0.787,0.684,0.519,18.8,-31.9,-1.1,-3.3,30 - 32,27.3,5.7,3.5,0.374,0.365,0.261,0.147,0.479,0.374,0.391,0.08199999999999999,,0.078,0.261,0.073,0.022000000000000002,0.001,0.0,0.183,0.301,0.0,85.3,,80.5,94.6,89.5,86.1,76.0,79.5,94.0,85.0,93.0,0.6,,1.8,-2.1,1.1,-4.5,-4.0,-4.0,-5.8,3.2,0.0,1.6,,-6.4,8.2,3.5,0.8,-4.4,-4.2,3.4,-0.2,0.0,16.7,,11.7,19.8,-11.2,-1.3,-0.7,0.0,2.1,-16.3,0.0,2.77,,2.02,1.02,-2.09,-0.77,-7.98,1.91,0.15,-0.73,3.5,0.314,0.711,0.519,0.43700000000000006,0.7859999999999999,0.6829999999999999,0.516,18.8,,105,75,126,98,114,128,110,0.91,106,98,157,92,105,107,94,92,117,90.7,10.8,162,0.134,114.1,572,0.474,1207,0.14400000000000002,0.307,0.249,0.477,0.335,6.6
669911,"Toglia, Michael",R,73.281554314,35.43995019380713,14.595428771667416,-2.9762588094018203,0.4159690920798452,3.363267110101757,28.424265834330555,25.060998724228803,30.62136348287155,1553,Michael Toglia,COL,25,249,846,947,168,90,34,4,40,102,96,92,4,329,3,5,0,17,14,2,0.199,192,219,111,11,3856,1432,2424,7,0,0,0.09699999999999999,0.34700000000000003,0.28,0.278,0.39,0.668,0.191,0.266,0.0088,0.213,0.368,0.42,0.05,0.183,0.036000000000000004,0.0,0.29,-17.8,94,-34.4,-9.2,28.8,-17.0,-28.9,-2.9,($23.3),4.9,70,-4.93,-18.76,13.83,-43.58,-4.1,0.99,0.73,6,-2.92,-2.06,0.42200000000000004,94.2,0.18600000000000003,84.3,0.086,89.5,0.127,80.1,0.139,85.6,0.038,86.1,0.002,77.5,0.004,,4.0,-12.2,3.5,-5.8,-6.9,-5.0,0.9,0.25,-1.7,1.05,-1.19,-1.29,-3.43,15.24,0.31,0.705,0.47,0.43200000000000005,0.7979999999999999,0.654,0.406,0.636,0.163,0.0,0.337,,0.08900000000000001,0.035,,0.08,0.182,0.113,0.02,,0.141,0.001,0.002,,94.3,,89.9,86.1,,93.4,84.3,79.9,81.0,,85.6,79.6,77.4,-2.0,,0.3,-4.6,,0.4,1.2,2.2,1.9,,-1.8,-5.4,-3.8,8.1,,3.9,2.6,,3.9,0.6,-5.1,-5.1,,2.7,-1.7,1.2,-5.9,,4.1,-4.1,,7.9,-11.3,-5.7,-2.5,,-7.8,0.0,0.9,-0.45,,1.2,-2.99,,2.55,-1.62,-1.32,-3.23,,-1.44,-0.76,15.42,0.287,0.6609999999999999,0.47,0.331,0.8,0.654,0.491,18.4,-26.2,0.6,2.0,24 - 26,-34.3,2.9,-0.3,0.41600000000000004,0.354,0.23,0.126,0.469,0.40399999999999997,0.48700000000000004,0.147,,0.128,0.332,0.092,0.028999999999999998,0.002,0.001,0.084,0.185,0.001,85.7,,80.1,94.5,89.8,86.2,77.4,79.5,93.3,84.3,99.1,-2.0,,2.3,-2.0,0.4,-4.9,-3.7,-5.1,0.1,1.1,0.0,1.7,,-6.4,7.6,3.4,1.8,0.6,-3.3,3.1,-0.4,0.0,-9.0,,-7.7,-9.3,5.1,-3.5,0.9,0.0,10.6,-12.6,0.0,-1.58,,-1.56,-0.73,1.45,-3.12,15.42,-0.76,3.26,-1.76,-1.0,0.285,0.662,0.47100000000000003,0.321,0.8029999999999999,0.655,0.49200000000000005,18.4,,80,116,156,88,96,122,90,1.07,86,112,153,102,101,94,80,90,126,91.1,16.2,67,0.128,113.1,244,0.467,523,0.158,0.32,0.219,0.424,0.312,-2.8
663993,"Lowe, Nathaniel",L,73.208846256,30.35917458958664,6.692868615513425,8.238178150178905,0.4773376888525931,0.3839323915859538,27.654490730162777,27.27055833857683,30.256760079562376,2449,Nathaniel Lowe,- - -,28,454,1649,1898,415,280,77,7,51,215,235,226,5,449,11,12,0,37,4,0,0.252,560,388,264,32,8014,3121,4893,37,0,0,0.11900000000000001,0.237,0.5,0.344,0.4,0.743,0.148,0.314,0.0144,0.218,0.462,0.32,0.08199999999999999,0.131,0.066,0.0,0.327,19.7,246,24.2,8.4,58.1,-33.7,52.8,5.4,$42.9,3.0,111,1.22,-31.03,32.25,28.26,2.98,0.97,1.42,11,1.02,0.24,0.556,94.2,0.168,84.6,0.076,90.1,0.087,79.8,0.08,86.1,0.033,87.1,,,0.003,,2.9,2.2,-1.7,6.1,6.7,0.2,,0.07,0.16,-0.27,0.88,1.05,0.09,,0.267,0.662,0.43799999999999994,0.6559999999999999,0.8859999999999999,0.8059999999999999,0.43200000000000005,0.586,0.085,-9.9,0.4,,0.079,0.033,0.001,0.15,0.16399999999999998,0.075,0.017,0.001,0.08,,,,94.5,,90.5,86.9,83.8,93.4,84.8,79.5,80.8,56.8,86.2,,,-2.3,,0.2,-7.1,-5.6,-0.2,1.0,2.3,3.6,-2.7,-6.9,,,9.1,,4.9,2.1,0.1,4.5,1.0,-5.6,-5.9,8.1,3.0,,,14.3,,-0.2,1.0,0.5,-13.1,2.7,2.3,1.8,0.7,2.6,,,0.45,,-0.03,0.36,7.87,-1.09,0.2,0.38,1.33,10.26,0.41,,,0.235,0.625,0.43799999999999994,0.5760000000000001,0.885,0.805,0.519,18.6,-25.3,-3.0,-5.1,27 - 29,14.3,5.7,-1.3,0.309,0.38299999999999995,0.308,0.171,0.501,0.32799999999999996,0.38299999999999995,0.083,0.0,0.084,0.39399999999999996,0.081,0.03,,,0.152,0.174,,85.9,67.3,79.7,94.6,90.8,86.5,,,93.5,84.8,,-6.7,1.1,3.5,-2.3,0.6,-6.5,,,0.2,0.8,,1.5,-6.2,-7.8,8.2,4.2,1.1,,,3.3,-0.3,,2.5,0.0,5.9,17.2,-2.3,2.6,,,-13.5,0.5,,0.37,3.51,0.88,0.54,-0.36,1.09,,,-1.11,0.03,,0.23600000000000002,0.622,0.43799999999999994,0.575,0.884,0.805,0.523,18.6,,103,143,105,109,99,93,108,1.1,110,84,111,76,110,127,108,96,103,89.3,8.5,78,0.064,111.8,498,0.41100000000000003,1212,0.17300000000000001,0.258,0.246,0.39,0.326,5.4
502054,"Pham, Tommy",R,73.160775258,27.77994056077492,7.642745427246398,0.8012118784201487,0.501480165778567,1.4712444834540417,31.62893488123323,30.157690397779184,27.95297760208148,1689,Tommy Pham,- - -,36,365,1258,1408,314,208,64,7,35,148,159,132,4,306,6,12,0,28,34,9,0.25,463,308,193,25,5547,2118,3429,32,0,0,0.094,0.217,0.43,0.321,0.395,0.716,0.145,0.3,0.015,0.2,0.48,0.32,0.081,0.114,0.069,0.0,0.312,-1.7,166,-2.1,-3.2,43.1,-16.8,20.3,2.0,$16.2,4.8,99,0.04,-25.72,25.76,7.93,0.88,1.03,1.41,25,-0.48,0.52,0.475,93.9,0.24600000000000002,84.8,0.076,89.1,0.09,80.1,0.09,85.0,0.023,86.4,0.0,75.0,0.003,,6.7,-3.3,4.6,-3.7,-5.1,1.5,0.0,0.25,-0.24,1.09,-0.74,-1.02,1.15,2.69,0.226,0.632,0.41200000000000003,0.573,0.8759999999999999,0.7859999999999999,0.457,0.61,0.08800000000000001,-4.7,0.28,,0.077,0.02,0.001,0.193,0.244,0.075,0.018000000000000002,,0.091,0.0,0.0,,94.0,,89.3,86.9,84.0,93.5,84.8,79.5,81.9,,84.9,81.8,75.4,-1.8,,0.6,-5.0,-4.7,-4.6,2.5,1.5,1.8,,1.1,-5.0,-7.3,9.3,,4.8,2.4,0.9,5.0,1.1,-5.2,-4.3,,3.4,-3.8,-8.2,5.2,,3.0,1.4,0.1,0.2,-3.2,-0.5,-2.4,,-5.8,0.4,0.0,0.34,,0.71,1.31,1.26,0.02,-0.24,-0.12,-2.32,,-1.14,39.21,2.69,0.183,0.6,0.41200000000000003,0.451,0.8690000000000001,0.7859999999999999,0.55,17.9,-20.0,0.6,0.6,35 - 37,-6.8,4.1,-0.5,0.386,0.369,0.245,0.134,0.509,0.35700000000000004,0.336,0.091,,0.084,0.275,0.08199999999999999,0.021,,0.0,0.19,0.254,0.002,85.0,,79.9,94.2,89.7,86.2,,81.8,93.7,84.8,87.3,0.9,,1.3,-1.5,0.7,-4.1,,-4.7,-4.6,2.9,0.0,2.1,,-6.8,8.3,4.1,0.9,,-4.9,3.9,-0.3,0.0,-4.0,,-2.8,9.9,-4.9,1.4,,0.4,-4.8,1.5,0.1,-0.8,,-0.6,0.65,-1.09,1.19,,39.21,-0.45,0.1,0.93,0.187,0.599,0.41200000000000003,0.466,0.867,0.784,0.546,17.9,,102,110,98,101,97,91,103,1.01,114,84,94,95,106,101,85,98,111,91.4,7.9,79,0.08199999999999999,113.7,446,0.46299999999999997,964,0.20600000000000002,0.295,0.262,0.429,0.333,2.7
669357,"Gorman, Nolan",L,73.13342284,35.22780675365092,16.56560842246861,-1.705582891648247,0.4752351097178682,1.2162863406874171,33.38034119574506,32.164054855057614,28.5709385238246,1595,Nolan Gorman,STL,24,337,1122,1268,242,135,46,1,60,149,172,134,4,435,4,8,0,8,14,4,0.216,206,341,146,38,5142,1889,3253,15,2,2,0.106,0.34299999999999997,0.31,0.3,0.419,0.719,0.203,0.287,0.006,0.21100000000000002,0.297,0.49200000000000005,0.111,0.17600000000000002,0.073,1.0,0.311,-3.3,148,-1.6,-12.7,38.8,-1.9,23.8,2.4,$19.0,3.4,99,-0.98,-23.88,22.9,0.9,-0.07,1.02,2.04,21,0.66,-1.62,0.496,94.2,0.19399999999999998,84.4,0.07400000000000001,89.7,0.087,80.2,0.11199999999999999,86.9,0.035,86.2,0.002,77.1,0.003,,4.4,-4.0,0.0,2.3,-7.4,0.4,-0.4,0.17,-0.4,0.0,0.51,-1.29,0.25,-4.42,0.317,0.721,0.49,0.491,0.7709999999999999,0.6679999999999999,0.429,0.613,0.163,-2.7,0.374,,0.076,0.034,0.003,0.121,0.185,0.079,0.017,0.001,0.10800000000000001,0.0,0.002,,94.5,,90.0,86.3,82.7,93.4,84.5,79.7,81.8,49.2,86.8,80.3,77.0,-3.1,,0.5,-5.9,-5.4,-2.1,0.7,3.0,3.5,0.5,-8.1,-4.6,-2.6,8.9,,4.8,1.7,0.2,4.6,0.9,-5.0,-4.7,9.4,3.0,-1.6,-1.0,-6.9,,0.1,-0.3,-0.4,10.9,-5.9,5.6,-3.2,0.3,-6.0,0.1,-0.4,-0.36,,0.02,-0.16,-3.38,1.75,-0.62,1.37,-3.68,7.99,-1.09,6.34,-4.48,0.281,0.6829999999999999,0.49,0.392,0.772,0.667,0.519,18.7,-14.5,-0.8,1.8,23 - 25,-4.3,3.8,3.9,0.436,0.331,0.233,0.161,0.496,0.342,0.496,0.109,,0.085,0.365,0.083,0.036000000000000004,0.002,0.0,0.12300000000000001,0.198,,86.9,,80.2,94.5,90.4,86.1,77.5,80.4,93.6,84.4,,-7.9,,3.8,-3.0,0.6,-5.6,-2.1,-4.6,-2.2,0.7,,1.7,,-7.0,8.2,4.1,0.5,-2.3,-3.5,3.5,-0.3,,-6.4,,4.3,-6.5,4.1,-1.4,-0.4,0.1,8.7,-8.4,,-1.16,,0.97,-0.34,0.96,-0.76,-4.48,6.34,1.38,-0.83,,0.285,0.68,0.49,0.397,0.774,0.6679999999999999,0.518,18.7,,87,123,154,94,103,127,97,1.06,70,132,144,107,95,96,102,95,106,89.8,21.6,99,0.142,112.3,299,0.43,695,0.142,0.305,0.212,0.445,0.32,3.2
666139,"Lowe, Josh",L,73.062340785,36.22189116560896,7.935860740756539,-0.2781570125640772,0.4590799031476997,7.287832147054893,30.641176751438195,23.35334460438331,30.5132710464701,2065,Josh Lowe,TBR,26,349,1215,1323,308,188,73,6,41,164,157,96,7,356,4,7,1,15,75,8,0.253,352,316,193,24,5556,1883,3673,18,6,4,0.073,0.26899999999999996,0.27,0.309,0.425,0.733,0.171,0.324,0.0111,0.22399999999999998,0.409,0.36700000000000005,0.076,0.13,0.051,0.667,0.315,1.0,159,6.6,-4.3,40.5,-15.6,42.5,4.3,$34.1,6.6,104,1.61,-23.5,25.1,10.75,0.99,1.0,1.74,28,1.91,-0.3,0.47700000000000004,94.3,0.183,84.7,0.078,89.6,0.095,80.5,0.13,86.5,0.036000000000000004,86.5,,,0.005,,-2.4,-8.8,-2.1,4.7,11.1,-3.2,,-0.09,-0.87,-0.48,0.89,1.54,-1.59,,0.387,0.73,0.53,0.645,0.8029999999999999,0.735,0.41700000000000004,0.621,0.14,10.9,0.36,,0.08199999999999999,0.036000000000000004,0.0,0.115,0.177,0.079,0.02,0.0,0.129,,0.0,,94.5,,89.5,86.2,84.4,93.6,84.7,80.0,82.2,51.9,86.6,,55.8,-3.9,,0.4,-7.2,-5.9,-3.1,1.5,3.6,3.9,1.5,-8.8,,5.3,9.2,,4.9,2.4,0.3,4.2,0.9,-5.1,-6.1,3.3,3.1,,0.6,0.1,,-3.0,-4.5,0.1,-3.7,-5.6,4.4,-2.5,0.4,11.2,,-0.1,0.01,,-0.67,-2.26,6.25,-0.58,-0.57,1.01,-2.26,17.6,1.56,,-5.8,0.354,0.7020000000000001,0.53,0.598,0.8009999999999999,0.7340000000000001,0.505,18.8,-19.9,9.6,-0.1,25 - 27,17.5,4.4,3.2,0.35600000000000004,0.353,0.29100000000000004,0.15,0.529,0.321,0.373,0.134,,0.08900000000000001,0.35,0.091,0.031,0.0,,0.11900000000000001,0.185,0.0,86.6,,80.2,94.5,89.8,86.1,55.6,,93.7,84.6,67.3,-8.4,,4.4,-3.5,0.8,-6.4,7.8,,-2.9,1.7,0.0,1.5,,-7.4,8.2,3.9,1.5,-1.4,,3.2,-0.6,0.0,10.2,,3.9,-1.5,-1.0,-3.6,-0.1,,-2.9,-11.2,0.0,1.37,,0.8,-0.08,-0.2,-2.09,-5.8,,-0.44,-1.09,2.42,0.36200000000000004,0.701,0.53,0.604,0.8,0.733,0.49700000000000005,18.8,,104,88,118,98,105,106,111,1.14,98,95,107,87,102,120,95,101,100,89.4,13.3,79,0.091,113.3,358,0.413,867,0.13,0.27,0.247,0.419,0.313,4.8
641857,"McMahon, Ryan",L,73.046042517,38.47485682640452,10.460690283433308,3.06537137181788,0.4337631887456035,1.9179231988407357,24.23596206691597,22.318038868075227,32.71821993083502,2559,Ryan McMahon,- - -,29,459,1631,1858,379,230,82,4,63,210,188,207,7,572,8,10,0,35,12,12,0.232,476,362,218,11,7970,3003,4967,24,13,6,0.111,0.308,0.36,0.32,0.403,0.723,0.171,0.314,0.0131,0.20600000000000002,0.451,0.34299999999999997,0.03,0.174,0.05,0.462,0.316,2.8,224,-26.6,18.4,56.8,5.9,55.2,5.6,$44.9,3.0,88,-3.38,-33.14,29.76,-44.49,-4.35,0.96,1.67,8,-3.65,0.14,0.52,94.0,0.182,84.5,0.081,89.8,0.085,80.1,0.099,86.4,0.031,86.1,0.001,78.1,0.004,,-1.1,-2.7,-3.0,0.8,1.6,0.3,-0.1,-0.03,-0.19,-0.46,0.11,0.2,0.1,-0.78,0.295,0.675,0.46399999999999997,0.547,0.784,0.701,0.446,0.615,0.139,-5.1,0.40299999999999997,,0.086,0.028999999999999998,0.002,0.11599999999999999,0.17300000000000001,0.07400000000000001,0.016,0.0,0.098,0.0,0.001,,94.2,,89.8,86.5,81.5,93.2,84.5,79.7,81.3,61.0,86.3,82.0,78.1,-2.2,,0.4,-6.2,-5.1,-0.3,0.5,1.9,2.9,-5.5,-6.6,-3.4,-2.7,8.3,,4.2,1.9,1.8,4.1,0.8,-4.7,-5.6,9.6,2.7,-1.6,-0.4,12.6,,-5.3,-1.0,-0.1,-13.6,-1.1,-5.3,4.6,-0.2,-0.6,0.1,-0.1,0.39,,-0.77,-0.43,-0.94,-1.48,-0.08,-0.89,3.5,-10.85,-0.07,5.37,-0.74,0.262,0.645,0.465,0.46399999999999997,0.7859999999999999,0.701,0.53,18.2,24.3,-5.8,1.5,28 - 30,-31.7,5.8,-1.4,0.373,0.37,0.257,0.10099999999999999,0.493,0.406,0.45299999999999996,0.1,0.0,0.083,0.397,0.08800000000000001,0.03,0.002,0.0,0.11800000000000001,0.184,,86.4,78.6,80.0,94.3,90.2,86.2,78.4,82.2,93.1,84.5,,-6.5,4.1,2.4,-2.3,0.4,-5.8,-1.9,-3.8,-0.2,0.3,,1.6,-8.3,-6.4,7.7,3.8,0.7,-1.2,-2.3,3.3,-0.2,,0.0,0.1,-0.4,6.9,-3.3,-1.3,0.0,0.1,-9.7,-2.3,,0.0,1.85,-0.07,0.22,-0.47,-0.53,-0.15,5.37,-1.04,-0.15,,0.262,0.643,0.465,0.46799999999999997,0.784,0.701,0.532,18.2,,94,131,138,101,99,107,107,1.04,106,92,143,92,106,106,64,95,126,92.0,11.1,122,0.114,113.6,513,0.479,1071,0.158,0.29600000000000004,0.233,0.428,0.327,5.3
673548,"Suzuki, Seiya",R,73.038183,30.81691623790212,6.804718065645369,-1.4349390065697047,0.4758771929824561,4.271607893139933,32.93774887663356,28.66614098349364,28.52301398079086,2280,Seiya Suzuki,CHC,29,421,1598,1819,432,255,89,15,73,224,250,193,7,454,9,19,0,27,27,15,0.27,419,496,248,40,7687,3013,4674,36,0,0,0.106,0.25,0.43,0.349,0.482,0.83,0.212,0.329,0.0084,0.213,0.36,0.426,0.081,0.147,0.086,0.0,0.355,61.2,278,62.9,-2.1,55.6,-29.1,89.5,9.1,$72.8,4.8,129,2.25,-29.71,31.96,59.11,5.95,0.94,1.32,4,5.06,-2.68,0.48100000000000004,94.0,0.251,84.8,0.073,89.2,0.08199999999999999,79.8,0.092,85.4,0.021,87.6,,,0.004,,26.1,11.9,3.4,6.6,8.1,3.2,,0.71,0.62,0.61,1.06,1.14,1.98,,0.24,0.618,0.40399999999999997,0.64,0.8640000000000001,0.789,0.433,0.59,0.085,-3.3,0.28800000000000003,,0.076,0.02,0.0,0.192,0.245,0.07400000000000001,0.013000000000000001,0.0,0.091,0.0,0.0,,94.3,,89.2,87.1,83.2,93.6,84.9,79.3,81.0,59.4,85.4,81.7,61.1,-2.0,,0.5,-5.0,-4.4,-4.5,2.6,0.8,2.0,-6.0,1.9,-6.0,3.2,9.1,,4.4,1.9,3.2,4.5,1.1,-4.8,-5.2,-3.6,3.2,-1.7,11.6,4.9,,4.1,4.1,1.1,18.3,10.3,6.7,0.2,-0.2,5.3,-0.2,0.0,0.22,,0.7,2.61,35.01,1.24,0.54,1.17,0.24,-21.4,0.76,-23.86,2.69,0.204,0.585,0.40399999999999997,0.575,0.855,0.7879999999999999,0.524,18.6,-31.2,-4.1,-3.0,28 - 30,59.6,5.4,3.1,0.386,0.38299999999999995,0.23,0.14,0.486,0.374,0.396,0.09,0.0,0.075,0.28800000000000003,0.075,0.021,0.0,0.0,0.191,0.258,0.0,85.5,79.7,79.5,94.4,89.5,86.8,61.1,82.1,93.7,84.8,90.9,1.8,4.2,1.3,-1.8,0.7,-4.2,4.0,-5.2,-4.4,2.9,0.0,1.9,-8.9,-7.0,8.2,3.5,0.8,11.0,-3.5,3.4,-0.3,0.0,5.1,0.0,4.2,5.1,4.5,4.3,0.0,-0.2,17.7,13.8,0.0,0.73,1.07,0.73,0.23,0.78,2.64,2.69,-23.86,1.21,0.7,-3.94,0.20199999999999999,0.584,0.40399999999999997,0.568,0.8540000000000001,0.787,0.529,18.6,,109,125,112,109,118,133,112,1.07,84,114,123,95,110,95,89,93,116,91.5,15.0,151,0.13,116.2,565,0.486,1163,0.204,0.289,0.259,0.478,0.353,9.7
521692,"Perez, Salvador",R,73.024505064,34.52385431028343,13.065142659499545,-5.89894359861769,0.5515858549033902,0.1810403996454293,29.756707957365972,29.57566755772055,27.454699171852024,2743,Salvador Perez,KCR,34,453,1725,1873,438,274,84,0,80,171,284,91,20,389,36,15,0,42,0,0,0.254,471,593,287,53,6632,2081,4551,18,0,0,0.049,0.20800000000000002,0.23,0.303,0.442,0.744,0.188,0.282,0.0079,0.212,0.349,0.439,0.08900000000000001,0.135,0.038,0.0,0.316,3.9,227,0.1,-16.3,57.2,2.6,34.2,3.5,$28.3,0.8,100,-0.76,-34.03,33.27,0.82,0.24,0.99,2.76,1,-0.61,-0.16,0.414,94.2,0.295,84.8,0.08,88.9,0.08900000000000001,80.7,0.08900000000000001,85.2,0.032,85.5,,,0.011000000000000001,,5.0,-0.5,-0.8,-1.6,-0.9,-3.0,,0.18,-0.02,-0.15,-0.27,-0.16,-1.39,,0.47100000000000003,0.767,0.583,0.619,0.856,0.738,0.38,0.645,0.153,-15.6,0.268,,0.081,0.027999999999999997,0.001,0.145,0.3,0.068,0.018000000000000002,0.0,0.09,,,,94.3,,89.3,85.6,82.1,94.0,84.7,80.0,82.8,50.3,85.1,,,-2.0,,0.7,-4.8,-4.5,-5.8,3.0,2.3,2.8,-5.7,0.5,,,9.1,,4.7,2.5,0.7,4.9,1.0,-5.4,-5.2,10.3,3.2,,,2.4,,0.3,-3.0,0.3,4.7,-7.1,-1.3,1.3,-0.1,-4.3,,,0.14,,0.06,-1.61,3.79,0.49,-0.36,-0.28,1.11,-2.78,-0.72,,,0.431,0.76,0.584,0.573,0.843,0.736,0.465,19.0,-13.7,-2.8,-9.3,33 - 35,-15.5,6.2,-1.3,0.469,0.315,0.21600000000000003,0.155,0.478,0.366,0.299,0.091,,0.078,0.264,0.081,0.028999999999999998,,,0.147,0.311,0.0,85.3,,80.5,94.5,89.6,85.5,,,94.1,84.8,89.9,0.5,,2.6,-1.8,1.0,-4.3,,,-5.5,3.6,-5.4,1.8,,-7.3,8.2,3.8,1.0,,,3.9,-0.3,8.8,-6.2,,-2.5,-0.5,-0.5,-0.8,,,4.7,-3.3,0.0,-1.02,,-0.48,-0.03,-0.1,-0.41,,,0.49,-0.16,3.5,0.433,0.758,0.584,0.579,0.84,0.736,0.465,19.0,-18.1,104,59,91,97,110,117,97,1.08,84,113,113,114,91,90,98,92,115,90.4,17.6,163,0.12,114.8,611,0.45,1357,0.10300000000000001,0.255,0.267,0.511,0.349,4.0
663457,"Nootbaar, Lars",L,72.948788348,29.01503872786596,8.872620237655877,-1.8243342336809467,0.5492102065613609,2.6148951353339696,32.66393388271807,30.049038747384103,27.838322894241767,1646,Lars Nootbaar,STL,26,361,1283,1491,315,206,65,5,39,181,139,188,7,297,8,9,3,21,22,9,0.246,450,362,179,35,6098,2435,3663,22,7,3,0.126,0.19899999999999998,0.63,0.343,0.395,0.739,0.15,0.289,0.0124,0.18100000000000002,0.45399999999999996,0.365,0.09699999999999999,0.10800000000000001,0.049,0.429,0.325,13.3,191,15.4,-0.2,45.6,-10.3,56.3,5.7,$45.5,4.1,108,0.41,-26.02,26.43,4.5,0.37,1.03,1.05,10,1.69,-1.3,0.485,93.9,0.20199999999999999,84.3,0.064,89.1,0.08900000000000001,80.1,0.126,86.6,0.034,87.3,0.0,76.0,0.005,,9.5,-13.4,11.4,7.2,9.8,-5.6,-0.1,0.32,-1.09,2.9,1.33,1.28,-2.75,-5.66,0.222,0.5660000000000001,0.373,0.691,0.8909999999999999,0.825,0.441,0.5539999999999999,0.065,1.3,0.315,,0.066,0.035,0.0,0.168,0.198,0.078,0.016,0.001,0.12300000000000001,0.0,0.0,,94.3,,89.5,87.2,85.1,93.4,84.3,79.6,82.0,52.0,86.5,80.2,76.3,-2.5,,0.4,-6.3,-6.1,-2.1,0.5,3.0,3.1,-1.2,-7.6,-4.3,0.1,9.0,,4.9,1.7,2.9,4.7,1.0,-4.9,-4.9,8.8,2.9,-2.2,3.0,8.1,,8.7,-6.7,-0.2,-1.7,-13.3,3.7,4.3,0.2,9.9,-0.1,-0.1,0.42,,2.15,-3.1,-18.16,-0.16,-1.1,0.78,4.52,4.11,1.32,-5.8,-5.66,0.19,0.536,0.373,0.634,0.885,0.825,0.531,18.2,-10.5,-2.2,2.3,25 - 27,16.8,4.4,-0.7,0.35200000000000004,0.40399999999999997,0.244,0.165,0.47100000000000003,0.364,0.35100000000000003,0.124,,0.08900000000000001,0.31,0.073,0.032,0.0,0.0,0.171,0.19899999999999998,0.001,86.6,,80.1,94.3,89.7,86.7,76.4,80.3,93.5,84.4,92.7,-7.4,,3.0,-2.4,0.3,-5.8,0.9,-4.4,-2.1,0.6,0.0,1.6,,-6.5,8.1,4.0,0.6,1.5,-3.5,3.5,-0.2,0.0,8.2,,7.0,8.6,9.2,-6.1,-0.1,-0.1,-1.6,-12.2,0.0,1.08,,1.29,0.46,2.07,-3.15,-5.66,-5.8,-0.15,-1.0,-0.88,0.19,0.537,0.373,0.6409999999999999,0.884,0.825,0.528,18.2,,99,147,90,108,97,94,98,0.91,106,98,89,86,115,101,105,91,113,90.7,10.5,96,0.096,113.5,457,0.45799999999999996,998,0.226,0.292,0.249,0.432,0.342,5.9
665862,"Chisholm Jr., Jazz",L,72.917894626,34.24256883049572,15.00929692544756,-3.727528382623736,0.5454117647058825,4.022736460802613,29.90341835547325,25.880681894670644,25.672627589535885,2125,Jazz Chisholm Jr.,- - -,26,374,1376,1535,344,215,48,7,74,199,204,137,6,418,12,8,2,13,93,21,0.25,427,373,148,28,6188,2327,3861,34,20,11,0.08900000000000001,0.272,0.33,0.322,0.456,0.778,0.206,0.303,0.011399999999999999,0.156,0.45,0.39299999999999996,0.075,0.198,0.08,0.55,0.334,26.2,208,24.9,6.3,46.8,4.8,100.9,10.3,$82.5,6.1,114,-0.22,-27.31,27.09,18.41,2.0,1.0,1.29,9,3.37,-3.6,0.436,93.7,0.207,84.4,0.08900000000000001,89.6,0.081,80.0,0.135,86.1,0.051,86.8,0.001,80.0,0.005,,15.0,-2.0,6.0,4.0,13.5,-0.1,-0.6,0.56,-0.15,1.09,0.79,1.61,-0.04,-11.26,0.301,0.682,0.46,0.565,0.7809999999999999,0.6990000000000001,0.418,0.602,0.138,12.9,0.29600000000000004,,0.092,0.049,0.002,0.136,0.19899999999999998,0.069,0.019,0.003,0.133,,0.001,,94.3,,89.9,86.8,83.7,93.1,84.4,79.5,81.5,49.8,86.1,,80.0,-2.7,,0.3,-7.2,-4.7,0.8,0.2,2.8,3.5,-3.1,-7.0,,-5.5,9.3,,5.0,2.1,2.2,4.5,1.1,-5.0,-5.7,8.0,3.1,,-2.1,6.8,,7.8,-0.7,-0.6,3.7,-6.5,4.0,2.1,2.0,12.8,,-0.6,0.37,,1.37,-0.24,-4.15,0.43,-0.53,0.93,1.78,11.98,1.55,,-11.16,0.273,0.644,0.46,0.507,0.778,0.698,0.503,18.4,11.1,7.4,3.3,25 - 27,37.8,5.2,2.2,0.46299999999999997,0.34700000000000003,0.19,0.15,0.522,0.32899999999999996,0.41,0.138,,0.078,0.297,0.087,0.047,0.001,,0.135,0.218,,85.8,,79.9,94.1,90.1,86.7,80.1,,93.2,84.5,,-6.7,,3.7,-2.6,0.4,-6.5,-4.5,,0.7,0.2,,1.6,,-7.4,8.2,4.1,0.6,-4.5,,3.1,-0.3,,13.8,,4.7,9.2,3.8,-1.8,-0.6,,5.6,-3.2,,1.62,,0.98,0.51,0.72,-0.63,-11.16,,0.67,-0.24,,0.27399999999999997,0.6409999999999999,0.46,0.507,0.778,0.698,0.505,18.4,,102,107,121,102,112,128,104,0.79,107,103,163,113,99,78,95,100,103,89.6,12.7,117,0.121,112.2,406,0.419,968,0.157,0.29600000000000004,0.232,0.443,0.324,10.0
680777,"Jeffers, Ryan",R,72.853994251,29.56197455576155,10.054442067314357,-3.7373530804675994,0.5368608799048753,2.436310396633331,30.05390759425996,27.61759719762664,27.22285443078511,1682,Ryan Jeffers,MIN,27,337,1104,1264,280,171,63,2,44,149,154,115,2,278,31,9,5,24,7,3,0.254,323,351,158,44,5018,1838,3180,21,8,1,0.091,0.22,0.41,0.338,0.434,0.772,0.18,0.298,0.0092,0.19,0.38799999999999996,0.42200000000000004,0.125,0.125,0.065,0.125,0.336,24.0,174,24.8,-14.6,38.6,10.0,57.9,5.9,$47.0,3.1,117,-0.23,-22.07,21.85,2.52,0.19,0.97,1.86,29,1.62,-1.85,0.504,93.5,0.242,84.6,0.076,89.1,0.079,80.3,0.077,84.4,0.022000000000000002,85.5,,,0.003,,-5.4,2.5,7.0,3.1,11.6,-1.8,,-0.21,0.2,1.84,0.78,3.02,-1.61,,0.318,0.618,0.44,0.6609999999999999,0.868,0.779,0.405,0.604,0.09699999999999999,-5.1,0.303,,0.077,0.02,,0.191,0.24600000000000002,0.065,0.016,0.002,0.08,,,,94.0,,89.7,85.8,,93.4,84.6,79.5,82.6,50.2,84.1,,,-1.2,,0.5,-3.9,,-4.6,2.1,1.6,1.8,-1.6,2.4,,,9.4,,4.9,2.3,,4.7,0.8,-4.9,-5.1,10.4,3.7,,,2.8,,6.5,0.6,,-11.5,2.7,4.0,0.5,0.0,10.4,,,0.18,,1.67,0.62,,-1.2,0.22,1.24,0.59,0.41,2.6,,,0.292,0.591,0.44,0.603,0.866,0.777,0.494,18.7,-4.6,-2.2,-1.5,26 - 28,19.7,4.2,0.2,0.392,0.361,0.248,0.19,0.49,0.319,0.34600000000000003,0.08,,0.071,0.305,0.076,0.019,,,0.19,0.258,0.002,84.0,,80.1,93.7,89.7,85.4,,,93.5,84.5,81.7,2.4,,1.7,-1.0,0.6,-3.8,,,-4.5,2.6,-0.3,2.3,,-7.0,8.4,4.1,0.9,,,3.5,-0.6,0.6,12.3,,1.2,-1.8,8.2,-0.2,,,-7.6,4.3,-0.4,3.09,,0.32,-0.12,2.14,-0.17,,,-0.8,0.33,-4.49,0.293,0.59,0.44,0.609,0.862,0.777,0.494,18.7,-6.0,104,110,97,108,108,113,103,0.97,94,109,106,95,104,103,120,94,100,88.6,16.0,70,0.083,117.4,328,0.39,840,0.19399999999999998,0.29100000000000004,0.233,0.409,0.321,6.7
623993,"Santander, Anthony",R,72.847599976,26.354823060071208,7.644486315646669,-7.141728405717994,0.510184746565609,11.689871931638915,33.185637418082194,21.495765486443283,26.159997764917133,2111,Anthony Santander,- - -,29,362,1380,1542,326,174,71,3,78,188,215,138,5,342,14,10,0,26,7,1,0.236,350,538,160,95,6443,2258,4185,11,0,0,0.08900000000000001,0.222,0.4,0.31,0.462,0.772,0.225,0.256,0.006500000000000001,0.153,0.33399999999999996,0.513,0.177,0.145,0.031,0.0,0.33,20.3,204,25.7,-3.9,47.2,-22.5,47.2,4.8,$38.3,3.1,114,3.3,-25.99,29.3,23.2,2.3,0.94,2.95,5,3.06,0.44,0.48700000000000004,94.3,0.156,84.9,0.10300000000000001,89.5,0.086,80.1,0.128,85.8,0.04,86.1,,,0.004,,-4.6,-1.2,4.6,5.9,8.1,0.7,,-0.15,-0.12,0.7,1.06,0.98,0.28,,0.37200000000000005,0.684,0.493,0.731,0.862,0.8009999999999999,0.387,0.617,0.098,-4.3,0.38,,0.10400000000000001,0.038,,0.10400000000000001,0.159,0.068,0.017,,0.13,,,,94.4,,89.7,86.3,,93.8,85.0,79.5,81.4,,85.7,,,-2.0,,0.5,-6.2,,-3.4,2.2,2.1,4.2,,-3.1,,,9.4,,4.5,2.1,,4.7,0.9,-5.6,-6.5,,3.4,,,-5.3,,2.9,1.0,,-0.6,0.0,3.7,2.0,,7.7,,,-0.22,,0.43,0.4,,-0.09,0.0,0.84,1.79,,0.92,,,0.34700000000000003,0.659,0.493,0.6990000000000001,0.861,0.8,0.467,19.9,-26.3,-1.5,-0.8,28 - 30,21.4,4.8,1.3,0.467,0.315,0.21899999999999997,0.19,0.449,0.361,0.36200000000000004,0.132,0.0,0.08,0.37799999999999995,0.105,0.036000000000000004,,,0.102,0.16699999999999998,0.0,85.8,77.7,79.9,94.5,89.8,86.1,,,93.7,84.9,87.4,-3.2,5.2,2.9,-1.8,0.8,-5.9,,,-3.4,2.4,0.0,1.9,-10.4,-7.6,8.4,3.5,0.9,,,3.4,-0.4,0.0,8.5,-0.2,2.6,-3.4,2.4,-0.4,,,-1.3,3.8,-0.4,1.0,-12.06,0.51,-0.14,0.35,-0.16,,,-0.2,0.36,-35.88,0.345,0.659,0.493,0.6970000000000001,0.861,0.8,0.47,19.9,,97,108,97,99,115,141,88,0.78,80,133,123,114,91,90,120,86,113,90.1,21.1,106,0.10099999999999999,114.4,455,0.434,1048,0.158,0.255,0.223,0.424,0.315,5.2
669224,"Wells, Austin",L,72.837997625,33.34399893478468,10.888608578391237,-4.083399323720031,0.4884287454323995,-0.6655496196824044,29.75387709743914,30.41942671712154,24.884723857797805,1642,Austin Wells,NYY,24,260,825,937,185,99,46,2,38,101,139,80,0,219,10,19,1,22,6,3,0.224,219,291,109,29,3731,1348,2383,8,7,4,0.085,0.23399999999999999,0.37,0.294,0.423,0.717,0.199,0.25,0.0075,0.17600000000000002,0.354,0.47,0.1,0.131,0.037000000000000005,0.5710000000000001,0.308,-3.0,108,-0.5,20.5,28.5,17.1,66.7,6.8,$54.8,3.1,100,-0.76,-15.86,15.09,-3.44,-0.35,0.95,1.9,20,-1.19,0.38,0.424,94.1,0.217,84.6,0.08800000000000001,89.2,0.081,80.3,0.132,86.8,0.057999999999999996,86.2,,,0.001,,1.4,-7.6,1.4,-0.2,-1.1,2.8,,0.09,-0.94,0.42,-0.08,-0.22,1.3,,0.32,0.7440000000000001,0.505,0.5870000000000001,0.841,0.75,0.435,0.621,0.126,-2.1,0.295,,0.08900000000000001,0.057,,0.125,0.21600000000000003,0.069,0.015,,0.133,,,,94.5,,89.4,86.2,,93.4,84.6,79.9,81.1,,86.6,,,-3.0,,0.4,-7.5,,-1.1,1.0,3.9,3.0,,-8.2,,,9.4,,4.7,2.2,,4.2,1.0,-5.6,-6.1,,2.9,,,-2.7,,0.4,-0.4,,3.0,-5.2,-0.8,-0.8,,-0.8,,,-0.24,,0.11,-0.21,,0.64,-0.64,-0.33,-1.41,,-0.16,,,0.29100000000000004,0.7070000000000001,0.505,0.505,0.8440000000000001,0.7490000000000001,0.516,19.3,37.6,-1.4,0.2,23 - 25,-2.6,3.2,-0.2,0.391,0.33399999999999996,0.275,0.157,0.505,0.33899999999999997,0.36,0.141,,0.078,0.293,0.09,0.048,,,0.124,0.226,,86.6,,80.1,94.5,89.6,85.9,,,93.4,84.4,,-8.0,,4.4,-2.9,0.5,-6.9,,,-1.1,0.8,,1.5,,-7.8,8.4,3.8,0.9,,,2.9,-0.4,,-2.3,,0.3,-1.6,1.7,1.6,,,1.3,-8.9,,-0.45,,0.09,-0.15,0.5,0.9,,,0.28,-1.06,,0.292,0.7020000000000001,0.505,0.512,0.838,0.747,0.518,19.3,21.6,93,104,103,95,105,125,87,0.9,85,120,110,95,96,114,98,97,107,89.5,18.5,63,0.1,111.9,264,0.42,628,0.133,0.26,0.231,0.432,0.321,7.0
543807,"Springer, George",R,72.783220403,33.88176048217952,11.545455078442998,0.0246743568288309,0.5449202350965576,-4.090153224217255,22.182579255955734,26.272732480172973,28.158895049516847,2382,George Springer,TOR,34,439,1656,1883,432,284,71,5,72,267,212,189,4,351,19,9,0,50,54,7,0.261,582,476,256,54,7151,2686,4465,38,0,0,0.1,0.18600000000000003,0.54,0.342,0.44,0.782,0.179,0.29,0.012199999999999999,0.195,0.44299999999999995,0.36200000000000004,0.113,0.151,0.065,0.0,0.34,40.0,264,44.4,-8.1,57.6,-26.2,79.8,8.1,$65.0,5.4,120,0.61,-33.4,34.01,16.65,1.67,0.99,1.94,17,2.97,-2.35,0.461,94.0,0.26,84.8,0.095,88.9,0.055999999999999994,80.0,0.105,85.1,0.023,86.6,,,0.004,,28.6,-6.1,-1.4,10.0,5.9,-0.3,,0.87,-0.33,-0.21,2.51,0.79,-0.19,,0.26899999999999996,0.748,0.48100000000000004,0.616,0.8540000000000001,0.78,0.441,0.62,0.106,5.9,0.266,,0.099,0.02,0.0,0.19,0.258,0.048,0.012,0.001,0.106,,0.0,,94.5,,89.2,87.0,82.8,93.5,84.8,79.2,82.6,46.5,85.0,,57.1,-2.0,,0.7,-6.1,-6.0,-5.6,2.6,1.9,3.7,1.5,-0.9,,4.7,9.5,,4.7,2.1,1.7,4.6,1.2,-5.4,-5.6,8.1,3.1,,5.0,22.4,,-0.8,0.9,-0.3,4.4,-8.0,6.7,2.5,-0.5,5.0,,-0.2,1.18,,-0.11,0.61,-13.1,0.32,-0.43,1.98,2.95,-8.12,0.66,,-21.34,0.21,0.7140000000000001,0.48200000000000004,0.49,0.851,0.779,0.541,18.8,-34.3,4.3,1.2,33 - 35,50.2,6.2,-3.7,0.4,0.364,0.23600000000000002,0.16399999999999998,0.507,0.33,0.325,0.109,,0.051,0.262,0.096,0.013999999999999999,0.0,,0.193,0.275,,85.0,,79.9,94.4,89.4,85.9,57.2,,93.5,84.8,,-0.9,,2.6,-1.7,0.9,-5.5,5.5,,-5.5,3.1,,1.7,,-7.7,8.6,4.0,0.8,2.8,,3.4,-0.2,,4.8,,9.9,18.3,5.1,-0.1,-0.2,,4.8,-13.9,,0.62,,2.71,0.98,0.75,-0.14,-21.34,,0.35,-0.71,,0.21100000000000002,0.708,0.48200000000000004,0.499,0.848,0.778,0.546,18.8,,107,122,82,109,109,112,100,0.99,106,94,126,97,105,98,103,97,103,88.5,12.7,141,0.106,115.9,543,0.41,1324,0.14300000000000002,0.249,0.262,0.463,0.351,8.4
642715,"Adames, Willy",R,72.768847269,34.456483069458315,16.820859677817143,-2.70989270646185,0.5315660969654695,0.1840829472204931,30.9789867734602,30.794903826239715,30.447350275241924,2867,Willy Adames,- - -,28,470,1754,2012,406,232,84,4,86,260,279,225,6,517,12,18,0,33,38,11,0.231,414,594,247,65,8140,3018,5122,29,0,0,0.11199999999999999,0.257,0.44,0.32,0.431,0.751,0.2,0.274,0.006999999999999999,0.19699999999999998,0.33,0.473,0.109,0.145,0.07,0.0,0.325,18.2,257,18.8,12.4,61.5,20.7,120.4,12.3,$98.2,4.4,108,1.72,-36.09,37.8,24.51,2.57,1.03,,0,0.79,0.87,0.488,93.9,0.247,84.7,0.077,89.0,0.07400000000000001,80.1,0.087,85.3,0.027999999999999997,87.0,,,0.005,,3.6,9.3,-6.1,0.0,9.3,-0.3,,0.09,0.46,-0.98,-0.01,1.32,-0.13,,0.325,0.725,0.486,0.555,0.8420000000000001,0.728,0.40399999999999997,0.596,0.132,1.1,0.305,,0.077,0.026000000000000002,0.001,0.18100000000000002,0.24600000000000002,0.062,0.015,0.001,0.086,0.0,,,94.3,,89.2,87.3,82.5,93.5,84.6,79.5,81.7,48.2,85.2,80.1,,-1.7,,0.7,-4.4,-6.0,-5.6,2.0,1.9,2.2,-2.2,-0.8,-4.0,,9.2,,4.8,2.1,1.3,5.0,1.0,-4.8,-4.9,7.3,3.4,-2.9,,2.1,,-9.3,-0.2,-0.3,-4.0,9.3,2.8,-1.3,0.1,9.2,0.0,,0.08,,-1.49,-0.1,-2.28,-0.27,0.46,0.56,-1.01,0.93,1.32,0.0,,0.292,0.688,0.48700000000000004,0.469,0.84,0.727,0.49200000000000005,18.8,33.0,-0.3,1.6,27 - 29,19.9,6.0,0.2,0.45399999999999996,0.33799999999999997,0.20800000000000002,0.175,0.49,0.335,0.41200000000000003,0.08800000000000001,,0.071,0.301,0.08199999999999999,0.025,,0.0,0.179,0.253,,85.0,,79.9,94.3,89.5,86.7,,80.3,93.5,84.7,,-0.9,,2.1,-1.7,0.8,-4.0,,-4.0,-5.4,2.5,,1.9,,-6.7,8.3,4.0,0.7,,-4.4,3.7,-0.3,,9.4,,1.0,1.7,-9.2,-0.9,,0.0,-4.3,8.6,,1.33,,0.18,0.07,-1.37,-0.45,,0.0,-0.3,0.42,,0.293,0.688,0.48700000000000004,0.475,0.8390000000000001,0.727,0.49,18.8,,93,131,115,101,106,125,93,0.99,77,127,120,112,97,86,111,94,104,88.3,20.0,155,0.12300000000000001,112.3,503,0.4,1258,0.14300000000000002,0.275,0.233,0.446,0.334,12.4
607043,"Nimmo, Brandon",L,72.738616092,29.00195593765542,6.418982971092889,0.9047985933419996,0.4849550605705354,-0.0354527058325311,27.39807942977305,27.43353213560557,31.35684151975194,2559,Brandon Nimmo,NYM,31,458,1750,1997,444,281,82,9,72,258,250,201,2,445,30,14,2,21,31,4,0.254,567,501,250,44,8206,3074,5132,32,3,1,0.10099999999999999,0.223,0.45,0.338,0.434,0.773,0.181,0.298,0.0113,0.19,0.43,0.38,0.08800000000000001,0.14400000000000002,0.055999999999999994,0.33299999999999996,0.336,36.7,274,42.0,0.3,61.1,-11.8,98.0,9.9,$79.5,4.9,117,4.06,-33.26,37.32,61.01,6.4,0.98,1.66,6,4.05,0.07,0.541,93.8,0.18,84.7,0.077,89.0,0.095,80.4,0.078,86.1,0.027999999999999997,87.3,0.001,76.3,0.002,,1.8,10.5,3.0,7.1,24.1,-1.9,0.3,0.04,0.71,0.48,0.9,3.78,-0.82,4.37,0.265,0.667,0.446,0.626,0.873,0.7929999999999999,0.451,0.608,0.092,0.4,0.376,,0.077,0.027999999999999997,,0.161,0.17800000000000002,0.08199999999999999,0.018000000000000002,0.002,0.076,,0.001,,94.3,,89.5,87.0,,93.1,84.7,79.8,82.9,48.4,86.2,,76.3,-2.3,,0.2,-6.7,,-0.5,0.5,3.3,2.7,-1.7,-6.9,,-3.1,9.1,,5.1,2.0,,4.5,1.2,-5.4,-5.5,7.8,3.2,,-2.0,7.3,,0.5,0.2,,-7.7,8.1,5.4,4.1,-1.2,21.7,,0.3,0.24,,0.08,0.09,,-0.58,0.55,0.81,2.71,-8.89,3.5,,4.49,0.22899999999999998,0.633,0.446,0.54,0.871,0.792,0.537,18.6,-11.5,0.7,-2.3,30 - 32,42.5,6.0,2.0,0.359,0.35100000000000003,0.29,0.138,0.49700000000000005,0.366,0.36,0.078,,0.094,0.379,0.08,0.026000000000000002,0.001,,0.157,0.184,0.0,86.1,,80.3,94.4,89.7,86.7,76.3,,93.3,84.7,45.9,-6.6,,3.8,-2.1,0.5,-6.1,-2.6,,-0.6,0.5,7.6,1.8,,-7.1,8.2,4.2,0.9,-3.3,,3.2,-0.2,1.6,21.2,,6.9,7.7,2.6,-0.4,0.3,,-8.1,8.2,0.1,3.31,,0.89,0.25,0.4,-0.19,4.49,,-0.63,0.54,8.63,0.23,0.631,0.446,0.537,0.872,0.792,0.5379999999999999,18.6,,102,118,100,106,107,113,101,0.95,101,102,119,88,100,119,88,95,113,91.9,11.5,121,0.092,112.3,641,0.485,1321,0.17800000000000002,0.271,0.25,0.432,0.337,10.1
592663,"Realmuto, J.T.",R,72.695396704,35.188258705769215,13.459106533381052,1.4869299846112711,0.5176411290322575,-3.309159306275145,27.964050667266807,31.27320997354197,27.735600114972215,1984,J.T. Realmuto,PHI,33,368,1371,1503,353,228,72,7,46,177,162,97,5,369,23,9,0,30,26,9,0.257,426,373,212,35,5883,2046,3837,40,0,0,0.065,0.24600000000000002,0.26,0.315,0.421,0.736,0.163,0.318,0.011399999999999999,0.21,0.42100000000000004,0.369,0.094,0.12300000000000001,0.094,0.0,0.318,4.9,184,0.3,-17.9,46.0,27.0,59.7,6.1,$48.6,4.8,100,-3.27,-27.68,24.41,-20.75,-2.09,1.0,1.91,6,0.21,-3.49,0.47600000000000003,94.1,0.257,84.9,0.066,89.1,0.079,80.7,0.091,85.4,0.03,86.1,0.002,78.0,0.004,,0.6,9.1,-5.7,0.8,-2.2,0.9,-0.5,0.02,0.6,-1.48,0.17,-0.42,0.51,-5.48,0.34700000000000003,0.6970000000000001,0.49700000000000005,0.628,0.87,0.773,0.429,0.596,0.113,-0.2,0.289,,0.073,0.026000000000000002,0.002,0.182,0.252,0.067,0.015,0.001,0.09,0.001,0.002,,94.5,,89.3,86.3,83.8,93.4,84.9,80.0,83.0,55.7,85.5,81.4,77.9,-1.2,,0.5,-4.9,-4.6,-5.0,1.9,1.4,1.6,1.5,0.8,-4.9,-1.2,9.2,,4.7,1.7,1.6,4.7,1.1,-4.7,-4.2,8.0,3.1,-1.4,-1.3,-6.5,,-3.3,-1.1,-1.1,4.7,5.3,1.9,-0.8,0.8,0.7,0.2,-0.5,-0.38,,-0.77,-0.71,-9.23,0.44,0.36,0.49,-0.9,19.27,0.12,5.01,-6.01,0.311,0.675,0.498,0.565,0.862,0.772,0.513,19.6,9.2,-1.1,-4.2,32 - 34,0.0,4.5,1.2,0.41700000000000004,0.344,0.23800000000000002,0.14,0.526,0.33299999999999996,0.341,0.09300000000000001,0.0,0.075,0.28600000000000003,0.07200000000000001,0.027000000000000003,0.002,0.001,0.184,0.261,0.0,85.2,78.9,80.6,94.6,89.5,85.8,77.6,81.4,93.5,84.9,96.0,0.8,4.3,1.4,-1.0,0.8,-4.5,-1.1,-4.8,-4.9,2.4,-5.8,1.7,-10.3,-6.5,8.3,3.6,0.2,-2.4,-2.7,3.5,-0.2,5.3,0.5,-0.2,2.0,-11.6,-1.1,-2.0,-0.5,0.2,7.8,4.6,0.0,0.09,-11.4,0.46,-0.69,-0.27,-1.25,-6.01,5.01,0.72,0.3,3.51,0.311,0.6709999999999999,0.49700000000000005,0.578,0.857,0.773,0.517,19.6,-26.7,104,75,110,99,103,102,108,1.05,99,99,101,103,98,98,89,101,103,89.7,12.6,102,0.10099999999999999,110.6,455,0.449,1014,0.155,0.267,0.255,0.446,0.329,4.7
668227,"Arozarena, Randy",R,72.586450136,25.17035312206448,9.249515403749086,-0.4284711703999207,0.656099518459069,11.89483171084004,31.83892058543101,19.944088874590975,24.32849975655666,2492,Randy Arozarena,- - -,29,465,1713,2011,406,248,84,4,70,267,219,217,3,516,67,14,0,26,73,26,0.237,523,485,199,62,8332,3172,5160,62,4,1,0.10800000000000001,0.257,0.42,0.343,0.413,0.756,0.176,0.294,0.0108,0.165,0.433,0.402,0.128,0.14400000000000002,0.11900000000000001,0.25,0.333,31.7,271,46.8,-12.9,61.5,-21.8,78.4,8.0,$63.7,5.1,120,1.32,-36.15,37.47,26.12,2.79,1.01,2.0,8,4.45,-3.14,0.48100000000000004,94.3,0.261,85.0,0.07,89.6,0.069,80.4,0.094,85.0,0.025,87.4,,,0.002,,24.9,1.8,-0.6,0.9,9.4,1.1,,0.62,0.08,-0.11,0.15,1.2,0.52,,0.28600000000000003,0.635,0.42700000000000005,0.639,0.7829999999999999,0.726,0.40299999999999997,0.618,0.11699999999999999,-1.9,0.293,,0.076,0.021,0.0,0.187,0.252,0.059000000000000004,0.016,0.0,0.095,,,,94.6,,89.7,87.2,83.5,93.9,85.0,79.9,82.8,53.4,85.0,,,-2.0,,0.5,-5.6,-5.6,-6.4,2.4,1.9,3.6,-3.3,-0.5,,,9.6,,5.0,2.2,1.1,4.8,1.2,-4.7,-5.9,8.6,3.5,,,17.6,,0.1,1.4,-0.1,5.8,-4.2,-2.3,3.1,-0.2,7.5,,,0.72,,0.01,0.77,-1.86,0.37,-0.2,-0.47,2.25,-21.47,0.95,,,0.253,0.601,0.42700000000000005,0.591,0.782,0.725,0.499,18.7,-34.7,0.0,2.5,28 - 30,44.9,6.7,3.0,0.424,0.35700000000000004,0.22,0.159,0.47,0.37200000000000005,0.39899999999999997,0.096,,0.064,0.293,0.071,0.02,,,0.18600000000000003,0.27,,85.2,,80.4,94.6,89.9,86.4,,,94.0,85.1,,-0.5,,2.4,-1.6,0.7,-4.3,,,-6.2,3.0,,1.9,,-7.3,8.5,4.1,0.9,,,3.6,-0.2,,6.6,,-1.7,19.3,0.5,1.1,,,4.3,-1.2,,0.83,,-0.31,0.79,0.08,0.67,,,0.28,-0.05,,0.254,0.6,0.426,0.578,0.7879999999999999,0.725,0.499,18.7,,97,131,113,110,102,110,101,0.84,104,104,120,103,103,91,100,90,116,91.1,12.4,130,0.107,114.3,576,0.47600000000000003,1211,0.193,0.31,0.225,0.411,0.332,9.4
673237,"Diaz, Yainer",R,72.565686714,29.67433271531011,10.866083566053726,2.6986081286668293,0.5859309182813813,2.2097525721508173,31.68060835063983,29.470855778489028,27.922400113196463,2374,Yainer Diaz,HOU,25,395,1482,1563,414,275,76,4,59,177,214,55,3,276,9,17,0,47,3,1,0.279,581,391,251,35,5298,1627,3671,40,0,0,0.035,0.177,0.2,0.306,0.455,0.761,0.176,0.305,0.0149,0.205,0.475,0.32,0.09,0.151,0.069,0.0,0.324,14.4,200,17.8,-4.7,47.7,7.3,68.4,7.0,$55.7,2.5,110,-2.4,-29.61,27.21,5.58,0.51,1.01,1.79,26,1.3,-3.68,0.43200000000000005,93.8,0.282,84.9,0.062,88.8,0.095,80.2,0.098,84.6,0.03,86.3,0.001,73.3,0.002,,6.4,4.4,10.0,-5.4,-2.1,0.9,0.1,0.28,0.3,3.06,-1.07,-0.39,0.59,3.97,0.466,0.79,0.59,0.652,0.885,0.772,0.38299999999999995,0.6809999999999999,0.135,-4.9,0.272,,0.065,0.026000000000000002,,0.154,0.28600000000000003,0.077,0.016,0.002,0.10099999999999999,,0.001,,94.1,,89.4,86.5,,93.7,84.8,79.7,80.6,43.9,84.4,,73.4,-1.3,,0.6,-6.1,,-7.2,2.6,2.5,2.6,-0.4,2.1,,-1.1,9.6,,4.8,2.3,,5.0,0.9,-5.3,-5.9,7.4,3.7,,3.0,0.3,,8.5,0.0,,4.3,1.7,-0.8,-4.5,0.2,-0.7,,0.1,0.02,,2.47,-0.02,,0.53,0.11,-0.21,-5.33,2.1,-0.13,,3.97,0.43200000000000005,0.772,0.59,0.609,0.8740000000000001,0.77,0.465,19.3,2.6,-2.3,-6.1,24 - 26,12.9,5.2,-3.4,0.409,0.37,0.221,0.131,0.534,0.335,0.25,0.10300000000000001,0.0,0.086,0.268,0.065,0.024,0.001,,0.159,0.295,,84.0,77.8,79.9,94.1,89.7,85.7,73.7,,93.8,84.7,,2.1,6.5,2.8,-1.1,0.9,-5.3,-0.3,,-6.9,3.3,,2.2,-9.9,-7.4,8.5,3.8,0.7,1.5,,3.7,-0.7,,-1.6,0.0,-4.9,-1.0,5.5,-0.6,0.1,,7.7,4.2,,-0.29,-4.16,-1.07,-0.07,1.61,-0.46,3.97,,0.92,0.27,,0.431,0.767,0.59,0.601,0.875,0.769,0.47200000000000003,19.3,-11.5,115,43,78,98,113,110,106,1.05,114,82,125,100,106,92,82,102,105,90.1,10.0,115,0.094,111.6,547,0.447,1223,0.10300000000000001,0.237,0.283,0.486,0.341,5.8
502671,"Goldschmidt, Paul",R,72.459662789,32.11729800008443,10.054517641388903,2.889553041164855,0.5148475120385235,-4.721425239334865,20.184560074542254,24.905985313877125,34.513073456372865,2492,Paul Goldschmidt,- - -,36,454,1681,1875,440,286,95,2,57,235,190,170,13,434,9,7,0,40,27,3,0.262,513,468,273,38,7665,2734,4931,37,0,0,0.091,0.231,0.39,0.332,0.422,0.754,0.161,0.32,0.011000000000000001,0.218,0.409,0.373,0.081,0.122,0.07200000000000001,0.0,0.326,19.3,243,21.0,4.0,57.4,-33.1,53.1,5.4,$42.8,4.1,109,-1.1,-32.61,31.51,-2.58,-0.36,0.98,1.7,19,1.09,-2.22,0.484,94.2,0.262,84.8,0.079,89.2,0.067,79.7,0.079,85.2,0.027000000000000003,86.6,0.001,75.8,0.006999999999999999,,7.8,-4.6,4.0,6.8,8.6,-2.2,0.4,0.21,-0.23,0.65,1.32,1.42,-1.08,3.65,0.307,0.659,0.462,0.684,0.821,0.77,0.441,0.629,0.106,-2.4,0.314,,0.086,0.025,0.0,0.168,0.255,0.057,0.013999999999999999,,0.079,0.0,0.001,,94.4,,89.2,86.6,83.1,93.5,84.7,79.4,81.5,,85.2,80.2,75.7,-2.1,,0.7,-5.1,-6.0,-5.7,2.5,1.0,1.7,,0.6,-4.2,-1.5,9.1,,4.5,2.3,0.8,4.8,1.1,-4.7,-4.1,,3.3,-3.0,-0.9,8.3,,0.4,0.1,-0.1,-4.3,1.2,6.1,-0.7,,6.2,-0.2,0.4,0.34,,0.06,0.05,-2.48,-0.33,0.06,1.41,-0.63,,1.03,-21.78,3.71,0.268,0.635,0.46299999999999997,0.639,0.818,0.77,0.532,18.9,-29.1,0.8,4.2,35 - 37,18.6,6.2,-1.5,0.373,0.336,0.29100000000000004,0.124,0.514,0.36200000000000004,0.353,0.079,0.0,0.062,0.302,0.091,0.027000000000000003,0.001,0.0,0.17,0.268,,85.2,64.7,79.6,94.7,89.9,86.4,76.1,80.3,93.6,84.8,,0.4,-1.8,0.6,-2.0,0.7,-4.8,-1.0,-4.3,-5.5,2.9,,2.0,-7.2,-6.5,8.3,3.9,1.0,-2.4,-4.8,3.7,-0.2,,8.3,0.8,2.0,5.1,-2.0,-2.0,0.4,-0.2,-2.9,4.8,,1.38,25.34,0.43,0.22,-0.28,-0.99,3.71,-21.78,-0.22,0.24,,0.267,0.636,0.46299999999999997,0.642,0.818,0.77,0.532,18.9,,106,106,103,104,103,99,109,1.1,96,99,98,91,96,120,79,99,112,91.0,13.9,129,0.102,111.7,604,0.479,1262,0.18,0.287,0.26,0.469,0.344,6.0
665161,"Peña, Jeremy",R,72.311798796,30.38211873104449,9.85250425978003,-5.643532762137438,0.567081011573082,-0.1307255512740862,28.93625868204511,29.06698423331921,27.3560064509151,2333,Jeremy Pena,HOU,26,432,1672,1827,462,323,90,7,42,227,184,103,4,333,35,9,5,35,53,17,0.276,678,407,255,34,6355,2110,4245,75,13,2,0.055999999999999994,0.182,0.31,0.33,0.414,0.744,0.138,0.322,0.0167,0.19,0.506,0.304,0.084,0.10300000000000001,0.111,0.154,0.324,14.7,232,18.9,2.5,55.9,19.2,109.6,11.2,$89.3,5.2,109,-3.71,-32.32,28.61,15.66,1.74,0.98,2.92,3,-0.2,-3.58,0.446,94.0,0.28,85.0,0.07,89.0,0.07,80.3,0.10300000000000001,84.8,0.028999999999999998,86.3,0.001,73.6,0.003,,22.7,-9.4,0.0,3.6,-1.4,3.5,-0.2,0.8,-0.53,0.01,0.81,-0.22,1.88,-3.64,0.387,0.7340000000000001,0.526,0.5579999999999999,0.904,0.7509999999999999,0.4,0.66,0.131,7.1,0.25,,0.07200000000000001,0.026000000000000002,,0.19399999999999998,0.28300000000000003,0.051,0.019,0.001,0.10400000000000001,0.0,0.001,,94.2,,89.4,86.3,,93.9,84.9,79.6,81.9,49.5,84.7,80.6,73.8,-1.7,,0.6,-7.0,,-7.5,2.8,2.1,2.5,-3.8,1.8,-5.0,-3.5,9.6,,4.7,2.3,,4.7,1.1,-5.0,-5.5,5.4,3.8,-1.8,-0.4,19.1,,-2.7,3.5,,1.1,-14.9,4.7,0.9,0.2,-1.6,-0.2,-0.2,1.2,,-0.6,2.19,,0.09,-0.83,1.46,0.77,3.63,-0.23,-11.49,-4.42,0.354,0.7070000000000001,0.527,0.47700000000000004,0.895,0.7509999999999999,0.489,18.4,21.7,0.2,5.4,25 - 27,26.0,6.0,0.2,0.43799999999999994,0.36,0.20199999999999999,0.163,0.546,0.29100000000000004,0.262,0.106,0.0,0.063,0.24600000000000002,0.07200000000000001,0.024,0.001,0.0,0.19699999999999998,0.29100000000000004,0.0,84.7,79.7,80.1,94.2,89.5,86.1,64.7,80.3,94.0,84.9,87.1,1.7,4.5,2.3,-1.5,0.9,-6.3,-2.2,-4.8,-7.1,3.5,1.0,2.2,-10.0,-7.3,8.4,3.6,0.9,-1.7,-3.6,3.5,-0.4,4.2,-1.0,0.0,4.2,17.0,-3.8,3.9,0.5,-0.2,2.6,-13.8,-0.1,-0.15,0.0,1.06,1.09,-0.84,2.57,7.78,-11.49,0.21,-0.75,-2.63,0.35,0.7070000000000001,0.527,0.47,0.894,0.7509999999999999,0.494,18.4,,114,68,80,105,103,86,111,0.97,122,78,86,107,103,84,102,105,91,88.3,7.3,78,0.057999999999999996,111.6,528,0.389,1356,0.139,0.27,0.264,0.402,0.318,11.1
666969,"García, Adolis",R,72.298512102,29.111337052306244,10.057219110483658,-1.587903000174067,0.6021335440537336,3.2488316563225674,32.14287695980749,28.894045303484912,25.92013222439706,2531,Adolis Garcia,TEX,31,437,1642,1816,381,214,84,0,83,234,267,138,3,487,17,19,0,33,33,10,0.232,437,531,206,52,7249,2583,4666,35,0,0,0.076,0.268,0.28,0.295,0.435,0.73,0.203,0.273,0.008199999999999999,0.175,0.37200000000000005,0.452,0.098,0.156,0.08,0.0,0.313,-0.7,215,5.3,4.8,55.5,-21.0,52.7,5.3,$42.1,4.1,102,-1.88,-34.5,32.61,-2.68,-0.41,1.03,1.84,8,-0.93,-0.89,0.5429999999999999,94.2,0.218,84.7,0.07,89.1,0.055999999999999994,79.6,0.09,85.1,0.023,87.0,,,0.002,,-11.7,5.0,4.7,4.5,-2.8,-3.0,,-0.3,0.32,0.93,1.1,-0.43,-1.76,,0.361,0.7390000000000001,0.509,0.575,0.794,0.6990000000000001,0.39,0.612,0.153,2.1,0.37200000000000005,,0.069,0.023,0.0,0.166,0.21899999999999997,0.049,0.01,0.002,0.09,,,,94.4,,89.5,86.9,81.2,94.0,84.8,79.0,81.8,50.0,85.0,,,-2.1,,0.7,-5.7,-6.9,-5.9,2.7,1.5,3.2,2.7,0.2,,,9.2,,4.5,2.0,-2.1,4.7,1.0,-5.6,-6.0,9.6,3.1,,,-18.2,,2.6,-0.9,0.1,1.1,8.9,0.5,2.7,1.5,-5.9,,,-0.68,,0.52,-0.54,5.27,0.09,0.56,0.14,3.55,13.84,-0.91,,,0.327,0.7090000000000001,0.508,0.52,0.789,0.698,0.475,18.1,-16.2,-0.2,0.9,30 - 32,7.4,6.0,0.9,0.406,0.336,0.258,0.136,0.484,0.38,0.39,0.092,,0.054000000000000006,0.369,0.071,0.02,,,0.168,0.225,0.0,84.9,,79.5,94.5,89.7,86.2,,,94.1,84.8,86.6,0.1,,2.2,-1.9,1.1,-5.3,,,-5.5,3.1,0.0,1.7,,-7.8,8.3,3.6,0.6,,,3.5,-0.4,0.0,-4.6,,4.5,-14.0,4.6,-0.2,,,-1.2,3.4,0.1,-0.69,,1.15,-0.52,0.88,-0.14,,,-0.1,0.21,4.72,0.331,0.703,0.509,0.527,0.785,0.6970000000000001,0.478,18.1,,95,92,118,94,108,126,94,0.89,89,117,129,99,97,107,85,93,119,91.7,15.7,156,0.133,116.1,565,0.48100000000000004,1174,0.135,0.28800000000000003,0.233,0.459,0.327,5.7
608369,"Seager, Corey",L,72.276010553,34.01434355054408,12.906095577975568,0.4217719733677728,0.5296803652968036,6.601889538962585,33.232193618422855,26.630304079460288,28.03307961055854,1971,Corey Seager,TEX,30,344,1332,1514,391,225,82,0,84,217,220,160,30,271,12,10,0,30,6,2,0.294,446,423,202,13,5389,2081,3308,22,0,0,0.106,0.179,0.59,0.372,0.544,0.916,0.251,0.311,0.0105,0.18899999999999997,0.41600000000000004,0.395,0.031,0.19899999999999998,0.049,0.0,0.384,86.9,267,91.9,2.6,46.3,11.7,148.1,15.0,$120.3,2.3,152,9.63,-22.28,31.91,106.98,10.88,0.96,1.14,1,9.38,0.6,0.41200000000000003,94.1,0.228,84.6,0.084,89.4,0.084,79.9,0.139,86.3,0.052000000000000005,87.1,0.0,73.0,0.022000000000000002,,25.6,16.8,12.3,12.0,14.5,1.2,0.0,1.15,1.37,2.71,2.65,1.95,0.42,-4.16,0.308,0.8340000000000001,0.528,0.556,0.88,0.77,0.418,0.606,0.122,-9.4,0.275,,0.084,0.054000000000000006,0.0,0.135,0.223,0.076,0.016,0.0,0.136,,0.0,,94.4,,89.8,86.9,81.8,93.6,84.7,79.5,81.1,44.8,86.2,,73.2,-2.1,,0.6,-6.6,-6.3,-0.6,-0.2,1.7,3.3,-2.4,-7.8,,-7.0,9.2,,4.7,1.5,-1.3,4.5,0.9,-5.6,-6.4,7.5,3.3,,0.7,14.9,,7.6,2.0,-0.2,8.3,19.7,5.6,7.0,0.5,12.8,,0.0,1.01,,1.69,0.69,-11.59,1.15,1.64,1.37,8.09,23.68,1.74,,-4.16,0.27,0.778,0.528,0.462,0.872,0.769,0.508,18.6,14.4,-2.4,-8.5,29 - 31,82.5,5.0,0.7,0.41100000000000003,0.354,0.235,0.085,0.47,0.445,0.34,0.14300000000000002,,0.084,0.26899999999999996,0.084,0.047,0.0,,0.14,0.233,,86.2,,79.9,94.5,89.9,86.5,73.0,,93.6,84.6,,-7.6,,3.0,-2.1,0.7,-5.9,-6.4,,-0.4,-0.5,,1.8,,-7.9,8.3,3.7,0.5,-1.1,,3.3,-0.4,,14.8,,11.8,16.4,11.0,1.4,0.0,,4.7,18.8,,1.93,,2.6,1.13,2.42,0.55,-4.16,,0.62,1.5,,0.266,0.778,0.528,0.451,0.872,0.769,0.512,18.6,,121,128,79,119,135,156,107,0.96,100,102,165,100,102,97,54,90,140,92.8,12.8,163,0.152,114.4,561,0.524,1071,0.086,0.20800000000000002,0.29,0.589,0.401,15.2
553993,"Suárez, Eugenio",R,72.260796651,38.57376482842999,17.996877139982256,-3.9077358719081623,0.481330868761553,11.676020446103784,33.72999059564308,22.053970149539285,24.37929401445595,2705,Eugenio Suarez,- - -,32,479,1757,1991,419,231,85,2,101,249,315,165,2,586,40,29,0,31,8,3,0.238,393,549,258,43,8061,2966,5095,24,0,0,0.083,0.294,0.28,0.313,0.462,0.775,0.223,0.289,0.0072,0.215,0.32799999999999996,0.45799999999999996,0.078,0.184,0.061,0.0,0.332,29.0,266,35.0,8.2,60.9,5.9,109.3,11.1,$89.0,2.8,115,1.2,-36.27,37.47,25.73,2.57,1.0,2.17,2,1.64,-0.43,0.508,94.0,0.257,84.8,0.057999999999999996,88.7,0.073,80.3,0.078,85.5,0.024,85.9,0.002,76.6,0.002,,17.8,-2.0,5.9,2.4,-0.8,3.9,-0.1,0.43,-0.1,1.28,0.4,-0.13,2.01,-0.73,0.302,0.698,0.473,0.501,0.8270000000000001,0.7090000000000001,0.431,0.629,0.138,-7.0,0.326,,0.061,0.021,0.002,0.17600000000000002,0.256,0.061,0.015,0.002,0.08,,0.002,,94.2,,89.1,86.0,82.7,93.8,84.8,79.8,82.1,52.3,85.4,,76.5,-1.3,,0.7,-4.1,-2.2,-5.9,2.0,1.7,1.8,0.0,0.4,,-5.3,9.1,,4.6,2.1,0.2,4.8,1.1,-4.9,-4.6,6.3,3.1,,-0.6,12.1,,3.4,1.6,-0.5,1.8,-0.3,-3.1,5.8,1.3,1.5,,-0.1,0.46,,0.7,0.97,-3.28,0.13,-0.02,-0.63,4.94,10.01,0.24,,-0.73,0.266,0.662,0.473,0.401,0.8190000000000001,0.7070000000000001,0.523,18.5,14.1,-2.9,-0.6,31 - 33,28.0,6.3,1.8,0.49700000000000005,0.301,0.203,0.146,0.485,0.369,0.428,0.08,,0.068,0.325,0.063,0.021,0.002,,0.177,0.265,0.0,85.3,,80.2,94.1,89.3,85.5,76.4,,93.9,84.8,92.3,0.4,,1.9,-1.1,0.9,-3.5,-4.7,,-5.7,2.5,0.0,1.7,,-6.9,8.1,3.6,0.6,-2.5,,3.6,-0.3,0.0,1.3,,3.3,12.0,-0.6,1.3,-0.1,,2.9,2.6,0.1,0.2,,0.61,0.46,-0.12,0.8,-0.73,,0.21,0.12,4.72,0.264,0.662,0.473,0.406,0.816,0.7070000000000001,0.524,18.5,,97,99,130,99,114,140,98,1.08,77,121,154,122,86,83,93,93,115,89.9,20.1,155,0.129,113.8,532,0.44299999999999995,1200,0.16,0.297,0.225,0.45,0.326,11.6
646240,"Devers, Rafael",L,72.256296908,28.7937476669757,9.299593018469052,4.762952909948516,0.599785790789004,7.897276529863132,29.29386416031508,21.39658763045196,25.94907496628607,2801,Rafael Devers,- - -,27,454,1712,1986,453,251,101,5,96,276,292,241,34,465,20,13,0,44,9,2,0.265,531,488,240,42,8026,3049,4977,22,1,0,0.121,0.23399999999999999,0.52,0.36,0.498,0.857,0.233,0.307,0.0109,0.191,0.42200000000000004,0.38799999999999996,0.086,0.19699999999999998,0.040999999999999995,0.0,0.363,79.1,316,75.2,-10.1,60.7,-13.4,108.8,11.1,$88.6,3.3,132,4.34,-34.47,38.8,76.74,7.63,1.02,4.19,3,7.37,-3.13,0.545,94.1,0.156,84.4,0.078,89.5,0.08,80.7,0.102,86.7,0.038,86.6,0.0,77.7,0.018000000000000002,,29.7,20.7,6.7,9.9,-3.8,5.1,0.5,0.68,1.66,1.07,1.54,-0.46,1.66,17.05,0.327,0.752,0.5,0.675,0.763,0.7290000000000001,0.406,0.598,0.135,-9.9,0.40399999999999997,,0.08,0.036000000000000004,0.002,0.13699999999999998,0.154,0.067,0.015,0.001,0.102,,0.0,,94.5,,89.7,86.7,82.0,93.1,84.4,79.9,82.4,56.5,86.7,,77.9,-2.0,,0.1,-6.6,-6.2,1.7,-0.5,2.5,3.2,-6.4,-6.8,,-4.5,9.3,,5.3,2.0,1.1,4.5,1.1,-4.8,-4.9,8.8,3.4,,-4.8,26.0,,9.9,4.6,-0.6,-3.4,18.7,12.9,-0.9,1.6,-3.1,,0.5,0.8,,1.55,1.59,-3.8,-0.31,1.51,2.4,-0.74,13.74,-0.37,,17.32,0.292,0.718,0.5,0.65,0.763,0.7290000000000001,0.48700000000000004,19.2,-23.5,-2.5,-3.3,26 - 28,65.3,6.2,-1.7,0.379,0.374,0.248,0.146,0.445,0.409,0.40399999999999997,0.10400000000000001,,0.07200000000000001,0.401,0.085,0.036000000000000004,0.001,,0.136,0.165,,86.6,,80.7,94.5,90.0,86.3,67.1,,93.2,84.3,,-6.5,,3.2,-2.1,0.3,-6.2,-3.1,,1.8,-0.7,,2.0,,-7.0,8.3,4.4,0.6,-5.7,,3.2,-0.4,,-2.4,,11.9,25.4,5.4,3.6,1.1,,-2.9,22.6,,-0.29,,2.06,0.79,0.79,1.27,27.0,,-0.27,1.71,,0.289,0.718,0.5,0.644,0.764,0.728,0.49200000000000005,19.2,,108,146,104,115,123,146,105,0.97,101,101,165,92,107,102,92,85,128,93.3,12.2,175,0.139,115.0,689,0.547,1260,0.12,0.255,0.262,0.515,0.371,11.1
664056,"Bader, Harrison",R,72.241023829,25.149063603331665,11.658535092744078,-5.89885966586186,0.5195177956371986,7.069006303236742,33.63581439104753,26.56680808781078,27.398918872774587,1742,Harrison Bader,- - -,30,387,1169,1282,293,199,55,3,36,162,145,77,1,290,22,13,1,18,48,18,0.251,374,351,166,55,4833,1666,3167,41,2,0,0.06,0.226,0.27,0.306,0.395,0.701,0.145,0.3,0.010700000000000001,0.18600000000000003,0.42,0.39399999999999996,0.157,0.10300000000000001,0.11,0.0,0.305,-8.8,143,-7.8,14.6,39.2,1.0,52.0,5.3,$42.5,5.3,95,-0.67,-23.12,22.45,-17.43,-1.71,0.98,1.44,27,-1.86,1.18,0.47200000000000003,93.7,0.264,84.9,0.063,88.7,0.08199999999999999,80.1,0.096,85.2,0.023,86.5,0.0,81.0,0.002,,-0.1,-6.5,2.7,-2.2,-5.0,-0.1,0.1,0.0,-0.51,0.89,-0.56,-1.09,-0.11,8.92,0.363,0.6409999999999999,0.47600000000000003,0.63,0.862,0.757,0.405,0.608,0.11599999999999999,0.9,0.292,,0.062,0.019,0.0,0.17300000000000001,0.268,0.071,0.012,0.003,0.098,,0.0,,94.4,,89.3,86.6,82.1,93.4,84.8,79.5,81.9,47.3,85.1,,80.8,-1.1,,0.6,-4.2,-8.9,-4.4,2.0,0.8,2.0,-2.6,3.5,,2.0,9.4,,4.5,2.4,0.2,4.7,1.1,-5.0,-5.0,7.1,3.3,,0.6,1.3,,3.1,0.6,0.1,-3.7,-10.3,-0.7,-0.6,0.9,-5.7,,0.1,0.09,,1.03,0.64,3.03,-0.44,-0.8,-0.2,-0.99,6.21,-1.19,,8.92,0.341,0.613,0.47600000000000003,0.585,0.8540000000000001,0.757,0.495,18.4,15.6,0.1,1.9,29 - 31,-6.9,4.2,0.7,0.452,0.349,0.198,0.204,0.499,0.297,0.314,0.099,,0.078,0.289,0.067,0.019,0.0,,0.17600000000000002,0.272,,84.6,,79.7,94.1,89.7,86.3,80.4,,93.5,84.8,,3.2,,1.4,-1.1,0.9,-4.1,2.5,,-4.1,2.3,,2.0,,-6.6,8.4,3.6,0.9,0.2,,3.5,-0.3,,-5.4,,-4.9,3.1,-0.4,-0.1,0.1,,-2.8,-4.7,,-1.13,,-1.31,0.22,-0.13,-0.12,8.92,,-0.33,-0.36,,0.344,0.61,0.47600000000000003,0.59,0.852,0.757,0.49700000000000005,18.4,,102,72,100,97,97,90,102,0.94,99,104,85,111,100,82,129,96,92,86.8,13.9,66,0.07400000000000001,112.3,322,0.361,893,0.179,0.295,0.231,0.38,0.296,5.3
686469,"Pasquantino, Vinnie",L,72.163822263,29.681476099026423,9.6878350598346,-8.213984809610299,0.5657492354740062,3.476956800505929,31.384152289177536,27.9071954886716,30.73126170344696,1962,Vinnie Pasquantino,KCR,26,352,1348,1496,351,208,80,3,60,160,236,114,8,209,13,19,1,33,2,0,0.26,442,497,217,55,5722,2028,3694,18,3,1,0.076,0.14,0.55,0.32,0.458,0.778,0.197,0.265,0.0089,0.188,0.382,0.43,0.111,0.121,0.040999999999999995,0.33299999999999996,0.332,23.1,200,19.8,-3.7,45.6,-28.3,30.4,3.1,$24.9,2.1,111,1.38,-25.63,27.01,23.95,2.4,0.95,2.12,4,1.55,-0.11,0.44799999999999995,94.2,0.17300000000000001,84.9,0.085,89.5,0.09699999999999999,80.2,0.147,86.5,0.05,86.8,,,0.006,,0.8,13.6,-2.6,7.4,4.3,-3.4,,0.03,1.37,-0.53,1.33,0.51,-1.18,,0.33799999999999997,0.665,0.475,0.738,0.93,0.851,0.419,0.611,0.071,-8.2,0.32799999999999996,,0.09,0.05,0.001,0.114,0.174,0.075,0.021,,0.146,,,,94.4,,89.8,87.0,82.1,93.4,84.8,79.3,83.0,,86.4,,,-2.4,,0.5,-6.9,-6.4,-0.7,1.0,3.3,2.7,,-7.8,,,9.1,,5.0,2.4,1.8,4.6,1.1,-6.0,-5.6,,3.1,,,-2.1,,0.8,-2.8,-0.4,0.7,11.8,7.8,-1.2,,3.7,,,-0.11,,0.15,-0.97,-6.12,0.11,1.18,1.8,-1.0,,0.44,,,0.307,0.644,0.475,0.684,0.9279999999999999,0.8490000000000001,0.5,19.3,-32.0,-2.0,-2.8,25 - 27,11.6,5.1,-1.3,0.45399999999999996,0.341,0.205,0.14400000000000002,0.494,0.36200000000000004,0.256,0.151,0.0,0.092,0.325,0.086,0.043,,,0.11900000000000001,0.183,,86.7,81.1,80.3,94.6,90.2,86.5,,,93.6,84.9,,-7.5,4.4,3.7,-2.3,0.8,-6.4,,,-0.6,0.9,,1.7,-9.4,-7.6,8.1,4.1,1.3,,,3.5,-0.1,,4.7,0.6,4.2,0.3,0.6,-4.4,,,-1.1,12.9,,0.55,28.43,0.8,0.02,0.11,-1.78,,,-0.16,1.23,,0.309,0.639,0.475,0.682,0.929,0.8490000000000001,0.503,19.3,,107,92,62,102,114,123,92,0.96,92,110,101,110,98,85,91,95,114,90.6,15.8,102,0.08800000000000001,114.4,517,0.446,1160,0.16899999999999998,0.24,0.264,0.458,0.337,3.3
682928,"Abrams, CJ",L,72.1610792,28.1674529105423,11.281139147964266,-2.637697145317759,0.5876610698945722,3.797466424066066,30.814627748112112,27.01716132404604,29.8761980456053,2561,CJ Abrams,WSN,23,433,1684,1851,420,254,92,17,57,254,189,109,6,371,43,10,5,16,109,19,0.249,541,530,248,60,6798,2258,4540,35,9,2,0.059000000000000004,0.2,0.29,0.31,0.426,0.736,0.176,0.287,0.0102,0.188,0.41,0.402,0.113,0.10800000000000001,0.065,0.222,0.317,5.1,225,2.9,-30.8,56.6,18.9,71.3,7.3,$58.0,7.8,101,1.16,-33.36,34.52,5.24,0.59,1.0,2.32,6,1.02,0.14,0.447,94.0,0.231,84.3,0.078,89.7,0.106,80.2,0.10400000000000001,86.2,0.032,86.0,0.001,79.4,0.004,,16.0,-13.8,8.6,-3.7,6.8,0.7,-0.5,0.53,-0.88,1.63,-0.52,0.96,0.31,-5.33,0.38,0.706,0.522,0.677,0.858,0.784,0.43700000000000006,0.623,0.113,18.2,0.306,,0.087,0.03,0.001,0.138,0.221,0.09300000000000001,0.018000000000000002,0.0,0.10400000000000001,0.0,0.001,,94.3,,89.9,86.1,83.1,93.3,84.2,79.9,81.1,55.5,86.3,79.3,79.4,-2.1,,0.4,-6.4,-6.0,-0.2,0.4,2.4,3.4,1.6,-6.9,-7.5,-5.2,9.0,,4.9,2.6,0.5,4.8,0.9,-5.2,-5.5,9.0,3.2,-3.6,-3.2,-1.1,,10.9,-1.8,-0.5,12.1,-14.8,-4.5,-1.7,0.8,8.5,0.1,-0.5,-0.05,,1.86,-0.89,-4.83,1.29,-0.98,-0.71,-1.42,25.69,1.21,5.27,-5.36,0.344,0.6829999999999999,0.522,0.626,0.8540000000000001,0.7829999999999999,0.524,18.5,-11.9,11.1,2.2,22 - 24,21.1,5.5,2.5,0.426,0.355,0.218,0.184,0.509,0.307,0.29,0.107,,0.106,0.305,0.084,0.028999999999999998,0.002,0.0,0.136,0.23199999999999998,,86.2,,80.1,94.4,90.2,85.8,78.9,79.3,93.3,84.3,,-6.7,,3.0,-2.1,0.6,-5.9,-3.4,-7.4,-0.1,0.3,,1.8,,-6.9,8.2,4.2,1.3,-4.2,-4.9,3.6,-0.3,,7.3,,-2.7,-3.3,8.6,0.5,-0.6,0.1,14.9,-17.1,,1.01,,-0.38,-0.16,1.51,0.23,-5.49,5.27,1.6,-1.09,,0.342,0.684,0.521,0.622,0.856,0.7829999999999999,0.525,18.5,,101,69,90,97,105,111,97,0.94,96,108,89,105,102,90,117,98,95,88.1,13.9,95,0.07200000000000001,112.7,512,0.386,1328,0.14400000000000002,0.257,0.244,0.405,0.311,6.9
657656,"Laureano, Ramón",R,72.154179693,35.82503847720855,15.449409900502689,0.2238460678082961,0.4610668301655426,3.481787286683851,32.90474890100167,29.42296161431781,29.5512631525593,1631,Ramon Laureano,- - -,29,335,1088,1201,279,168,60,7,44,153,144,83,1,329,24,6,0,24,27,8,0.256,316,282,166,24,4835,1732,3103,33,1,0,0.069,0.27399999999999997,0.25,0.321,0.446,0.767,0.189,0.326,0.011200000000000002,0.217,0.414,0.369,0.085,0.156,0.10400000000000001,0.0,0.332,16.9,160,20.2,0.8,36.7,-11.8,48.3,4.9,$39.4,5.5,114,0.28,-21.23,21.51,18.78,1.98,0.97,1.35,30,1.75,-1.47,0.484,93.7,0.248,84.9,0.075,88.8,0.078,80.4,0.095,84.8,0.02,86.4,,,0.0,,11.2,-1.4,-4.0,7.0,2.0,1.3,,0.48,-0.11,-1.1,1.86,0.43,1.35,,0.313,0.703,0.484,0.529,0.846,0.731,0.43799999999999994,0.627,0.13,-1.6,0.309,,0.075,0.018000000000000002,0.0,0.16699999999999998,0.24600000000000002,0.068,0.016,0.002,0.09699999999999999,,,,94.1,,89.3,86.5,82.3,93.4,84.9,80.1,81.0,47.9,84.8,,,-1.3,,0.4,-5.5,-5.9,-4.6,1.8,0.8,0.9,1.5,2.8,,,9.3,,4.5,1.4,2.8,4.7,1.2,-4.9,-3.2,6.4,3.5,,,10.0,,-5.5,0.5,0.1,-2.5,1.6,3.9,1.6,1.0,-1.1,,,0.67,,-1.52,0.62,2.89,-0.31,0.13,1.18,2.13,8.68,-0.24,,,0.275,0.6729999999999999,0.484,0.436,0.841,0.731,0.525,18.0,-11.0,0.1,-2.1,28 - 30,18.6,3.9,0.3,0.442,0.312,0.24600000000000002,0.14400000000000002,0.503,0.353,0.38,0.099,,0.075,0.311,0.073,0.017,,,0.16699999999999998,0.258,,84.3,,79.8,94.1,89.2,85.8,,,93.5,85.0,,2.6,,0.9,-1.1,0.4,-5.2,,,-4.5,2.2,,2.0,,-6.4,8.2,3.4,0.2,,,3.5,-0.2,,0.8,,6.6,10.3,0.6,0.5,,,-5.1,-3.4,,0.17,,1.84,0.69,0.16,0.55,,,-0.63,-0.28,,0.28,0.6679999999999999,0.484,0.45,0.836,0.73,0.525,18.0,,104,83,121,102,110,118,111,1.1,98,97,130,108,90,101,92,97,110,89.3,13.2,93,0.122,112.7,326,0.426,765,0.157,0.287,0.245,0.45,0.33,4.6
647304,"Naylor, Josh",L,72.110203034,30.16736719299365,8.008033546786564,-7.691730220192785,0.4482915717539865,1.3754795219311713,26.07552329145394,24.70004376952279,27.077324825340828,2195,Josh Naylor,- - -,27,420,1558,1732,436,280,87,1,68,217,297,139,20,256,14,16,0,45,46,7,0.28,595,484,238,42,5964,2093,3871,25,1,1,0.08,0.14800000000000002,0.54,0.341,0.468,0.809,0.188,0.294,0.0123,0.18100000000000002,0.452,0.368,0.087,0.14,0.042,1.0,0.345,43.8,250,49.2,8.4,52.9,-32.7,79.3,8.1,$64.5,4.2,124,5.05,-31.27,36.31,70.86,7.39,1.06,2.11,10,5.16,-0.39,0.405,93.8,0.225,84.2,0.07200000000000001,89.2,0.114,80.7,0.142,86.3,0.040999999999999995,87.1,0.001,80.3,0.013999999999999999,,25.4,8.9,3.2,5.6,1.5,-2.6,-0.3,1.06,0.66,0.74,0.83,0.18,-1.08,-3.19,0.389,0.747,0.532,0.695,0.8859999999999999,0.802,0.39899999999999997,0.618,0.105,-3.8,0.273,,0.073,0.040999999999999995,0.001,0.129,0.22,0.08900000000000001,0.028999999999999998,0.001,0.142,,0.001,,94.1,,89.3,87.0,82.6,93.3,84.4,79.6,82.7,51.7,86.3,,80.2,-2.0,,0.2,-6.3,-5.9,0.2,0.2,2.8,3.5,1.3,-7.7,,-2.9,9.0,,4.6,2.3,1.7,4.6,1.0,-5.1,-5.5,7.6,2.9,,-2.8,23.2,,2.1,-0.5,-0.1,2.0,5.1,5.5,1.0,-0.4,-1.8,,-0.3,1.43,,0.47,-0.2,-3.18,0.26,0.39,1.04,0.58,-7.41,-0.21,,-3.22,0.363,0.718,0.532,0.654,0.884,0.802,0.47700000000000004,20.2,-24.3,3.3,-4.8,26 - 28,45.4,5.3,-2.7,0.42,0.375,0.20600000000000002,0.161,0.508,0.332,0.267,0.14400000000000002,,0.11,0.26899999999999996,0.075,0.036000000000000004,0.001,,0.132,0.231,0.001,86.2,,80.5,94.2,89.6,86.2,80.1,,93.3,84.3,91.5,-7.4,,3.9,-2.0,0.4,-5.6,-2.5,,0.3,0.0,0.0,1.6,,-7.2,8.1,3.9,1.1,-4.0,,3.3,-0.3,0.0,0.7,,5.8,21.5,-0.1,-2.9,-0.3,,2.0,7.1,0.0,0.08,,0.89,1.35,-0.01,-1.35,-3.22,,0.26,0.52,0.97,0.365,0.716,0.5329999999999999,0.655,0.884,0.802,0.478,20.2,,115,97,65,109,116,119,101,0.92,108,96,119,102,107,85,102,97,104,89.4,11.6,102,0.077,117.9,545,0.41200000000000003,1323,0.11800000000000001,0.223,0.269,0.454,0.339,8.0
666134,"Jones, Nolan",L,72.105987925,36.43924615497917,7.39630431153541,1.6337537833537363,0.4163955757970071,4.419117011957374,31.22583693109263,26.80671991913527,27.38450900220923,1537,Nolan Jones,- - -,26,321,978,1124,242,158,49,7,28,122,124,128,6,330,9,7,2,14,33,11,0.247,294,224,132,17,4814,1812,3002,23,7,3,0.114,0.294,0.39,0.338,0.398,0.736,0.15,0.341,0.0131,0.203,0.452,0.345,0.076,0.125,0.078,0.429,0.322,7.5,141,-5.1,2.9,34.4,-11.7,24.8,2.4,$19.5,5.4,96,-0.96,-19.91,18.95,2.22,0.01,0.98,1.23,25,-0.47,-0.51,0.544,94.0,0.165,84.3,0.081,89.5,0.083,80.4,0.096,86.1,0.031,86.8,,,0.005,,-2.4,4.7,2.8,0.0,-0.4,3.2,,-0.09,0.59,0.72,0.0,-0.08,2.19,,0.281,0.611,0.428,0.632,0.802,0.74,0.445,0.585,0.111,0.5,0.42,,0.08199999999999999,0.03,,0.121,0.165,0.066,0.02,,0.096,0.0,,,94.1,,90.0,86.9,,93.2,84.4,79.7,81.7,,86.0,79.7,,-2.4,,0.5,-6.3,,0.4,0.9,2.3,3.0,,-6.8,-2.8,,8.3,,4.3,2.3,,4.3,0.8,-4.8,-5.8,,2.5,-3.2,,-5.1,,-1.0,1.0,,1.5,9.8,-0.2,-1.1,,1.0,0.0,,-0.25,,-0.27,0.7,,0.26,1.24,-0.07,-1.11,,0.22,0.0,,0.254,0.578,0.428,0.573,0.8029999999999999,0.7390000000000001,0.536,18.6,-8.8,-0.1,0.8,25 - 27,-4.6,3.8,1.6,0.34600000000000003,0.361,0.294,0.13699999999999998,0.498,0.365,0.43200000000000005,0.099,0.001,0.076,0.41200000000000003,0.087,0.026000000000000002,,0.0,0.124,0.175,,86.1,77.7,80.2,94.3,90.3,86.6,,79.9,93.3,84.3,,-6.8,4.9,3.1,-2.4,0.6,-5.7,,-3.5,0.3,0.7,,1.4,-7.1,-6.8,7.7,3.8,1.4,,-3.3,3.4,-0.3,,0.9,0.5,1.0,-8.5,0.0,1.6,,0.0,3.8,6.4,,0.2,16.82,0.26,-0.43,0.01,1.27,,0.0,0.64,0.76,,0.257,0.574,0.428,0.5770000000000001,0.8009999999999999,0.7390000000000001,0.5379999999999999,18.6,,100,134,131,106,97,92,116,1.03,107,91,99,84,104,121,87,96,113,89.9,10.5,69,0.105,115.3,290,0.441,657,0.195,0.307,0.229,0.411,0.321,2.1
701538,"Merrill, Jackson",L,72.087824947,37.45330109963713,7.834910526115725,0.9408634484652147,0.4454449152542374,0.7199343906937469,26.657526788170752,25.93759239747701,28.177648465132204,1888,Jackson Merrill,SDP,22,271,994,1076,278,170,56,12,40,136,157,62,2,209,5,10,5,6,17,5,0.28,290,318,183,17,3918,1282,2636,21,9,3,0.057999999999999996,0.19399999999999998,0.3,0.322,0.481,0.803,0.201,0.315,0.0091,0.231,0.36700000000000005,0.402,0.053,0.126,0.07200000000000001,0.33299999999999996,0.342,26.8,153,30.3,5.5,32.6,4.0,81.3,8.4,$66.9,5.7,124,3.21,-17.85,21.06,26.53,2.66,0.99,0.7,5,4.59,-1.34,0.483,93.9,0.2,84.3,0.085,89.6,0.084,80.2,0.10800000000000001,86.1,0.040999999999999995,86.1,,,0.003,,10.0,5.3,5.2,8.1,0.3,1.7,,0.53,0.68,1.58,2.48,0.06,1.05,,0.39899999999999997,0.8079999999999999,0.574,0.6629999999999999,0.868,0.7859999999999999,0.429,0.642,0.12300000000000001,5.6,0.327,,0.08199999999999999,0.04,,0.152,0.193,0.076,0.022000000000000002,0.001,0.106,0.001,,,94.4,,90.0,86.2,,93.1,84.6,79.6,80.5,50.1,86.1,80.7,,-2.4,,0.1,-6.7,,-0.3,0.2,1.1,2.9,-0.4,-7.3,-5.4,,9.1,,4.9,1.6,,4.4,1.0,-4.8,-5.6,8.6,2.7,-0.8,,6.4,,5.6,-1.4,,-0.5,5.6,4.7,3.6,0.0,2.2,0.8,,0.5,,1.75,-0.89,,-0.08,0.75,1.6,4.16,0.64,0.53,20.39,,0.369,0.774,0.574,0.619,0.863,0.7859999999999999,0.507,18.7,9.5,-0.4,,21 - 22,35.9,3.3,,0.349,0.385,0.266,0.12300000000000001,0.536,0.341,0.289,0.114,0.001,0.086,0.33,0.087,0.035,,0.001,0.145,0.20199999999999999,,85.8,80.6,80.0,94.5,90.0,86.6,,80.5,93.0,84.4,,-6.6,5.7,2.8,-2.2,0.6,-6.4,,-4.8,0.2,0.1,,1.1,-9.8,-7.1,8.0,4.0,0.2,,-2.6,2.9,-0.6,,2.3,-0.1,8.6,8.4,6.8,-1.6,,0.8,-2.7,4.3,,0.51,-1.67,2.58,0.65,2.02,-1.19,,20.39,-0.48,0.55,,0.36700000000000005,0.772,0.574,0.619,0.861,0.785,0.513,18.7,,113,69,87,102,119,129,107,1.17,86,107,107,86,109,109,77,103,107,90.1,14.9,96,0.12,111.6,348,0.435,800,0.09699999999999999,0.22,0.283,0.522,0.363,7.7
672820,"Sosa, Lenyn",R,72.0854739,33.28321426686514,9.484624751988097,2.167452595621639,0.5273660205245155,0.3068671015179236,30.65469241949055,30.347825317972625,27.535498607414883,1754,Lenyn Sosa,CHW,24,292,1033,1086,259,183,39,1,36,97,124,35,2,244,7,5,6,19,5,3,0.251,284,318,190,34,4065,1220,2845,22,8,0,0.032,0.225,0.14,0.279,0.395,0.674,0.144,0.294,0.0089,0.24,0.359,0.402,0.107,0.113,0.077,0.0,0.29,-20.3,108,-19.2,-7.1,33.1,-0.6,7.8,0.8,$6.5,2.3,85,-6.13,-21.63,15.5,-24.21,-2.48,0.99,1.27,15,-2.47,-3.72,0.502,93.7,0.245,84.5,0.068,88.8,0.083,80.2,0.078,84.8,0.024,85.7,,,0.002,,-14.7,-10.6,1.0,-3.0,2.8,1.5,,-0.72,-1.07,0.37,-0.89,0.89,1.53,,0.428,0.643,0.519,0.7020000000000001,0.8909999999999999,0.8009999999999999,0.42200000000000004,0.638,0.10300000000000001,-2.1,0.32299999999999995,,0.07400000000000001,0.025,,0.17600000000000002,0.243,0.062,0.018000000000000002,,0.078,,,,93.8,,89.0,85.6,,93.4,84.4,79.2,82.1,,84.8,,,-1.3,,0.6,-4.0,,-5.5,2.8,1.0,2.3,,2.5,,,9.3,,4.1,1.9,,4.8,1.1,-5.4,-5.1,,3.3,,,-16.4,,2.3,3.2,,-1.5,-14.4,0.4,-1.8,,0.9,,,-1.25,,0.75,3.1,,-0.21,-1.46,0.16,-2.41,,0.29,,,0.408,0.627,0.519,0.665,0.887,0.8009999999999999,0.507,18.6,-7.7,-1.8,-0.1,23 - 25,-21.3,3.8,-0.1,0.361,0.354,0.285,0.16,0.535,0.305,0.29,0.08,,0.07400000000000001,0.32,0.07400000000000001,0.022000000000000002,,,0.172,0.258,,84.7,,79.9,94.1,89.6,84.9,,,93.6,84.6,,2.3,,1.3,-1.2,0.6,-3.3,,,-5.4,3.4,,1.9,,-7.1,8.4,3.7,0.6,,,3.6,-0.3,,0.6,,-2.2,-18.1,3.7,3.2,,,-1.3,-13.4,,0.2,,-0.74,-1.39,1.23,3.57,,,-0.19,-1.28,,0.40399999999999997,0.631,0.518,0.662,0.888,0.8009999999999999,0.505,18.6,,103,39,99,89,98,90,102,1.23,86,103,94,88,102,118,100,103,95,89.9,15.6,68,0.085,111.5,336,0.42,800,0.18100000000000002,0.284,0.265,0.447,0.319,0.9
656811,"O'Hearn, Ryan",L,72.077212686,32.79465890378206,9.932743171402544,1.389896839280934,0.435367611725132,0.0984752137011559,26.372510298162812,26.27403508446168,29.87979340344279,2081,Ryan O'Hearn,- - -,30,398,1263,1406,350,235,64,5,46,175,182,119,8,260,13,10,1,20,11,3,0.277,434,374,205,22,5546,2044,3502,29,1,0,0.085,0.185,0.46,0.343,0.445,0.788,0.168,0.314,0.0116,0.20199999999999999,0.428,0.369,0.059000000000000004,0.12300000000000001,0.067,0.0,0.34,30.3,197,35.2,7.1,42.9,-27.6,60.2,6.1,$49.1,3.7,121,6.73,-21.01,27.74,49.68,5.19,0.94,1.8,57,4.53,2.6,0.444,93.9,0.183,85.0,0.08900000000000001,89.9,0.114,80.2,0.124,86.6,0.046,86.5,,,0.006,,14.0,14.5,3.2,2.3,-1.9,6.1,,0.57,1.43,0.65,0.36,-0.28,2.39,,0.308,0.706,0.47700000000000004,0.6779999999999999,0.889,0.81,0.424,0.5920000000000001,0.091,-1.9,0.317,,0.08800000000000001,0.045,,0.12300000000000001,0.184,0.095,0.021,0.001,0.125,,0.001,,94.3,,90.2,86.7,,93.5,84.9,79.6,81.9,50.4,86.5,,59.6,-3.8,,0.8,-6.9,,-3.6,2.1,3.9,4.2,-0.5,-8.3,,0.0,9.4,,4.9,2.0,,4.3,1.2,-5.8,-5.9,6.4,2.7,,1.5,8.7,,6.7,5.9,,-1.9,9.4,2.1,1.6,0.0,-2.0,,0.2,0.5,,1.39,2.36,,-0.27,0.92,0.39,1.38,0.12,-0.3,,5.07,0.287,0.6579999999999999,0.47700000000000004,0.618,0.888,0.8079999999999999,0.512,18.7,-20.5,-1.7,-1.2,29 - 31,33.3,4.5,2.2,0.377,0.359,0.264,0.131,0.5379999999999999,0.33,0.302,0.127,0.001,0.106,0.318,0.08800000000000001,0.042,0.0,,0.122,0.196,,86.3,78.5,79.9,94.2,90.2,86.3,59.4,,93.5,84.9,,-8.0,6.3,4.6,-3.5,1.3,-6.6,-0.4,,-3.3,2.4,,1.3,-8.7,-7.7,8.3,4.0,0.6,-4.0,,3.0,-0.2,,-0.3,0.5,6.4,8.1,2.9,3.7,0.1,,-1.2,10.2,,-0.04,8.13,1.09,0.46,0.6,1.61,6.39,,-0.18,0.94,,0.28300000000000003,0.659,0.47700000000000004,0.613,0.887,0.8079999999999999,0.517,18.7,,114,102,82,110,110,105,108,1.03,103,95,103,92,103,109,83,103,104,90.2,11.8,81,0.08,109.7,445,0.439,1014,0.154,0.245,0.268,0.455,0.342,6.1
663656,"Tucker, Kyle",L,72.028268338,35.214186990040034,11.163666001905154,-7.738320969958532,0.4787520172135555,-1.714562543498953,27.326796922544588,29.04135946604353,29.579758072777928,1859,Kyle Tucker,- - -,27,371,1351,1610,376,218,75,9,74,244,234,223,19,234,8,15,1,24,66,8,0.278,393,513,226,36,6238,2576,3662,13,1,0,0.139,0.145,0.95,0.38,0.511,0.892,0.233,0.285,0.0077,0.2,0.34700000000000003,0.45299999999999996,0.07,0.14400000000000002,0.033,0.0,0.379,83.8,276,88.0,2.8,49.4,-18.4,134.0,13.6,$109.0,6.1,147,9.43,-24.27,33.71,98.49,10.11,0.97,2.21,5,9.2,0.5,0.466,94.0,0.207,84.7,0.08199999999999999,89.7,0.091,80.3,0.11599999999999999,86.3,0.037000000000000005,86.7,0.001,74.8,0.013000000000000001,,52.4,20.5,-2.5,8.7,8.6,1.9,0.1,1.81,1.59,-0.5,1.54,1.19,0.83,1.45,0.231,0.728,0.449,0.6679999999999999,0.895,0.8290000000000001,0.43799999999999994,0.58,0.077,7.5,0.332,,0.086,0.038,,0.13,0.204,0.075,0.019,0.0,0.11599999999999999,,0.0,,94.3,,89.9,86.6,,93.6,84.7,79.5,82.2,51.0,86.3,,74.8,-1.1,,0.3,-6.6,,-0.6,0.2,2.6,3.4,-6.2,-6.4,,-1.9,9.3,,4.8,2.2,,4.6,1.3,-5.2,-4.8,10.8,3.6,,-2.3,38.2,,-2.0,0.2,,12.0,16.4,7.5,1.6,-0.3,10.9,,-0.2,1.85,,-0.37,0.1,,1.49,1.29,1.61,1.32,-10.03,1.51,,-7.28,0.195,0.6859999999999999,0.451,0.601,0.887,0.828,0.522,20.6,-15.6,6.7,4.2,26 - 28,95.5,4.7,0.0,0.45,0.317,0.233,0.126,0.515,0.358,0.33,0.11699999999999999,,0.08199999999999999,0.33,0.08800000000000001,0.036000000000000004,0.001,,0.132,0.214,,86.1,,80.1,94.3,90.0,86.4,75.1,,93.7,84.5,,-6.3,,3.5,-1.1,0.6,-6.2,-1.0,,-0.5,0.1,,2.1,,-7.3,8.2,3.7,1.0,-1.0,,3.3,-0.3,,12.1,,9.0,34.3,-0.3,-1.4,0.1,,12.1,13.7,,1.66,,1.77,1.67,-0.06,-0.62,1.45,,1.47,1.02,,0.19699999999999998,0.6829999999999999,0.451,0.606,0.887,0.8290000000000001,0.522,20.6,,113,165,65,121,126,147,97,1.01,83,119,122,110,91,96,80,99,112,90.3,16.9,126,0.11,110.1,495,0.43200000000000005,1145,0.136,0.213,0.278,0.517,0.384,13.6
669720,"Hays, Austin",R,72.023566236,29.840977328030757,13.305622662295304,-4.340940830236561,0.6400791034937375,21.395909840335545,34.151358432581915,12.755448592246376,30.2300979543679,1517,Austin Hays,- - -,28,332,1135,1237,304,191,70,7,36,162,151,76,4,307,12,13,1,22,14,3,0.268,363,317,161,30,4529,1554,2975,32,1,0,0.061,0.248,0.25,0.317,0.437,0.754,0.169,0.333,0.0115,0.191,0.43200000000000005,0.377,0.095,0.114,0.08800000000000001,0.0,0.323,8.7,157,8.8,6.6,38.0,-16.3,40.6,4.1,$32.7,5.0,106,-2.37,-21.8,19.43,-8.05,-0.86,0.94,1.11,27,0.15,-2.68,0.436,94.1,0.285,85.1,0.071,89.0,0.09,80.4,0.096,85.0,0.024,85.7,,,0.004,,24.0,-2.6,-10.7,-3.6,0.1,0.9,,1.22,-0.2,-3.35,-0.88,0.01,0.86,,0.35700000000000004,0.6990000000000001,0.498,0.547,0.8490000000000001,0.722,0.413,0.645,0.138,-0.1,0.261,,0.07200000000000001,0.021,,0.172,0.28600000000000003,0.071,0.018000000000000002,0.001,0.09699999999999999,0.001,,,94.3,,89.2,86.1,,93.8,85.1,79.5,82.3,63.5,84.9,80.2,,-1.2,,0.6,-3.8,,-5.8,2.2,1.0,1.5,-2.9,2.0,-4.9,,9.3,,4.4,2.7,,4.8,1.1,-5.0,-5.5,2.5,3.3,-1.8,,17.0,,-10.3,1.0,,3.2,-3.3,-4.7,1.4,0.6,0.0,-0.3,,1.44,,-3.17,1.06,,0.41,-0.26,-1.46,1.69,13.92,0.01,-6.45,,0.324,0.6729999999999999,0.499,0.48100000000000004,0.8370000000000001,0.722,0.502,19.5,-9.7,-0.5,-2.8,27 - 29,8.7,3.7,0.3,0.461,0.32899999999999996,0.21,0.15,0.504,0.34700000000000003,0.33899999999999997,0.09699999999999999,0.0,0.078,0.255,0.069,0.021,,0.001,0.174,0.304,,84.8,77.0,79.9,94.2,89.4,85.6,,80.2,93.9,85.0,,1.9,5.2,1.2,-1.1,0.6,-3.5,,-4.7,-5.6,2.6,,2.0,-9.8,-7.2,8.3,3.8,1.3,,-3.4,3.6,-0.3,,0.1,0.1,-6.8,17.5,-8.6,1.2,,-0.3,3.9,-1.9,,0.02,5.8,-1.91,1.52,-2.73,1.32,,-6.45,0.5,-0.14,,0.322,0.6729999999999999,0.499,0.47700000000000004,0.838,0.722,0.503,19.5,,109,73,110,100,108,106,113,0.96,102,99,95,113,95,87,95,97,108,89.1,12.8,75,0.08900000000000001,111.0,333,0.395,842,0.158,0.297,0.236,0.408,0.303,3.6
664761,"Bohm, Alec",R,71.996904089,30.59135853975049,6.126550547221945,3.178368961239296,0.4955710955710955,2.7270455779751543,28.19862370155078,25.471578123575632,29.39215416797028,2145,Alec Bohm,PHI,27,408,1576,1721,441,297,93,5,46,189,253,111,3,262,16,18,0,57,11,3,0.28,611,425,296,28,6183,2183,4000,33,0,0,0.064,0.152,0.42,0.33,0.433,0.763,0.153,0.307,0.0144,0.222,0.45899999999999996,0.319,0.066,0.10800000000000001,0.054000000000000006,0.0,0.329,21.6,226,16.0,1.6,52.6,-2.6,64.1,6.6,$52.4,3.4,108,1.01,-31.64,32.66,21.63,2.33,1.01,3.06,6,0.94,0.07,0.519,93.9,0.248,84.8,0.066,89.1,0.069,80.4,0.081,85.5,0.013999999999999999,85.9,0.003,77.2,0.003,,-13.9,9.8,-0.8,7.9,8.1,3.2,0.5,-0.43,0.64,-0.2,1.86,1.62,3.75,2.48,0.318,0.7090000000000001,0.493,0.73,0.92,0.852,0.44799999999999995,0.61,0.073,-8.7,0.319,,0.068,0.013000000000000001,0.001,0.19899999999999998,0.242,0.059000000000000004,0.013999999999999999,0.001,0.079,0.0,0.003,,94.3,,89.1,86.3,84.1,93.5,84.8,79.9,82.7,49.9,85.4,79.3,77.1,-1.6,,0.6,-5.0,-2.4,-5.2,2.7,1.8,1.2,-1.2,3.8,-3.5,-2.2,9.1,,4.6,2.0,2.1,4.8,1.0,-4.9,-4.5,6.8,3.2,-2.4,-1.2,3.6,,-2.0,1.1,-0.2,-21.5,9.5,3.4,3.2,-0.4,9.3,0.5,0.5,0.18,,-0.47,1.3,-2.64,-1.75,0.64,0.93,3.76,-7.76,1.91,54.43,2.53,0.272,0.675,0.493,0.6679999999999999,0.9129999999999999,0.852,0.5489999999999999,19.2,-1.0,-2.2,-5.9,26 - 28,7.2,5.2,-5.4,0.32799999999999996,0.395,0.27699999999999997,0.139,0.519,0.342,0.243,0.08,,0.068,0.312,0.07200000000000001,0.013999999999999999,0.003,0.0,0.20199999999999999,0.249,,85.4,,80.3,94.3,89.3,85.8,77.0,79.3,93.6,84.8,,3.6,,1.8,-1.3,0.7,-4.4,-1.9,-3.4,-5.1,3.3,,1.8,,-6.6,8.2,3.7,0.5,-2.6,-3.8,3.7,-0.2,,11.3,,7.0,4.9,-3.8,-1.5,0.5,0.5,-21.1,10.3,,2.3,,1.68,0.26,-0.86,-1.67,2.53,54.43,-1.69,0.67,,0.26899999999999996,0.6779999999999999,0.493,0.6679999999999999,0.9109999999999999,0.851,0.5479999999999999,19.2,,113,76,68,104,106,96,104,1.11,107,86,89,81,113,114,88,100,106,90.2,9.4,82,0.062,110.8,590,0.44299999999999995,1332,0.154,0.22699999999999998,0.282,0.442,0.338,5.9
664023,"Happ, Ian",R,71.972975724,32.503239566880495,9.949556371045944,-4.018696748783253,0.4547213622291022,3.558782784258363,33.300492847843,29.741710063584637,28.52929729415824,2584,Ian Happ,CHC,29,461,1718,2011,420,244,101,6,69,262,249,266,5,472,14,13,0,27,33,8,0.244,492,501,263,41,8308,3255,5053,37,3,2,0.132,0.235,0.56,0.348,0.431,0.779,0.186,0.295,0.0098,0.209,0.392,0.39899999999999997,0.08199999999999999,0.138,0.075,0.667,0.34,42.7,282,44.5,5.0,61.5,-21.6,94.5,9.6,$76.9,4.4,118,4.7,-33.03,37.73,57.52,5.76,0.97,1.36,3,3.13,1.69,0.489,94.0,0.15,84.8,0.078,89.8,0.084,80.0,0.162,86.0,0.037000000000000005,86.9,,,0.004,,21.6,-7.9,13.4,11.9,-0.5,3.0,,0.53,-0.64,2.07,1.71,-0.04,0.98,,0.26,0.6809999999999999,0.445,0.607,0.843,0.7659999999999999,0.44,0.597,0.10400000000000001,-0.9,0.375,,0.079,0.034,0.001,0.114,0.14800000000000002,0.071,0.015,0.001,0.162,0.0,,,94.3,,89.9,86.4,82.8,93.3,84.8,79.5,81.8,46.9,85.9,85.6,,-2.4,,0.5,-5.7,-3.7,-2.1,2.0,2.3,3.0,-0.5,-2.8,-5.8,,9.0,,5.1,2.1,1.6,4.3,1.0,-5.3,-5.1,6.1,3.4,-1.6,,1.5,,12.9,3.2,0.6,18.4,-9.0,8.6,3.8,-0.3,-1.4,0.5,,0.05,,1.97,1.14,12.14,1.94,-0.74,1.46,2.97,-4.22,-0.11,46.64,,0.22899999999999998,0.635,0.445,0.53,0.8390000000000001,0.765,0.5329999999999999,18.9,-16.6,-0.5,0.4,28 - 30,43.6,6.0,2.4,0.40299999999999997,0.341,0.257,0.156,0.489,0.354,0.401,0.161,0.001,0.079,0.375,0.079,0.036000000000000004,,,0.113,0.157,,86.0,79.7,79.8,94.4,90.0,86.3,,,93.5,84.8,,-2.8,5.2,3.0,-2.3,0.7,-5.2,,,-1.9,2.1,,2.1,-8.8,-7.0,8.1,4.1,0.9,,,3.2,-0.3,,1.6,-0.5,11.8,1.8,14.4,2.3,,,18.1,-10.5,,0.12,-7.05,1.8,0.06,2.19,0.79,,,1.94,-0.81,,0.231,0.631,0.445,0.522,0.84,0.764,0.536,18.9,,99,155,105,109,106,117,100,1.05,92,107,114,99,97,105,100,94,110,90.2,14.7,130,0.10300000000000001,114.0,539,0.428,1259,0.163,0.267,0.248,0.445,0.35,10.3
691718,"Crow-Armstrong, Pete",L,71.951679243,35.10728592454198,14.416317039913006,-1.9594473533863832,0.4944500504540864,5.314856292710247,34.80999846768968,29.495142174979385,26.45915126226144,1982,Pete Crow-Armstrong,CHC,22,293,977,1076,234,133,50,10,41,140,143,53,3,260,15,15,16,5,64,13,0.24,238,334,136,28,3806,1172,2634,16,40,10,0.049,0.242,0.2,0.285,0.437,0.722,0.198,0.279,0.0070999999999999995,0.192,0.336,0.47200000000000003,0.084,0.12300000000000001,0.067,0.25,0.307,-4.5,122,-3.1,27.8,32.7,4.0,75.9,7.8,$62.4,7.8,98,0.25,-18.54,18.79,2.99,0.39,0.96,1.61,6,0.8,-0.54,0.462,94.2,0.209,84.3,0.069,89.5,0.099,80.6,0.121,86.4,0.039,86.4,,,0.002,,-6.6,-9.0,7.3,13.0,1.4,-2.0,,-0.38,-1.14,2.79,3.43,0.31,-1.34,,0.445,0.799,0.593,0.615,0.8170000000000001,0.7290000000000001,0.419,0.6920000000000001,0.161,11.4,0.331,,0.075,0.044000000000000004,,0.126,0.198,0.09,0.019,0.002,0.11599999999999999,,,,94.4,,89.8,86.3,,93.8,84.4,80.1,82.2,49.1,86.4,,,-2.8,,0.3,-6.1,,-1.1,0.6,2.2,3.3,-0.7,-7.3,,,8.9,,4.8,1.3,,3.9,1.1,-5.0,-4.5,4.9,3.0,,,-8.4,,7.2,-4.4,,-3.2,-6.8,10.8,-1.1,1.0,3.3,,,-0.67,,2.53,-2.62,,-0.66,-0.9,3.15,-1.54,17.05,0.75,,,0.413,0.775,0.5920000000000001,0.5760000000000001,0.813,0.7290000000000001,0.495,19.3,31.8,6.0,-0.1,21 - 23,8.2,3.2,0.2,0.48700000000000004,0.299,0.214,0.147,0.563,0.29,0.32899999999999996,0.11699999999999999,,0.094,0.332,0.07400000000000001,0.043,,,0.124,0.215,0.001,86.2,,80.4,94.5,89.8,86.0,,,93.9,84.3,87.9,-7.0,,3.4,-2.7,0.4,-5.8,,,-1.1,0.1,0.0,1.7,,-7.2,7.9,3.9,0.0,,,2.7,-0.3,0.0,3.2,,8.1,-9.6,7.8,-4.1,,,-1.1,-5.6,-0.1,0.72,,2.27,-0.76,2.76,-2.49,,,-0.23,-0.69,-1.83,0.408,0.777,0.5920000000000001,0.57,0.813,0.73,0.501,19.3,,97,58,109,90,109,127,95,0.97,79,126,106,120,85,88,93,108,91,89.3,19.0,81,0.10800000000000001,113.2,296,0.396,748,0.09,0.251,0.232,0.434,0.306,7.0
671277,"García Jr., Luis",L,71.947984052,29.073409702065312,10.338092146890824,-0.3815383729610413,0.6138040042149633,3.65453722504109,31.947283419719135,28.292746194678053,29.142510902943847,1898,Luis Garcia Jr.,WSN,24,401,1435,1536,383,263,71,6,43,186,186,81,4,230,2,17,1,29,45,14,0.267,590,392,233,24,5424,1801,3623,33,8,2,0.053,0.15,0.35,0.304,0.415,0.718,0.148,0.288,0.0151,0.192,0.486,0.32299999999999995,0.061,0.11,0.055999999999999994,0.25,0.309,-6.6,176,-8.5,-5.3,47.0,4.4,41.3,4.2,$33.9,5.2,96,1.1,-26.43,27.52,7.22,0.87,0.99,1.92,35,0.25,0.86,0.408,93.9,0.21,84.8,0.066,89.7,0.128,80.0,0.136,86.3,0.049,86.7,0.003,79.0,0.003,,-7.6,9.5,1.4,-2.2,2.9,-3.4,-0.9,-0.34,0.83,0.39,-0.31,0.39,-1.29,-6.39,0.381,0.721,0.519,0.7190000000000001,0.9,0.821,0.406,0.6459999999999999,0.09300000000000001,-0.8,0.257,,0.071,0.045,0.004,0.14800000000000002,0.203,0.111,0.021,0.001,0.13699999999999998,,0.003,,94.3,,90.0,86.9,82.3,93.2,84.8,79.7,80.5,59.2,86.3,,79.0,-2.9,,0.7,-6.7,-5.5,-2.6,1.0,3.2,4.2,2.3,-7.5,,-4.6,9.1,,5.1,2.3,0.6,4.4,0.9,-5.4,-5.8,8.9,3.2,,-1.9,-3.4,,3.6,-3.7,-0.6,-6.4,4.1,-1.4,2.0,0.1,1.6,,-0.9,-0.25,,0.94,-1.52,-2.94,-0.8,0.37,-0.23,1.73,3.4,0.21,,-6.72,0.345,0.706,0.519,0.665,0.902,0.82,0.48200000000000004,18.4,-0.9,0.7,-2.4,23 - 25,-9.3,4.6,-1.5,0.35200000000000004,0.405,0.244,0.16,0.517,0.32299999999999995,0.23,0.141,0.0,0.127,0.253,0.073,0.044000000000000004,0.003,,0.14800000000000002,0.21100000000000002,0.0,86.3,68.1,80.0,94.5,90.2,86.1,78.9,,93.3,84.8,66.5,-7.2,2.7,3.7,-2.8,0.9,-6.1,-3.9,,-2.6,1.1,0.0,1.8,-7.9,-7.2,8.2,4.4,0.9,-3.7,,3.3,-0.4,0.0,-0.3,-0.2,0.6,-3.3,1.1,-2.5,-0.9,,-4.7,5.3,0.0,-0.04,-17.51,0.08,-0.24,0.28,-1.05,-6.72,,-0.59,0.46,-0.76,0.344,0.706,0.519,0.665,0.9009999999999999,0.82,0.484,18.4,,108,62,67,95,102,93,98,0.96,114,86,92,86,116,100,102,99,100,89.2,7.4,93,0.076,111.7,506,0.414,1223,0.147,0.239,0.272,0.448,0.328,3.9
650559,"De La Cruz, Bryan",R,71.911758889,38.262452608400594,13.108710535029047,0.856020899227143,0.5358024691358024,0.9469251479843894,28.70319865272595,27.75627350474156,27.54758996745746,1620,Bryan De La Cruz,- - -,27,318,1210,1298,294,196,58,0,40,122,146,72,1,330,4,10,0,29,10,3,0.243,364,325,201,19,5044,1685,3359,28,0,0,0.055,0.254,0.22,0.285,0.39,0.676,0.147,0.299,0.011200000000000002,0.226,0.409,0.365,0.057999999999999996,0.12300000000000001,0.077,0.0,0.292,-23.1,132,-27.6,-10.4,39.8,-16.8,-18.0,-1.8,($14.8),2.7,82,-1.84,-24.69,22.85,-26.18,-2.55,1.01,1.03,8,-2.57,0.75,0.451,93.9,0.282,84.7,0.08800000000000001,89.1,0.07400000000000001,80.3,0.083,85.0,0.02,85.7,0.001,76.8,0.002,,-7.1,-14.3,-3.3,0.4,4.5,-3.8,-0.6,-0.31,-1.01,-0.74,0.11,1.08,-3.7,-13.9,0.364,0.745,0.518,0.619,0.809,0.7290000000000001,0.40399999999999997,0.642,0.14,-7.0,0.28300000000000003,,0.08800000000000001,0.021,0.001,0.166,0.28600000000000003,0.059000000000000004,0.016,0.001,0.079,,0.001,,94.2,,89.4,86.5,83.8,93.5,84.6,79.6,82.4,42.9,84.8,,76.8,-2.0,,0.6,-3.3,-5.2,-3.8,2.6,1.7,3.1,-0.3,1.8,,-3.8,9.4,,5.0,2.6,1.2,4.9,1.1,-4.8,-5.7,6.5,3.5,,4.4,-10.2,,-7.3,-3.4,-0.3,0.7,-10.6,-2.4,0.8,0.2,3.8,,-0.6,-0.71,,-1.63,-3.24,-5.99,0.08,-0.73,-0.79,1.0,7.14,0.95,,-14.07,0.327,0.7090000000000001,0.518,0.578,0.799,0.7290000000000001,0.5,18.5,-27.1,-1.3,-1.9,26 - 28,-34.6,4.0,-1.0,0.401,0.33,0.26899999999999996,0.124,0.536,0.34,0.341,0.081,,0.069,0.28,0.09300000000000001,0.023,0.001,,0.16399999999999998,0.289,,84.4,,80.3,94.4,89.4,86.5,76.9,,93.5,84.7,,1.5,,2.3,-1.7,0.8,-2.4,-2.9,,-3.7,3.2,,2.1,,-6.9,8.4,3.7,1.1,2.5,,3.7,-0.3,,4.9,,-1.4,-13.2,-5.6,-4.1,-0.6,,2.1,-11.7,,1.21,,-0.4,-0.94,-1.2,-3.57,-14.07,,0.25,-0.81,,0.326,0.706,0.517,0.59,0.795,0.73,0.503,18.5,,98,65,113,89,95,91,101,1.13,95,98,100,99,95,110,78,103,106,89.8,12.5,80,0.09,111.0,376,0.42200000000000004,892,0.14800000000000002,0.28800000000000003,0.252,0.433,0.315,-1.4
668901,"Vientos, Mark",R,71.88863008,32.24576175149904,14.989603906350649,1.181357529645803,0.5933654360620653,2.3623327115406902,29.298321829478507,26.935989117937822,29.08210939339391,1869,Mark Vientos,NYM,24,297,1055,1150,255,151,48,3,53,121,154,73,0,321,11,11,0,22,2,0,0.242,332,263,150,27,4369,1477,2892,23,0,0,0.063,0.27899999999999997,0.23,0.295,0.444,0.738,0.202,0.292,0.0126,0.201,0.446,0.353,0.10300000000000001,0.20199999999999999,0.069,0.0,0.317,3.3,139,6.4,-10.1,35.1,-7.1,24.2,2.5,$20.2,2.5,105,-1.67,-20.92,19.25,0.31,0.17,0.96,1.08,19,0.46,-2.21,0.414,93.9,0.29600000000000004,85.0,0.08,89.1,0.08800000000000001,80.1,0.10099999999999999,85.1,0.019,86.5,0.001,76.8,0.001,,10.3,-3.4,-1.6,-1.3,3.8,-4.0,-0.5,0.57,-0.26,-0.46,-0.34,0.87,-4.79,-9.15,0.373,0.708,0.513,0.544,0.7879999999999999,0.685,0.419,0.652,0.162,-3.6,0.22899999999999998,,0.077,0.021,,0.18,0.3,0.07,0.021,0.002,0.1,,0.001,,94.3,,89.7,86.2,,93.6,85.0,79.4,81.9,49.3,85.1,,76.6,-1.0,,0.6,-2.2,,-4.8,2.4,1.5,1.6,-2.1,3.5,,-4.6,9.2,,4.7,2.4,,4.7,1.2,-4.3,-4.7,6.4,2.7,,-4.5,14.2,,1.0,-3.8,,-5.9,-10.4,2.6,-3.2,0.3,3.9,,-0.5,1.42,,0.3,-4.2,,-0.75,-0.79,0.85,-3.55,4.29,0.89,,-9.26,0.32299999999999995,0.6940000000000001,0.513,0.455,0.7859999999999999,0.684,0.512,18.1,-17.2,-1.3,-4.0,23 - 25,2.9,3.4,1.5,0.4,0.395,0.205,0.157,0.475,0.368,0.389,0.10300000000000001,,0.085,0.23,0.077,0.017,0.001,,0.18,0.307,0.0,84.8,,80.2,94.2,90.0,86.1,76.6,,93.7,84.9,59.3,3.2,,2.0,-1.0,0.8,-2.9,-4.6,,-4.5,2.7,0.0,1.3,,-6.0,8.3,3.8,1.5,-5.6,,3.5,-0.1,0.0,3.5,,-1.8,12.4,-0.2,-4.4,-0.5,,-4.8,-6.0,0.0,0.79,,-0.49,1.23,-0.05,-5.82,-9.26,,-0.62,-0.45,2.1,0.325,0.691,0.513,0.45299999999999996,0.7859999999999999,0.684,0.514,18.1,,98,75,125,93,109,128,99,1.01,104,94,169,98,113,84,100,91,114,91.5,11.1,92,0.12300000000000001,114.9,366,0.491,745,0.149,0.311,0.242,0.447,0.323,2.3
605137,"Bell, Josh",R,71.864806854,34.3109021184721,9.508292940230907,-0.6814541645725548,0.5640123185217775,-4.927898730646027,25.260279387784824,30.188178118430848,28.20895695496292,2273,Josh Bell,- - -,31,435,1553,1753,380,247,67,3,63,168,208,171,4,342,13,9,0,50,0,5,0.245,585,427,208,26,6772,2616,4156,38,0,0,0.098,0.195,0.5,0.323,0.413,0.736,0.169,0.274,0.0137,0.17,0.48,0.35,0.061,0.14800000000000002,0.065,0.0,0.321,10.3,219,8.7,-10.4,53.6,-38.3,4.1,0.4,$3.3,1.6,104,-1.51,-31.09,29.58,-7.08,-0.74,0.98,1.32,19,0.34,-1.88,0.43799999999999994,93.9,0.154,85.0,0.08900000000000001,89.7,0.087,79.9,0.188,85.7,0.044000000000000004,86.3,0.001,78.0,0.002,,9.9,7.7,1.6,-1.1,-9.4,-3.5,0.5,0.33,0.74,0.27,-0.19,-0.74,-1.19,12.58,0.309,0.735,0.47700000000000004,0.635,0.8640000000000001,0.774,0.39399999999999996,0.596,0.10800000000000001,-14.8,0.312,,0.09,0.037000000000000005,0.001,0.124,0.153,0.073,0.016,0.001,0.191,0.0,0.001,,94.1,,89.9,86.4,82.4,93.3,85.0,79.5,81.0,60.4,85.7,80.3,78.0,-1.8,,0.4,-5.1,-5.6,-2.0,1.9,2.1,3.3,-3.9,-1.9,-3.7,-3.1,9.1,,5.0,2.5,1.2,4.3,0.9,-5.4,-5.4,9.3,3.2,-1.8,-1.7,7.4,,-2.2,-2.3,-0.6,-1.9,8.3,-2.5,4.4,0.2,-12.1,0.0,0.5,0.35,,-0.36,-0.94,-6.06,-0.23,0.8,-0.51,3.98,3.84,-0.93,0.77,12.77,0.275,0.6970000000000001,0.478,0.5770000000000001,0.857,0.774,0.48200000000000004,17.8,-48.7,-5.2,-5.3,30 - 32,-6.1,5.3,-3.9,0.43,0.322,0.248,0.155,0.508,0.337,0.32899999999999996,0.193,,0.084,0.306,0.09300000000000001,0.036000000000000004,0.001,0.0,0.124,0.162,,85.7,,79.8,94.3,90.3,86.1,78.0,80.3,93.4,85.1,,-2.0,,2.7,-1.6,0.5,-4.4,-2.2,-3.4,-1.9,2.2,,1.8,,-7.3,8.2,4.2,1.2,-3.6,-3.4,3.0,-0.4,,-10.2,,0.2,12.2,-5.2,-3.5,0.5,0.0,-5.7,9.3,,-0.78,,0.04,0.59,-0.83,-1.43,12.77,0.77,-0.69,0.85,,0.275,0.6940000000000001,0.478,0.5710000000000001,0.857,0.772,0.485,17.8,,99,116,87,102,102,106,93,0.86,113,93,122,106,92,102,99,97,105,89.8,10.0,120,0.098,114.1,528,0.43,1227,0.136,0.244,0.248,0.447,0.337,0.5
457705,"McCutchen, Andrew",R,71.863138355,33.90804011885761,13.635315696170252,-0.5757204387256172,0.5501839201261166,-4.955214216620031,25.23897838215715,30.194192598777185,28.64967128123141,1903,Andrew McCutchen,PIT,37,367,1315,1539,318,213,59,1,45,172,150,200,7,351,13,9,0,29,15,6,0.242,405,374,194,40,6447,2540,3907,28,0,0,0.13,0.228,0.57,0.345,0.391,0.736,0.149,0.294,0.0108,0.19899999999999998,0.41600000000000004,0.384,0.107,0.12,0.069,0.0,0.325,14.7,198,9.3,1.2,47.0,-36.5,16.9,1.7,$13.6,3.0,105,-1.32,-27.19,25.88,-3.02,-0.33,1.01,2.03,21,-0.67,-0.64,0.47700000000000004,94.1,0.266,85.0,0.08,89.4,0.07400000000000001,80.3,0.08,85.0,0.022000000000000002,86.0,,,0.005,,6.0,-0.2,-1.5,2.6,3.6,0.8,,0.2,-0.01,-0.28,0.53,0.69,0.55,,0.22399999999999998,0.6940000000000001,0.431,0.561,0.823,0.747,0.441,0.603,0.109,-8.7,0.28,,0.085,0.019,0.0,0.195,0.262,0.063,0.015,0.0,0.08199999999999999,,,,94.3,,89.5,86.0,83.6,93.5,85.0,79.8,80.9,42.3,85.1,,,-1.4,,0.8,-2.8,-4.9,-4.6,2.6,1.4,1.3,-1.3,1.9,,,9.0,,4.7,2.7,1.9,4.7,1.0,-5.1,-4.7,6.5,3.1,,,-0.3,,-1.3,0.7,-0.2,0.6,2.2,0.6,1.1,0.5,2.9,,,-0.02,,-0.24,0.53,-5.2,0.05,0.13,0.14,1.15,46.64,0.55,,,0.179,0.6509999999999999,0.431,0.465,0.815,0.747,0.534,18.3,-35.4,-2.6,-3.5,36 - 38,0.6,4.6,0.2,0.47,0.33299999999999996,0.19699999999999998,0.158,0.509,0.33299999999999996,0.387,0.083,,0.069,0.275,0.086,0.018000000000000002,,,0.195,0.275,,85.2,,79.8,94.4,89.8,85.2,,,93.6,84.9,,1.9,,1.6,-1.3,0.9,-2.7,,,-4.4,3.0,,1.8,,-7.0,8.1,4.0,1.2,,,3.5,-0.3,,3.2,,2.7,1.7,-2.4,1.1,,,-0.5,1.8,,0.6,,0.62,0.1,-0.44,0.91,,,-0.04,0.1,,0.18100000000000002,0.65,0.431,0.48,0.812,0.747,0.5329999999999999,18.3,,98,152,102,108,96,94,100,1.0,97,103,100,115,95,81,101,98,103,89.2,13.8,87,0.08900000000000001,110.2,401,0.41100000000000003,975,0.175,0.284,0.242,0.414,0.335,1.9
668709,"Bleday, JJ",L,71.79054209,30.697290291614262,12.758065557783336,-8.54392262604962,0.5336159903089037,4.297065740793241,31.82831610932724,27.531250368534,31.24687298431981,1651,JJ Bleday,OAK,26,339,1135,1289,254,135,71,4,44,157,126,145,4,288,4,4,1,17,8,6,0.224,313,394,140,47,5031,1953,3078,11,5,2,0.11199999999999999,0.223,0.5,0.313,0.41,0.723,0.186,0.26,0.0079,0.165,0.37,0.465,0.11900000000000001,0.11199999999999999,0.035,0.4,0.315,1.9,155,7.2,-13.4,39.3,-0.6,33.6,3.5,$27.7,3.4,105,-3.88,-23.59,19.7,-10.18,-0.87,0.98,1.21,34,-1.05,-2.93,0.43200000000000005,93.9,0.19399999999999998,84.3,0.065,89.0,0.095,80.4,0.163,86.5,0.051,87.4,,,0.005,,17.2,-1.8,7.6,2.9,-13.7,-9.3,,0.79,-0.18,2.32,0.6,-1.67,-3.6,,0.27399999999999997,0.688,0.445,0.5589999999999999,0.8540000000000001,0.747,0.413,0.594,0.113,-3.0,0.3,,0.067,0.054000000000000006,,0.129,0.19,0.081,0.02,0.002,0.157,,,,94.3,,89.3,86.8,,93.4,84.5,79.8,82.4,43.8,86.5,,,-3.3,,0.3,-6.9,,-2.5,1.5,3.3,3.1,-0.3,-8.4,,,9.3,,4.7,1.8,,4.0,1.1,-5.4,-5.8,7.8,3.0,,,10.8,,7.1,-9.2,,0.6,-3.8,1.6,1.1,3.7,-13.2,,,0.72,,2.12,-3.38,,0.09,-0.4,0.4,1.06,46.07,-1.68,,,0.253,0.64,0.445,0.506,0.8440000000000001,0.747,0.495,17.9,-14.1,-3.0,-1.6,25 - 27,4.2,4.2,1.9,0.444,0.342,0.215,0.16,0.511,0.33,0.37,0.161,0.0,0.094,0.3,0.066,0.049,,,0.13,0.19899999999999998,0.0,86.6,74.0,80.5,94.2,89.7,86.7,,,93.5,84.5,90.4,-8.0,7.5,4.0,-2.9,0.6,-6.1,,,-2.4,1.7,0.0,1.5,-9.7,-7.4,8.2,3.8,0.6,,,2.7,-0.4,0.0,-12.6,-0.1,1.4,15.9,8.9,-8.7,,,-1.2,-4.7,0.0,-1.55,-5.02,0.29,1.05,2.68,-3.57,,,-0.19,-0.47,3.5,0.248,0.6459999999999999,0.445,0.491,0.847,0.747,0.496,17.9,,92,137,98,100,102,117,90,0.84,89,120,94,108,98,89,100,97,104,88.6,18.4,66,0.077,113.3,312,0.366,852,0.165,0.27699999999999997,0.218,0.381,0.304,3.2
663697,"India, Jonathan",R,71.78574133,28.909113770711727,8.741175040572676,-2.987782193600692,0.5457033388067873,0.8686205337730103,30.194782618154413,29.326162084381394,27.692982568713184,1827,Jonathan India,- - -,27,406,1484,1733,359,236,80,2,41,225,164,186,0,340,44,16,3,38,27,8,0.242,463,464,232,61,7221,2841,4380,35,4,0,0.107,0.196,0.55,0.34,0.381,0.722,0.139,0.284,0.01,0.2,0.39899999999999997,0.4,0.131,0.08800000000000001,0.076,0.0,0.321,10.1,216,-0.8,-14.0,53.0,-2.5,41.5,4.2,$33.8,4.2,100,-1.01,-30.33,29.32,-10.3,-1.17,0.97,2.22,5,-1.8,0.77,0.526,93.7,0.221,84.8,0.084,88.7,0.07200000000000001,79.9,0.07200000000000001,85.1,0.023,86.2,0.001,79.2,0.001,,-9.1,-0.9,5.4,7.1,-0.8,2.2,-0.1,-0.24,-0.06,0.88,1.36,-0.15,1.32,-0.96,0.221,0.597,0.389,0.65,0.894,0.8170000000000001,0.447,0.602,0.071,0.0,0.313,,0.085,0.02,0.001,0.21100000000000002,0.222,0.055999999999999994,0.017,0.001,0.073,0.0,0.001,,94.0,,88.9,85.8,80.8,93.5,84.8,79.1,82.0,48.3,85.0,78.6,79.1,-2.0,,0.8,-5.6,-5.5,-6.0,2.4,1.3,1.7,-2.2,0.6,-4.8,-5.3,9.3,,4.3,1.9,-0.2,5.1,1.2,-5.3,-4.0,9.2,3.8,-3.5,-3.8,-4.2,,0.7,3.4,-0.3,-6.9,3.3,5.2,2.3,1.2,-0.3,0.0,-0.1,-0.19,,0.11,2.31,-6.34,-0.45,0.21,1.28,1.79,12.99,-0.05,0.0,-0.96,0.183,0.563,0.39,0.5820000000000001,0.88,0.8170000000000001,0.545,17.6,-16.5,-1.4,1.9,26 - 28,-0.8,5.8,-4.2,0.445,0.322,0.23199999999999998,0.16399999999999998,0.522,0.314,0.327,0.076,,0.067,0.304,0.086,0.018000000000000002,0.001,0.0,0.212,0.237,,84.8,,79.8,94.1,89.7,85.9,79.3,78.9,93.7,84.9,,0.3,,1.4,-1.8,0.8,-5.4,-4.6,-4.3,-5.8,2.9,,2.3,,-6.8,8.3,3.9,0.6,-5.6,-5.2,3.9,-0.1,,-0.7,,5.9,-4.2,4.0,4.1,-0.1,0.0,-7.3,2.7,,-0.13,,1.22,-0.19,0.65,3.22,-0.96,0.0,-0.47,0.16,,0.18600000000000003,0.5579999999999999,0.39,0.579,0.8809999999999999,0.816,0.547,17.6,,98,128,87,107,93,86,97,1.01,94,106,71,109,92,96,104,100,97,88.1,15.2,82,0.071,111.4,433,0.37200000000000005,1163,0.21600000000000003,0.287,0.25,0.407,0.336,3.5
663647,"Hayes, Ke'Bryan",R,71.693165722,26.63818865179692,3.946567083822728,1.1833813876663095,0.4081996434937612,2.3179392418358287,34.68299728901774,32.36505804718192,25.86785750056411,1683,Ke'Bryan Hayes,- - -,27,372,1386,1491,343,253,56,10,24,153,135,87,3,290,9,8,1,36,33,11,0.247,523,371,208,35,5559,1958,3601,41,3,2,0.057999999999999996,0.195,0.3,0.295,0.354,0.649,0.107,0.295,0.0141,0.18899999999999997,0.475,0.337,0.094,0.065,0.078,0.667,0.284,-36.7,141,-42.4,34.5,45.6,5.2,46.8,4.7,$37.6,5.2,76,-4.42,-28.81,24.38,-48.86,-4.99,1.05,2.28,7,-4.73,0.5,0.51,93.9,0.259,84.9,0.068,89.5,0.064,80.3,0.079,84.6,0.019,85.9,,,0.003,,-37.7,-3.2,-3.1,5.0,-1.9,1.1,,-1.33,-0.22,-0.82,1.4,-0.44,1.0,,0.312,0.628,0.447,0.6679999999999999,0.9259999999999999,0.823,0.428,0.606,0.079,-0.6,0.28600000000000003,,0.073,0.017,0.001,0.218,0.258,0.05,0.016,0.001,0.081,,,,94.3,,89.7,85.9,82.6,93.3,84.8,79.8,81.9,47.9,84.7,,,-2.1,,0.7,-3.7,-3.1,-4.5,3.0,2.0,1.3,-1.2,4.1,,,9.1,,5.0,2.4,1.3,4.7,0.9,-5.1,-4.8,6.9,3.2,,,-12.5,,-5.4,1.2,-0.7,-27.3,-5.1,5.5,0.7,-0.3,-1.6,,,-0.79,,-1.34,1.26,-13.72,-2.25,-0.36,1.97,0.73,-7.85,-0.36,,,0.28600000000000003,0.6,0.447,0.62,0.9129999999999999,0.8220000000000001,0.513,18.2,39.7,-0.5,1.9,26 - 28,-43.0,4.4,-0.4,0.305,0.389,0.306,0.163,0.5329999999999999,0.304,0.26899999999999996,0.081,,0.06,0.27899999999999997,0.076,0.017,,,0.22,0.266,,84.7,,80.1,94.3,90.1,85.7,,,93.4,84.8,,4.0,,1.7,-1.8,0.9,-3.5,,,-4.3,3.6,,1.9,,-6.9,8.2,4.3,0.9,,,3.5,-0.3,,-1.4,,5.8,-13.5,-1.6,-0.3,,,-28.3,-6.1,,-0.32,,1.74,-0.87,-0.39,-0.35,,,-2.32,-0.42,,0.287,0.599,0.447,0.621,0.9129999999999999,0.821,0.513,18.2,,100,68,88,92,87,66,100,0.95,111,90,52,75,111,126,103,102,94,90.2,9.2,55,0.05,113.1,493,0.446,1105,0.201,0.28,0.249,0.376,0.297,5.2
669016,"Marsh, Brandon",L,71.65418343,39.39578281741627,9.828209934746909,0.7345207383134384,0.4145607701564379,0.3006546656828414,27.854733742802072,27.554079077119223,29.46413877447284,1662,Brandon Marsh,PHI,26,401,1201,1373,322,205,67,11,39,172,163,147,3,408,6,13,5,8,36,6,0.268,331,284,185,12,5658,2162,3496,14,11,3,0.107,0.297,0.36,0.347,0.44,0.787,0.172,0.369,0.011699999999999999,0.231,0.414,0.355,0.042,0.13699999999999998,0.042,0.273,0.341,30.6,194,26.2,4.0,42.0,-3.4,81.1,8.2,$65.8,6.0,116,2.21,-23.08,25.28,34.41,3.51,1.01,1.62,44,2.66,-0.48,0.498,94.2,0.201,84.9,0.068,90.0,0.10300000000000001,80.7,0.091,86.4,0.036000000000000004,85.8,0.003,79.7,0.003,,15.6,1.7,2.2,2.4,14.5,2.3,-0.1,0.55,0.15,0.56,0.41,2.82,1.13,-0.7,0.289,0.638,0.431,0.5760000000000001,0.883,0.7609999999999999,0.408,0.61,0.10300000000000001,8.2,0.363,,0.07,0.035,0.002,0.135,0.196,0.09,0.017,0.001,0.08900000000000001,0.001,0.003,,94.5,,90.2,86.2,81.3,93.4,84.8,80.3,82.4,48.7,86.4,79.5,79.6,-3.1,,0.2,-6.4,-4.7,-2.8,0.8,3.8,2.8,0.2,-8.2,-3.7,-1.5,9.1,,4.9,1.8,-0.6,4.3,1.2,-4.8,-5.6,7.3,3.4,-3.1,-2.3,11.7,,5.6,0.2,1.3,0.0,-0.7,0.6,0.7,0.1,14.2,0.2,-0.2,0.57,,1.41,0.1,13.43,0.0,-0.06,0.12,0.72,3.68,2.82,3.73,-0.99,0.275,0.598,0.431,0.526,0.875,0.76,0.485,19.2,0.6,2.1,3.8,25 - 27,34.4,4.1,3.1,0.376,0.33299999999999996,0.29100000000000004,0.085,0.5589999999999999,0.35600000000000004,0.433,0.08900000000000001,0.0,0.10099999999999999,0.361,0.075,0.035,0.003,0.001,0.133,0.201,0.001,86.3,79.4,80.6,94.6,90.3,85.9,79.3,79.6,93.4,84.8,89.1,-7.9,6.3,4.1,-3.0,0.4,-5.8,-1.4,-3.7,-2.6,1.0,0.0,1.9,-8.6,-6.7,8.2,4.0,0.6,-3.7,-4.6,3.0,-0.1,0.0,14.2,0.0,2.1,10.6,3.7,-0.3,-0.2,0.2,2.8,0.5,0.0,2.81,-4.16,0.37,0.52,0.88,-0.15,-0.99,3.73,0.37,0.05,1.08,0.278,0.593,0.43200000000000005,0.529,0.873,0.76,0.488,19.2,,108,125,133,109,108,107,125,1.16,97,95,114,92,95,120,54,107,111,91.3,12.9,74,0.091,111.1,385,0.474,812,0.184,0.287,0.241,0.414,0.326,8.1
657557,"DeJong, Paul",R,71.651209492,35.104976861369366,15.83377901101292,-2.69465372900764,0.5510835913312692,5.347671168318702,32.43466151904476,27.086990350726072,27.140410555039697,1615,Paul DeJong,- - -,30,308,1010,1090,222,138,40,0,44,113,117,55,0,347,15,10,0,22,10,6,0.22,229,300,144,44,4092,1303,2789,10,0,0,0.05,0.318,0.16,0.268,0.39,0.658,0.17,0.283,0.0076,0.214,0.34,0.446,0.147,0.147,0.044000000000000004,0.0,0.285,-26.2,103,-25.0,7.3,33.3,9.0,23.9,2.4,$19.6,2.9,81,-4.65,-21.01,16.36,-49.53,-5.04,0.95,1.31,16,-2.85,-2.04,0.48,93.8,0.26,84.6,0.066,89.3,0.08,79.9,0.095,85.2,0.018000000000000002,85.8,,,,,-8.8,-16.6,8.0,-3.3,-10.3,-2.0,,-0.45,-1.56,2.93,-1.0,-2.64,-2.78,,0.38299999999999995,0.7929999999999999,0.561,0.486,0.794,0.6759999999999999,0.436,0.6659999999999999,0.182,-4.0,0.326,,0.073,0.016,0.001,0.149,0.257,0.064,0.016,,0.09699999999999999,,,,94.1,,89.7,87.0,83.3,93.3,84.4,79.6,80.7,,84.9,,,-1.4,,0.5,-5.9,-6.1,-4.9,2.4,1.1,2.4,,0.9,,,9.1,,4.9,1.9,1.8,5.1,1.0,-4.2,-4.4,,3.3,,,-12.4,,11.2,-2.1,-0.1,-0.5,-20.3,-1.3,-1.6,,-11.0,,,-0.93,,3.75,-3.17,-1.29,-0.08,-1.93,-0.49,-2.55,,-2.78,,,0.35200000000000004,0.748,0.562,0.418,0.782,0.674,0.529,17.9,16.4,-2.1,-2.0,29 - 31,-29.0,3.2,-1.0,0.444,0.299,0.257,0.191,0.484,0.325,0.409,0.094,,0.067,0.317,0.081,0.018000000000000002,,,0.14800000000000002,0.27399999999999997,0.0,84.9,,79.1,94.2,90.4,86.4,,,93.4,84.5,80.8,1.0,,1.0,-1.3,0.5,-5.0,,,-4.9,2.9,0.0,1.9,,-6.5,8.3,4.2,0.5,,,3.9,-0.3,0.0,-10.7,,-6.1,-11.7,7.3,-2.1,,,-2.0,-13.2,0.0,-2.79,,-2.21,-0.9,2.21,-2.86,,,-0.33,-1.17,2.42,0.35,0.7509999999999999,0.561,0.42,0.782,0.675,0.527,17.9,,90,60,142,85,97,107,97,1.08,81,117,124,109,85,106,121,93,102,87.0,19.3,60,0.08900000000000001,111.5,256,0.38,673,0.12,0.302,0.212,0.377,0.281,2.3
680869,"Gelof, Zack",R,71.635736004,34.13732711437151,16.810928870640907,1.888437347921767,0.529080675422139,5.15054247139301,27.53899396791174,22.388451496518726,29.241779199868304,1599,Zack Gelof,OAK,24,237,859,948,193,114,43,3,33,112,88,71,1,316,7,7,4,12,40,7,0.225,229,200,117,17,3628,1253,2375,18,8,2,0.075,0.33299999999999996,0.22,0.287,0.397,0.684,0.172,0.309,0.0115,0.214,0.419,0.366,0.085,0.165,0.079,0.25,0.296,-12.6,100,-7.2,4.1,28.9,3.5,38.2,3.8,$30.8,6.2,93,-2.55,-17.37,14.83,-20.21,-2.25,0.96,,0,-0.92,-1.72,0.48,93.9,0.247,84.7,0.057,88.6,0.09,80.1,0.102,85.1,0.023,85.8,0.001,77.0,0.002,,2.6,1.1,-5.0,-5.0,-6.4,-1.7,-0.1,0.15,0.12,-2.41,-1.53,-1.72,-2.11,-7.41,0.325,0.746,0.509,0.48200000000000004,0.752,0.655,0.43700000000000006,0.6509999999999999,0.17600000000000002,5.9,0.268,,0.055,0.025,,0.207,0.248,0.077,0.016,0.002,0.10099999999999999,,0.001,,94.2,,89.0,85.9,,93.8,84.8,79.5,82.2,41.3,85.0,,76.7,-2.0,,0.0,-6.2,,-6.4,2.5,2.5,1.0,3.1,-0.2,,-0.7,9.3,,4.5,1.3,,4.8,1.4,-5.3,-5.8,10.0,3.7,,-5.9,0.9,,-5.4,-1.5,,-0.7,-1.3,-3.5,0.7,2.3,-7.1,,-0.1,0.1,,-2.69,-1.68,,-0.1,-0.15,-1.25,1.21,33.49,-1.94,,-7.41,0.28300000000000003,0.7070000000000001,0.51,0.38299999999999995,0.75,0.655,0.535,18.9,7.6,3.6,2.1,23 - 25,-1.3,2.9,-0.3,0.46799999999999997,0.33899999999999997,0.193,0.11199999999999999,0.569,0.319,0.44299999999999995,0.099,0.0,0.087,0.264,0.061,0.026000000000000002,0.001,,0.213,0.25,,85.2,76.1,79.9,94.0,88.9,85.7,77.0,,94.0,84.8,,-0.1,4.2,2.6,-1.5,0.5,-5.1,0.5,,-6.1,3.3,,2.1,-10.3,-7.4,8.2,3.2,0.1,-7.7,,3.5,-0.1,,-7.5,-0.2,-3.5,3.2,-3.3,-1.0,-0.1,,-0.6,-2.2,,-2.08,-21.34,-1.12,0.34,-1.5,-1.05,-7.41,,-0.08,-0.24,,0.284,0.7040000000000001,0.51,0.38299999999999995,0.75,0.655,0.5379999999999999,18.9,,93,91,147,92,99,108,107,1.09,101,95,139,114,97,80,70,108,101,89.3,13.5,55,0.099,109.1,219,0.395,554,0.14400000000000002,0.32,0.208,0.378,0.286,3.9
666310,"Naylor, Bo",L,71.618901869,31.164233810047765,12.49473937309209,-5.699754185762394,0.5160314579552329,6.590969179009379,33.99745045732416,27.406481278314786,30.190540269865902,1653,Bo Naylor,CLE,24,313,911,1033,188,102,45,3,38,118,118,104,2,274,4,9,5,9,12,5,0.206,205,319,119,43,4319,1612,2707,14,8,1,0.10099999999999999,0.265,0.38,0.288,0.387,0.675,0.181,0.247,0.0064,0.185,0.319,0.496,0.135,0.11900000000000001,0.068,0.125,0.294,-15.8,107,-12.9,8.5,31.5,19.7,50.5,5.1,$41.0,4.1,89,-1.11,-19.63,18.53,-6.03,-0.63,1.04,1.95,30,-1.29,0.22,0.44,93.9,0.212,84.5,0.077,90.0,0.105,80.2,0.127,86.2,0.036000000000000004,87.0,0.001,80.7,0.003,,2.1,-3.7,-2.8,-4.4,-2.6,1.3,0.0,0.11,-0.4,-0.83,-0.96,-0.47,0.83,-0.32,0.306,0.664,0.46399999999999997,0.6409999999999999,0.856,0.777,0.441,0.613,0.10300000000000001,0.2,0.341,,0.078,0.036000000000000004,,0.09699999999999999,0.20800000000000002,0.085,0.025,0.0,0.128,,0.001,,94.2,,89.9,87.0,,93.2,84.5,79.1,82.5,38.3,86.3,,80.5,-3.3,,0.6,-6.8,,-1.7,1.5,4.0,4.2,0.8,-8.0,,-3.2,9.1,,4.7,1.8,,3.9,0.8,-5.3,-6.2,7.5,3.1,,-3.1,-7.3,,-4.1,1.0,,5.3,-3.0,0.0,-5.4,-0.1,-2.6,,0.0,-0.5,,-1.23,0.63,,1.27,-0.34,-0.01,-5.0,-3.24,-0.48,,-0.31,0.261,0.648,0.46399999999999997,0.557,0.857,0.777,0.524,19.0,28.2,-1.2,0.8,23 - 25,-12.7,3.5,1.6,0.425,0.34700000000000003,0.22699999999999998,0.161,0.555,0.284,0.40299999999999997,0.13,,0.099,0.336,0.078,0.032,0.001,,0.10099999999999999,0.221,,86.1,,80.1,94.3,90.0,86.5,80.4,,93.3,84.4,,-7.7,,4.8,-3.1,0.8,-6.2,-3.0,,-1.9,1.6,,1.7,,-7.6,8.1,3.8,0.7,-4.4,,2.9,-0.5,,-3.4,,-4.4,-10.9,-3.0,0.5,0.0,,9.5,-4.7,,-0.6,,-1.02,-0.75,-0.9,0.38,-0.31,,2.16,-0.49,,0.27,0.635,0.46399999999999997,0.562,0.858,0.777,0.53,19.0,6.9,85,122,117,92,96,113,85,0.94,77,128,99,104,100,94,102,106,89,88.8,20.7,57,0.08800000000000001,110.6,237,0.364,651,0.163,0.266,0.201,0.36,0.285,4.9
571771,"Hernández, Enrique",R,71.61316268,28.860295614840837,8.264185621820937,-3.0423389228906714,0.4905792044661548,3.87742967661892,31.49877179671223,27.621342120093303,29.29385093910973,1433,Enrique Hernandez,- - -,32,359,1059,1157,240,160,47,0,33,131,138,79,1,242,3,14,2,37,4,1,0.227,307,365,157,36,4520,1566,2954,11,4,0,0.068,0.209,0.33,0.279,0.364,0.643,0.138,0.259,0.0084,0.18899999999999997,0.37,0.44,0.099,0.09,0.036000000000000004,0.0,0.28,-32.6,105,-34.3,-11.2,35.5,1.4,-7.0,-0.7,($5.4),2.7,75,-1.98,-19.75,17.78,-41.84,-4.14,0.91,1.13,49,-3.57,1.41,0.467,93.5,0.261,84.9,0.07400000000000001,88.8,0.078,80.4,0.09300000000000001,84.8,0.026000000000000002,85.7,0.001,73.0,0.002,,-27.7,-8.3,-3.3,-2.7,5.1,-5.2,0.0,-1.31,-0.71,-0.98,-0.75,1.21,-4.46,-1.3,0.314,0.7090000000000001,0.484,0.622,0.861,0.773,0.429,0.62,0.11,-1.8,0.293,,0.077,0.021,0.001,0.16899999999999998,0.257,0.07,0.013999999999999999,0.002,0.096,,0.001,,93.8,,89.1,85.3,85.1,93.5,84.9,80.3,81.9,45.3,84.9,,72.8,-1.1,,0.4,-3.0,4.1,-3.1,2.0,0.7,2.5,1.7,3.5,,-3.1,9.2,,4.7,2.2,1.8,4.5,1.2,-4.6,-4.4,7.8,3.4,,-0.5,-15.2,,-2.2,-4.2,-0.2,-10.1,-9.9,-3.8,-1.3,-0.9,3.5,,0.0,-1.14,,-0.62,-4.47,-7.16,-1.33,-0.85,-1.19,-2.14,-8.3,0.81,,-1.31,0.28600000000000003,0.6659999999999999,0.484,0.5529999999999999,0.858,0.772,0.521,19.2,-9.8,-1.4,3.1,31 - 33,-36.1,3.5,-3.4,0.38299999999999995,0.363,0.255,0.14,0.547,0.312,0.306,0.10099999999999999,,0.073,0.28800000000000003,0.08,0.02,0.001,,0.16699999999999998,0.26899999999999996,0.0,84.0,,80.4,94.0,89.5,85.3,72.7,,93.6,84.9,85.1,3.1,,1.4,-1.0,0.6,-2.5,-2.4,,-2.8,2.4,0.0,2.1,,-6.7,8.2,3.8,0.7,-2.3,,3.4,-0.1,0.0,1.4,,-3.2,-11.5,-3.1,-3.7,0.0,,-12.4,-11.3,-0.3,0.3,,-0.96,-0.89,-0.86,-4.03,-1.31,,-1.64,-0.93,-26.12,0.28300000000000003,0.67,0.483,0.561,0.855,0.772,0.517,19.2,,92,81,93,88,89,86,88,0.95,87,117,75,94,104,105,90,105,97,89.0,16.9,47,0.055999999999999994,112.7,310,0.37200000000000005,833,0.16899999999999998,0.27899999999999997,0.225,0.363,0.281,-0.4
607208,"Turner, Trea",R,71.598225937,28.73332935332713,10.05786162253884,-4.730584922918753,0.6094127111826229,2.974931773334532,31.08069380722687,28.10576203389234,28.378324835671545,2486,Trea Turner,PHI,31,417,1733,1869,498,333,91,12,62,284,207,115,3,355,17,4,0,33,85,11,0.287,619,501,262,40,7127,2463,4664,76,0,0,0.062,0.19,0.32,0.337,0.461,0.798,0.174,0.33,0.0124,0.19,0.44799999999999995,0.363,0.08,0.124,0.12300000000000001,0.0,0.344,45.3,268,39.5,4.0,57.2,17.8,144.0,14.7,$117.3,6.8,118,4.08,-32.52,36.59,38.71,3.85,0.99,2.61,1,5.76,-1.66,0.452,94.2,0.26,85.1,0.064,88.9,0.094,80.9,0.102,85.3,0.026000000000000002,85.9,0.002,79.3,0.002,,14.3,28.7,7.8,-3.5,3.8,1.3,0.3,0.44,1.55,1.72,-0.53,0.52,0.69,2.66,0.371,0.76,0.527,0.568,0.877,0.747,0.401,0.649,0.134,20.0,0.282,,0.067,0.022000000000000002,0.003,0.168,0.256,0.077,0.022000000000000002,0.0,0.102,0.0,0.002,,94.6,,89.1,86.4,83.4,93.4,85.1,79.9,83.7,56.0,85.3,79.5,79.2,-1.5,,0.4,-4.1,-3.9,-4.1,2.2,1.2,1.8,-6.3,2.9,-4.5,-1.4,9.3,,4.7,2.6,2.8,4.6,1.3,-4.9,-4.5,9.6,3.4,-3.3,0.2,0.6,,10.1,2.2,-0.7,10.7,22.0,-5.1,0.0,1.4,1.7,0.5,0.3,0.03,,2.11,1.42,-3.86,0.9,1.21,-0.94,0.01,46.4,0.23,25.75,2.66,0.33399999999999996,0.727,0.528,0.493,0.866,0.746,0.49200000000000005,18.7,21.8,9.1,4.5,30 - 32,59.5,5.6,0.7,0.41600000000000004,0.353,0.231,0.13699999999999998,0.525,0.33899999999999997,0.285,0.10300000000000001,0.0,0.08800000000000001,0.27899999999999997,0.068,0.023,0.002,0.0,0.16899999999999998,0.268,,85.3,79.0,80.7,94.6,89.3,85.4,78.8,79.7,93.5,85.0,,2.7,4.5,1.5,-1.4,0.6,-3.5,-1.0,-4.2,-4.0,2.7,,2.0,-8.3,-6.7,8.4,3.9,1.3,-1.4,-4.2,3.4,-0.1,,1.9,0.0,-6.2,3.5,8.4,2.1,0.3,0.5,9.7,23.3,,0.26,-1.39,-1.0,0.18,1.73,1.31,2.66,25.75,0.8,1.22,,0.335,0.727,0.527,0.49200000000000005,0.867,0.746,0.49200000000000005,18.7,,116,72,85,106,113,108,112,0.95,105,97,101,102,101,95,87,101,105,89.5,11.2,97,0.07,111.7,575,0.41600000000000004,1382,0.127,0.261,0.265,0.432,0.325,13.4
596146,"Kepler, Max",L,71.568229184,31.269846011360062,7.451652027318849,-7.494921842317455,0.4547368421052632,-0.999143070107535,32.998049290394235,33.99719236050177,29.82298989908857,1900,Max Kepler,- - -,31,362,1223,1364,297,182,62,3,50,173,160,115,3,279,13,11,1,22,5,1,0.243,347,424,183,31,5252,1933,3319,26,2,0,0.084,0.205,0.41,0.312,0.421,0.733,0.178,0.273,0.008199999999999999,0.192,0.364,0.444,0.073,0.11800000000000001,0.075,0.0,0.317,3.5,166,3.8,10.4,41.7,-14.6,42.0,4.2,$33.9,3.2,102,0.57,-23.84,24.41,-1.16,-0.19,1.02,1.43,40,0.38,0.18,0.467,94.1,0.204,84.8,0.07400000000000001,89.4,0.10400000000000001,80.6,0.114,86.3,0.036000000000000004,86.5,0.001,78.3,0.002,,6.7,1.1,4.3,-3.5,3.3,-4.4,0.2,0.27,0.1,1.11,-0.65,0.56,-2.34,2.65,0.306,0.74,0.49,0.608,0.895,0.792,0.423,0.612,0.102,-3.3,0.33299999999999996,,0.078,0.037000000000000005,0.001,0.129,0.203,0.083,0.022000000000000002,0.001,0.11199999999999999,0.0,0.001,,94.4,,89.7,86.3,82.2,93.3,84.9,79.7,82.7,51.2,86.3,81.5,78.3,-3.2,,0.6,-6.6,-5.8,-3.4,1.4,3.3,2.5,-2.3,-8.0,-6.8,-1.5,9.3,,4.9,2.1,1.7,4.3,1.0,-5.1,-5.7,7.3,3.4,2.0,0.2,7.6,,4.2,-4.8,-0.1,-3.9,0.4,-3.0,-0.6,0.7,3.3,0.0,0.2,0.43,,1.01,-2.51,-2.49,-0.58,0.04,-0.68,-0.52,11.56,0.57,3.64,2.65,0.285,0.69,0.49,0.535,0.895,0.792,0.506,18.8,-4.2,-1.7,-1.8,30 - 32,0.5,4.0,1.5,0.43200000000000005,0.33899999999999997,0.22899999999999998,0.136,0.509,0.355,0.326,0.115,,0.1,0.32899999999999996,0.083,0.034,0.001,,0.128,0.20800000000000002,0.001,86.3,,80.4,94.3,89.8,86.0,77.8,,93.3,84.7,91.9,-7.9,,3.8,-3.0,0.9,-6.0,-1.6,,-3.2,1.5,0.0,2.0,,-7.0,8.3,4.0,0.9,-1.1,,3.1,-0.3,0.0,2.5,,-3.4,4.7,9.8,-4.0,0.2,,-3.5,-2.5,-0.1,0.41,,-0.64,0.27,2.27,-2.23,2.65,,-0.52,-0.23,-2.25,0.284,0.691,0.49,0.537,0.893,0.7909999999999999,0.507,18.8,,99,100,91,99,104,112,94,0.97,87,116,99,106,97,95,86,97,111,90.6,15.9,97,0.10099999999999999,115.4,415,0.434,957,0.142,0.244,0.251,0.448,0.334,4.2
668804,"Reynolds, Bryan",R,71.563665807,38.045126488267485,12.910473697578553,0.7543349194898064,0.4681620839363243,1.586008399173353,28.65918069159931,27.073172292425976,27.16239741368041,2764,Bryan Reynolds,PIT,29,455,1783,1986,466,293,98,11,64,226,245,167,6,467,24,12,0,35,25,5,0.261,600,416,312,12,7764,2931,4833,38,0,0,0.084,0.235,0.36,0.331,0.436,0.767,0.175,0.318,0.0144,0.235,0.452,0.313,0.028999999999999998,0.154,0.063,0.0,0.332,29.2,265,22.2,-14.4,60.7,-24.3,53.0,5.4,$43.1,4.6,109,0.59,-34.91,35.49,38.16,3.63,1.0,1.77,5,2.03,-1.45,0.431,94.1,0.18,85.0,0.076,89.8,0.105,80.3,0.165,85.8,0.042,86.2,,,0.003,,19.7,-6.2,12.0,2.0,2.2,1.0,,0.59,-0.44,2.02,0.25,0.17,0.31,,0.315,0.755,0.491,0.547,0.852,0.7340000000000001,0.39899999999999997,0.614,0.13,2.8,0.293,,0.08,0.038,0.001,0.13699999999999998,0.174,0.087,0.021,,0.16899999999999998,,,,94.4,,90.0,86.2,83.9,93.3,84.9,80.0,81.3,,85.8,,,-1.9,,0.5,-4.1,-5.4,-3.2,1.7,2.6,3.1,,-2.9,,,8.8,,4.9,2.1,1.3,4.4,0.9,-5.4,-5.6,,3.0,,,12.4,,11.0,-1.2,-0.7,5.6,-7.2,-3.4,4.8,,3.5,,,0.55,,1.78,-0.41,-6.67,0.53,-0.53,-0.5,2.95,,0.26,,,0.287,0.7120000000000001,0.491,0.48100000000000004,0.843,0.733,0.48100000000000004,19.3,-38.7,-0.6,4.3,28 - 30,25.0,5.9,2.3,0.39899999999999997,0.34600000000000003,0.255,0.113,0.542,0.345,0.35100000000000003,0.171,0.0,0.10099999999999999,0.28300000000000003,0.09,0.037000000000000005,,,0.135,0.183,0.0,85.8,78.4,80.2,94.5,90.5,86.1,,,93.3,84.8,100.1,-2.9,5.9,3.0,-1.9,0.6,-3.9,,,-3.0,2.0,0.0,1.7,-8.4,-7.1,8.0,4.3,0.7,,,3.3,-0.4,0.0,2.7,-0.1,3.0,14.7,10.0,-1.8,,,3.5,-7.2,0.0,0.21,-1.88,0.39,0.67,1.43,-0.63,,,0.34,-0.51,3.64,0.29,0.7070000000000001,0.491,0.486,0.84,0.732,0.48200000000000004,19.3,,105,99,106,104,107,110,108,1.18,106,84,126,98,99,105,72,104,107,90.6,9.2,136,0.102,113.5,614,0.462,1328,0.132,0.262,0.267,0.471,0.35,6.0
676475,"Burleson, Alec",L,71.560256894,32.60295633267035,9.912738281411482,0.7997473020912902,0.5577290076335878,-4.378444269470686,30.213609864504757,34.59205413397544,22.859199173164708,2096,Alec Burleson,STL,25,398,1359,1488,368,252,66,3,47,159,183,97,1,200,10,12,3,35,17,6,0.271,474,450,238,43,5290,1793,3497,19,12,7,0.065,0.134,0.49,0.321,0.428,0.749,0.157,0.286,0.0105,0.205,0.408,0.387,0.096,0.10400000000000001,0.04,0.583,0.324,13.2,190,15.2,-14.1,45.4,-24.1,20.8,2.2,$17.2,3.5,109,1.93,-25.92,27.85,11.08,1.39,0.99,2.14,49,1.99,-0.03,0.45799999999999996,94.0,0.204,84.8,0.08,89.2,0.102,80.2,0.12,86.8,0.036000000000000004,86.9,,,0.001,,-3.2,-1.8,0.2,3.8,6.6,6.0,,-0.13,-0.17,0.06,0.71,1.03,3.09,,0.363,0.736,0.522,0.753,0.8909999999999999,0.836,0.428,0.614,0.086,-6.0,0.315,,0.08199999999999999,0.036000000000000004,0.001,0.142,0.196,0.09,0.019,0.001,0.11699999999999999,0.0,,,94.4,,89.5,86.6,83.3,93.5,84.8,79.8,81.6,49.2,86.7,79.9,,-2.8,,0.4,-5.8,-5.2,-3.7,1.3,3.5,3.1,-0.6,-7.9,-3.2,,8.8,,4.8,2.0,-0.6,4.5,1.1,-4.8,-5.0,9.7,2.8,-2.5,,-6.7,,-2.8,4.5,0.5,1.1,1.8,1.3,1.4,0.3,6.2,0.5,,-0.4,,-0.65,2.36,10.38,0.15,0.17,0.28,1.42,6.39,1.0,51.06,,0.34600000000000003,0.6940000000000001,0.524,0.736,0.884,0.836,0.51,19.0,-38.2,-1.7,-3.6,24 - 26,9.2,4.5,-0.3,0.354,0.389,0.256,0.141,0.542,0.318,0.231,0.11900000000000001,,0.098,0.307,0.092,0.032,,0.0,0.146,0.20600000000000002,,86.7,,80.2,94.4,89.8,86.3,,80.0,93.5,84.6,,-7.7,,4.1,-2.7,0.5,-5.3,,-3.2,-3.8,1.2,,1.6,,-6.7,8.1,4.0,0.7,,-3.7,3.4,-0.2,,7.0,,5.0,-7.5,1.1,4.7,,0.5,-1.6,-4.0,,1.1,,0.96,-0.46,0.23,2.75,,51.06,-0.21,-0.37,,0.34600000000000003,0.6940000000000001,0.524,0.733,0.884,0.836,0.511,19.0,,109,77,60,101,105,99,97,1.03,95,104,88,87,111,105,89,104,99,90.2,13.9,87,0.07400000000000001,111.1,493,0.41700000000000004,1181,0.136,0.222,0.271,0.456,0.338,2.2
596019,"Lindor, Francisco",R,71.555914778,33.72203776862489,11.814106254967545,-2.1178291733130488,0.5447387258410884,3.3272352648785994,30.03740988467192,26.71017461979332,25.930160858203525,2794,Francisco Lindor,NYM,30,472,1864,2108,494,289,107,3,95,332,275,187,3,395,40,17,0,24,91,14,0.265,525,636,319,69,8408,3068,5340,32,6,6,0.08900000000000001,0.187,0.47,0.342,0.479,0.821,0.214,0.287,0.0083,0.21600000000000003,0.355,0.43,0.10800000000000001,0.149,0.061,1.0,0.353,66.8,318,72.5,17.2,64.5,20.4,191.4,19.5,$156.1,5.7,129,8.24,-34.07,42.31,84.75,9.02,0.97,3.12,3,8.29,0.16,0.48100000000000004,94.1,0.165,85.0,0.081,89.3,0.111,80.2,0.124,86.0,0.037000000000000005,86.7,0.001,76.0,0.003,,40.4,9.6,0.0,2.7,13.9,3.0,-0.2,1.0,0.69,-0.01,0.29,1.33,0.97,-4.22,0.306,0.706,0.48,0.669,0.8690000000000001,0.797,0.434,0.605,0.09699999999999999,10.5,0.35600000000000004,,0.083,0.036000000000000004,0.0,0.122,0.162,0.096,0.021,0.001,0.12300000000000001,0.0,0.001,,94.3,,89.7,86.4,82.1,93.3,85.0,79.8,81.8,38.6,86.1,80.8,75.9,-2.4,,0.3,-5.2,-5.0,-2.2,1.4,2.6,2.8,0.1,-3.0,-6.2,-3.1,9.2,,5.1,2.5,-1.1,4.6,1.2,-5.3,-5.5,6.4,3.2,-1.9,-2.2,26.7,,-3.2,2.3,-0.1,10.3,12.0,-6.8,8.9,0.9,14.6,0.1,-0.2,0.89,,-0.45,0.76,-5.63,1.01,0.88,-0.85,5.04,15.75,1.41,4.41,-4.27,0.27899999999999997,0.662,0.479,0.611,0.867,0.7959999999999999,0.522,18.9,37.6,8.7,4.9,29 - 31,83.0,6.3,3.4,0.452,0.34,0.20800000000000002,0.149,0.502,0.349,0.321,0.128,0.0,0.111,0.35700000000000004,0.085,0.032,0.001,0.0,0.11800000000000001,0.16899999999999998,,85.9,78.6,80.1,94.5,90.0,86.4,75.9,81.5,93.5,85.0,,-2.9,6.3,2.9,-2.2,0.4,-5.0,-2.9,-6.0,-2.1,1.8,,1.8,-9.9,-7.0,8.2,4.2,1.3,-3.3,-3.0,3.3,-0.1,,17.2,0.0,0.8,29.1,-2.2,0.6,-0.2,0.1,7.7,13.0,,1.61,-3.94,0.09,0.97,-0.31,0.23,-4.27,4.41,0.78,0.92,,0.284,0.659,0.479,0.617,0.865,0.795,0.521,18.9,,107,104,84,107,118,134,97,1.08,83,115,124,111,97,85,95,96,108,90.9,17.1,162,0.109,112.9,672,0.452,1486,0.154,0.252,0.263,0.485,0.357,20.3
678662,"Tovar, Ezequiel",R,71.54622725,36.32555758242893,10.33732037162109,-1.5353559753338564,0.4728033472803343,2.4836629923164253,30.300969013346723,27.81730602103028,24.799666501677287,2629,Ezequiel Tovar,COL,22,405,1596,1700,414,252,100,12,50,206,184,69,1,464,9,12,13,28,22,13,0.259,419,452,269,37,6292,1842,4450,31,17,1,0.040999999999999995,0.273,0.15,0.292,0.431,0.723,0.172,0.333,0.009300000000000001,0.23600000000000002,0.368,0.396,0.08199999999999999,0.111,0.07400000000000001,0.059000000000000004,0.31,-6.2,196,-36.4,22.6,52.0,18.0,60.3,6.2,$49.3,5.1,82,-1.95,-31.01,29.07,-39.3,-3.7,0.96,,0,-3.95,1.92,0.467,93.9,0.27899999999999997,84.6,0.077,88.6,0.08,79.6,0.08,85.0,0.016,85.4,0.002,75.6,0.001,,-8.6,-3.4,-6.4,-2.5,5.5,2.7,-0.1,-0.29,-0.19,-1.32,-0.51,1.11,2.65,-0.97,0.465,0.82,0.606,0.544,0.84,0.703,0.397,0.67,0.18,-1.1,0.325,,0.078,0.013999999999999999,0.002,0.141,0.27399999999999997,0.07,0.013999999999999999,,0.08,,0.002,,94.1,,88.7,85.8,82.2,93.2,84.6,79.0,81.7,,85.0,,75.6,-1.5,,0.5,-3.9,-6.4,-3.9,2.2,0.3,2.1,,1.1,,-1.9,8.2,,3.8,1.9,1.3,4.2,0.8,-4.7,-4.5,,2.9,,-1.4,-15.1,,-5.9,2.2,1.7,3.2,-4.7,-1.5,0.7,,5.1,,-0.1,-0.74,,-1.2,2.51,17.02,0.36,-0.28,-0.34,0.81,,1.01,,-0.95,0.43,0.795,0.607,0.496,0.818,0.7,0.484,18.4,40.7,-3.4,0.0,21 - 23,-37.5,5.1,-1.2,0.371,0.36,0.27,0.13,0.527,0.34299999999999997,0.34299999999999997,0.081,,0.07200000000000001,0.314,0.076,0.013999999999999999,0.002,,0.14800000000000002,0.29100000000000004,0.001,85.1,,79.3,94.3,89.2,85.5,75.8,,93.3,84.6,93.4,1.0,,0.3,-1.4,0.6,-4.4,-1.7,,-3.7,2.5,0.0,1.9,,-6.2,7.7,3.5,0.8,-2.2,,3.4,-0.2,0.0,5.3,,-4.9,-13.5,-4.1,3.4,-0.1,,2.5,-3.8,0.0,1.04,,-1.07,-0.68,-0.85,3.73,-0.95,,0.27,-0.21,-1.0,0.424,0.8,0.607,0.491,0.8170000000000001,0.7,0.485,18.4,,105,48,122,92,106,108,113,1.18,86,106,91,91,103,111,82,101,107,88.6,16.0,101,0.087,112.5,443,0.38299999999999995,1158,0.098,0.278,0.243,0.41,0.298,6.1
467793,"Santana, Carlos",R,71.50524899,26.829661583206263,12.059799811025576,-5.133513156334905,0.6333333333333335,7.438911593490511,34.015731459641444,26.576819866150927,27.31009482597084,2100,Carlos Santana,- - -,38,420,1486,1687,347,219,70,1,57,190,211,182,4,294,9,10,0,29,17,0,0.234,495,497,210,79,6873,2720,4153,27,0,0,0.10800000000000001,0.174,0.62,0.319,0.397,0.716,0.164,0.253,0.01,0.175,0.41200000000000003,0.413,0.159,0.115,0.055,0.0,0.313,-0.7,200,-0.7,22.9,51.6,-31.4,46.5,4.7,$37.9,3.3,100,0.11,-29.63,29.74,5.33,0.52,1.0,1.95,17,-0.48,0.59,0.431,94.0,0.184,84.5,0.095,89.6,0.10300000000000001,79.8,0.14400000000000002,85.6,0.042,86.7,0.001,80.7,0.003,,2.0,-12.0,0.8,3.4,4.5,0.1,0.0,0.07,-0.95,0.12,0.49,0.45,0.03,-0.31,0.27699999999999997,0.682,0.445,0.659,0.8590000000000001,0.7859999999999999,0.415,0.57,0.095,-1.3,0.31,,0.098,0.044000000000000004,0.0,0.11800000000000001,0.179,0.08800000000000001,0.021,,0.141,,0.001,,94.3,,89.8,86.6,83.8,93.3,84.5,79.3,81.6,,85.5,,81.2,-2.3,,0.4,-6.2,-3.6,-3.6,1.5,2.3,2.6,,-3.4,,-1.3,9.1,,4.8,2.1,3.4,4.0,1.0,-5.3,-5.5,,3.4,,-4.1,5.2,,-2.6,-1.7,-0.2,-2.5,-10.4,-1.5,3.3,,6.1,,0.5,0.25,,-0.39,-0.57,-9.39,-0.31,-0.85,-0.25,2.32,,0.63,,7.75,0.245,0.648,0.445,0.599,0.858,0.787,0.496,18.6,-8.5,0.4,0.8,37 - 39,-2.0,5.4,0.0,0.512,0.313,0.175,0.195,0.488,0.317,0.316,0.14400000000000002,0.0,0.10099999999999999,0.305,0.099,0.04,0.001,,0.11900000000000001,0.19,0.0,85.5,78.5,79.7,94.3,90.1,86.4,80.5,,93.3,84.5,99.5,-3.4,6.2,2.7,-2.1,0.6,-5.3,-1.4,,-3.5,1.7,0.0,2.0,-9.0,-7.1,8.1,4.0,1.0,-5.7,,2.9,-0.3,0.0,5.3,0.0,1.6,7.2,-2.0,0.2,0.0,,-4.3,-11.9,0.0,0.53,4.6,0.24,0.34,-0.29,0.07,-0.3,,-0.53,-0.91,0.95,0.243,0.649,0.445,0.599,0.857,0.7859999999999999,0.49700000000000005,18.6,,95,128,78,101,98,102,87,0.89,98,108,95,125,90,72,123,94,99,88.6,15.1,77,0.064,113.6,457,0.38,1202,0.159,0.254,0.234,0.387,0.312,5.0
641487,"Crawford, J.P.",L,71.484580232,35.7178486468508,6.162094285729804,-0.3911496742864325,0.396584440227704,2.331937734142356,37.32017403970518,34.98823630556284,27.28176247892777,2108,J.P. Crawford,SEA,29,407,1496,1743,372,255,75,2,40,218,160,220,2,349,14,4,9,22,15,1,0.249,487,401,258,38,7277,2883,4394,25,14,1,0.126,0.2,0.63,0.349,0.382,0.731,0.133,0.299,0.0121,0.225,0.425,0.35,0.095,0.1,0.051,0.071,0.326,16.7,224,32.8,-16.9,53.4,18.2,92.4,9.3,$74.7,3.6,116,2.08,-29.4,31.48,30.01,3.0,1.02,4.44,3,0.86,1.18,0.53,93.7,0.204,84.2,0.084,89.2,0.061,80.3,0.09300000000000001,86.2,0.027999999999999997,87.0,,,0.002,,18.3,-10.9,-1.7,8.2,8.7,-2.1,,0.47,-0.73,-0.27,1.85,1.29,-1.0,,0.23,0.642,0.415,0.7090000000000001,0.879,0.8270000000000001,0.45,0.562,0.07200000000000001,-0.9,0.38,,0.086,0.027000000000000003,0.001,0.147,0.201,0.054000000000000006,0.012,0.0,0.09300000000000001,0.0,,,93.9,,89.3,87.0,82.1,93.2,84.2,79.7,82.4,47.1,86.2,82.8,,-2.1,,0.3,-6.5,-3.6,-0.6,0.5,2.2,3.8,0.3,-7.5,-5.7,,9.4,,5.0,1.9,1.7,4.6,1.1,-5.1,-6.0,8.1,3.3,-0.2,,24.9,,2.9,-1.4,-0.1,-14.1,-20.3,10.2,2.1,0.6,7.1,-0.2,,0.9,,0.46,-0.71,-2.48,-1.32,-1.39,2.61,2.53,18.54,1.05,-10.36,,0.2,0.608,0.415,0.655,0.8759999999999999,0.826,0.528,17.9,1.3,-1.0,2.9,28 - 30,31.8,5.9,1.3,0.369,0.353,0.278,0.185,0.529,0.285,0.349,0.09300000000000001,,0.059000000000000004,0.377,0.091,0.025,,0.0,0.14800000000000002,0.205,0.001,86.3,,80.3,93.9,89.6,86.4,,79.6,93.3,84.2,89.1,-7.2,,3.2,-2.0,0.6,-5.7,,-6.1,-0.4,0.5,0.0,2.0,,-7.2,8.4,4.0,0.6,,0.1,3.3,-0.3,0.0,6.6,,7.8,26.9,1.7,-1.8,,0.0,-13.6,-16.1,0.0,0.97,,1.81,0.98,0.25,-0.97,,2.69,-1.26,-1.08,-1.11,0.201,0.607,0.415,0.659,0.875,0.826,0.528,17.9,,102,152,88,111,94,82,103,1.15,102,90,82,90,102,115,117,102,89,87.6,13.2,61,0.053,110.7,418,0.36,1160,0.187,0.259,0.252,0.383,0.329,9.8
592206,"Castellanos, Nick",R,71.434897634,39.51706686848073,14.21935798193905,-5.254433064954211,0.4721229449606858,2.254477804042379,31.373918607263267,29.119440803220883,28.409621607250497,2798,Nick Castellanos,PHI,32,466,1779,1919,461,290,94,8,69,231,264,109,2,457,17,14,0,44,21,4,0.259,525,508,303,25,6950,2240,4710,33,0,0,0.057,0.23800000000000002,0.24,0.306,0.437,0.743,0.178,0.309,0.0103,0.22699999999999998,0.39299999999999996,0.38,0.049,0.136,0.063,0.0,0.319,8.6,237,2.4,-26.9,58.7,-21.7,9.8,1.0,$7.7,4.5,101,-2.58,-36.02,33.44,-7.58,-0.81,1.01,3.08,5,-0.05,-2.51,0.409,94.1,0.306,84.9,0.06,89.0,0.092,80.7,0.105,85.3,0.026000000000000002,86.0,0.002,77.3,0.003,,5.5,7.1,-4.5,-7.1,-3.9,1.9,1.6,0.19,0.33,-1.08,-1.11,-0.54,1.05,11.53,0.42700000000000005,0.805,0.5770000000000001,0.536,0.843,0.706,0.396,0.6990000000000001,0.16899999999999998,-8.5,0.258,,0.06,0.024,0.001,0.15,0.305,0.077,0.018000000000000002,,0.105,,0.002,,94.3,,88.9,86.3,84.1,93.6,84.9,80.1,82.8,,85.2,,77.2,-1.0,,0.6,-5.0,-3.0,-5.3,2.4,1.6,1.9,,1.9,,-2.6,9.1,,4.3,1.8,2.6,4.8,1.0,-4.7,-4.4,,3.4,,-2.2,4.7,,-6.6,0.5,-0.4,-1.8,9.8,-10.0,0.1,,-3.9,,1.6,0.26,,-1.6,0.29,-3.97,-0.17,0.46,-1.87,0.06,,-0.53,,11.56,0.39399999999999996,0.772,0.5760000000000001,0.474,0.831,0.705,0.483,19.1,-48.6,-0.5,-5.3,31 - 33,-6.1,5.7,-2.2,0.43,0.335,0.23399999999999999,0.125,0.537,0.33799999999999997,0.331,0.105,0.0,0.086,0.253,0.062,0.025,0.002,,0.152,0.314,0.0,85.3,78.7,80.6,94.4,89.2,86.0,76.9,,93.6,84.9,88.6,1.9,5.1,1.9,-0.9,0.8,-4.5,-2.5,,-5.2,3.0,0.0,1.9,-8.6,-6.4,8.2,3.6,0.5,-3.7,,3.6,-0.4,0.0,-4.5,-0.1,-5.9,5.4,-10.2,0.9,1.6,,1.1,6.7,-0.1,-0.63,-2.77,-0.99,0.31,-2.36,0.53,11.56,,0.11,0.31,-3.51,0.39299999999999996,0.773,0.5770000000000001,0.47100000000000003,0.833,0.705,0.48200000000000004,19.1,,104,67,107,96,107,111,105,1.14,92,102,111,106,96,96,79,103,105,88.4,14.9,115,0.086,113.1,515,0.385,1336,0.10099999999999999,0.271,0.255,0.437,0.321,1.3
681481,"Carpenter, Kerry",L,71.412012441,34.6122778534193,16.73720715571779,1.0965527013294214,0.5041322314049586,-6.908362716410064,25.05136313905355,31.95972585546361,29.328360221106774,1815,Kerry Carpenter,DET,26,335,1115,1219,300,173,51,12,64,160,183,72,4,296,19,6,0,13,7,3,0.269,317,344,164,36,4632,1583,3049,11,0,0,0.059000000000000004,0.243,0.24,0.323,0.509,0.831,0.239,0.31,0.0092,0.19899999999999998,0.384,0.41700000000000004,0.105,0.18600000000000003,0.035,0.0,0.353,38.2,184,39.6,-2.7,37.3,-20.3,56.6,5.8,$46.1,4.7,128,2.95,-20.54,23.49,46.75,4.83,0.95,1.6,42,5.48,-2.37,0.405,94.1,0.193,84.3,0.09,89.4,0.122,80.0,0.152,86.1,0.039,86.5,,,0.008,,20.9,0.6,13.9,-0.7,8.6,0.1,,1.12,0.07,3.37,-0.13,1.22,0.08,,0.373,0.727,0.52,0.617,0.85,0.752,0.414,0.616,0.129,-1.3,0.29600000000000004,,0.08900000000000001,0.039,,0.106,0.18899999999999997,0.10800000000000001,0.02,0.001,0.152,,,,94.5,,89.5,86.2,,92.9,84.5,79.5,82.0,56.2,86.1,,,-3.6,,0.6,-6.9,,-2.5,1.8,4.5,3.1,2.5,-7.9,,,9.2,,5.0,1.9,,4.2,0.9,-5.6,-4.8,10.9,3.4,,,11.9,,14.6,-0.1,,7.8,-0.7,-0.5,0.5,0.3,7.3,,,0.88,,3.57,-0.06,,1.6,-0.08,-0.1,0.57,6.45,1.04,,,0.344,0.701,0.521,0.563,0.847,0.753,0.496,19.4,-23.0,-1.7,-2.4,25 - 27,38.2,4.1,0.8,0.455,0.33899999999999997,0.20600000000000002,0.124,0.53,0.34700000000000003,0.354,0.157,0.0,0.113,0.29600000000000004,0.084,0.032,,,0.10800000000000001,0.209,0.001,86.3,77.2,79.9,94.5,89.9,85.5,,,93.3,84.5,70.3,-7.6,3.6,4.8,-3.2,0.8,-6.4,,,-2.7,2.2,0.0,2.0,-10.0,-7.4,8.3,4.2,0.7,,,3.1,-0.4,0.0,8.9,0.0,1.0,10.9,14.9,-1.2,,,5.4,-3.3,0.3,1.23,2.42,0.2,0.8,3.87,-0.84,,,1.09,-0.35,7.69,0.345,0.701,0.522,0.556,0.8490000000000001,0.7509999999999999,0.496,19.4,,110,71,107,103,126,149,107,1.01,92,107,155,110,98,85,78,102,108,90.7,17.3,105,0.126,109.6,375,0.451,832,0.13699999999999998,0.266,0.256,0.501,0.346,5.9
595777,"Profar, Jurickson",R,71.354862591,31.958927197373946,9.517972759298326,-4.265523071048705,0.5237045203969127,1.5696086099328457,32.06816680454396,30.498558194611107,26.386409332486064,1814,Jurickson Profar,- - -,31,363,1341,1560,347,225,72,3,47,205,174,174,4,250,29,10,5,29,20,5,0.259,438,439,219,54,6434,2486,3948,17,10,4,0.11199999999999999,0.16,0.7,0.354,0.422,0.776,0.163,0.285,0.01,0.2,0.4,0.401,0.12300000000000001,0.107,0.039,0.4,0.34,33.6,219,26.4,-20.1,47.7,-17.2,38.3,4.0,$32.0,4.1,114,4.94,-24.51,29.46,37.42,4.19,0.95,2.61,10,2.19,3.03,0.488,94.0,0.16699999999999998,84.9,0.09,89.4,0.096,79.7,0.129,86.1,0.027999999999999997,86.2,,,0.004,,9.6,6.4,-2.2,11.8,3.5,2.9,,0.31,0.6,-0.38,1.91,0.42,1.58,,0.26899999999999996,0.708,0.457,0.7020000000000001,0.9059999999999999,0.8370000000000001,0.429,0.603,0.07400000000000001,-3.2,0.354,,0.092,0.026000000000000002,0.002,0.132,0.166,0.081,0.018000000000000002,,0.129,0.0,,,94.0,,89.8,86.6,84.1,93.4,84.9,79.4,80.8,,86.0,80.4,,-2.2,,0.2,-4.7,-2.0,-3.8,1.4,2.4,2.5,,-3.7,-5.3,,8.8,,4.8,2.3,1.6,4.0,1.1,-5.5,-5.7,,3.1,-2.1,,10.0,,-2.8,3.6,-0.4,1.6,4.1,10.5,1.1,,3.1,-0.4,,0.44,,-0.48,2.13,-2.88,0.19,0.38,2.02,0.93,,0.37,-14.26,,0.23199999999999998,0.6709999999999999,0.45799999999999996,0.637,0.902,0.836,0.515,18.6,-37.3,-1.2,-4.8,30 - 32,23.1,4.7,-0.3,0.426,0.341,0.233,0.179,0.493,0.32799999999999996,0.302,0.13,0.0,0.094,0.34700000000000003,0.09699999999999999,0.027999999999999997,,0.0,0.133,0.17,0.0,86.0,74.2,79.8,94.2,90.0,86.4,,80.3,93.5,84.9,53.5,-3.5,4.0,2.7,-2.1,0.4,-4.4,,-4.9,-3.5,1.7,0.0,1.8,-8.2,-7.2,8.0,3.9,1.3,,-3.5,2.9,-0.1,0.0,0.9,-0.2,12.6,5.8,-1.7,6.1,,-0.4,4.5,2.0,0.0,0.11,-6.58,2.08,0.26,-0.27,3.37,,-14.26,0.53,0.18,3.64,0.23399999999999999,0.67,0.45799999999999996,0.6509999999999999,0.898,0.836,0.513,18.6,,104,132,72,111,104,103,96,1.0,93,107,89,105,97,96,114,95,102,89.0,15.4,68,0.061,110.3,433,0.391,1107,0.154,0.22899999999999998,0.256,0.403,0.337,4.0
621020,"Swanson, Dansby",R,71.324850868,35.03146501617785,15.099048657969403,-0.8748996100296665,0.581180100269957,0.671944835207109,31.830374990772967,31.15843015556585,27.55364425033039,2593,Dansby Swanson,CHC,30,455,1689,1876,411,265,76,8,62,247,223,167,3,466,9,10,1,25,48,7,0.243,555,431,245,43,7440,2755,4685,56,3,1,0.08900000000000001,0.248,0.36,0.313,0.408,0.721,0.165,0.298,0.0129,0.19899999999999998,0.451,0.35,0.1,0.14400000000000002,0.10099999999999999,0.33299999999999996,0.314,-0.3,223,1.4,25.7,57.4,20.3,121.9,12.4,$99.1,5.6,101,-1.98,-32.03,30.05,3.25,0.34,0.96,1.44,2,-0.21,-1.85,0.434,94.1,0.28600000000000003,85.0,0.077,89.0,0.077,80.3,0.10400000000000001,85.7,0.021,86.9,,,0.002,,-1.4,-8.0,13.4,5.1,-4.1,-4.9,,-0.04,-0.37,2.33,0.89,-0.53,-3.17,,0.285,0.746,0.488,0.563,0.804,0.725,0.439,0.617,0.134,11.5,0.253,,0.079,0.022000000000000002,0.001,0.177,0.28300000000000003,0.069,0.012,0.002,0.102,,,,94.6,,89.1,86.8,81.9,93.9,85.0,79.7,82.0,49.3,85.7,,,-2.3,,0.9,-5.8,-3.3,-5.9,2.8,1.4,2.3,-1.0,0.0,,,9.1,,4.6,1.4,-0.3,4.7,1.2,-4.8,-4.8,8.6,3.4,,,1.6,,7.6,-2.1,-0.5,-5.2,-1.9,1.6,0.7,-0.2,-6.4,,,0.09,,1.29,-1.25,-13.46,-0.4,-0.09,0.32,0.8,-1.42,-0.84,,,0.24100000000000002,0.703,0.48700000000000004,0.47100000000000003,0.8,0.7240000000000001,0.534,19.2,46.0,3.5,5.9,29 - 31,13.0,5.6,2.1,0.462,0.35700000000000004,0.182,0.135,0.524,0.342,0.37,0.102,0.001,0.069,0.251,0.081,0.022000000000000002,,,0.179,0.295,,85.6,76.9,80.0,94.5,89.4,86.6,,,94.0,85.0,,-0.1,4.7,1.7,-2.1,1.1,-5.3,,,-5.5,3.3,,2.1,-9.0,-6.8,8.1,3.4,0.0,,,3.6,-0.1,,-6.2,-0.1,1.2,2.8,8.0,-2.9,,,-6.5,-0.9,,-0.82,-2.33,0.23,0.15,1.33,-1.78,,,-0.49,-0.04,,0.247,0.7,0.48700000000000004,0.48,0.8,0.7240000000000001,0.53,19.2,,98,104,112,98,100,103,101,1.0,105,94,119,114,102,75,85,101,106,89.7,12.2,131,0.106,109.8,536,0.434,1234,0.142,0.276,0.253,0.455,0.338,12.2
672386,"Kirk, Alejandro",R,71.320720378,24.19149667064453,7.39217187170123,4.143534317177656,0.5389688249400479,7.806746963381769,29.93192957279498,22.12518260941322,31.65514579034226,1668,Alejandro Kirk,TOR,25,356,1163,1314,306,224,53,1,28,102,173,125,4,155,9,17,0,48,1,0,0.263,476,345,204,41,5204,1875,3329,23,0,0,0.095,0.11800000000000001,0.81,0.335,0.383,0.717,0.12,0.279,0.0138,0.19899999999999998,0.46399999999999997,0.337,0.11900000000000001,0.081,0.048,0.0,0.315,1.1,157,3.9,44.1,40.2,18.4,95.0,9.7,$77.5,1.3,103,-2.28,-24.77,22.49,-8.04,-0.64,1.04,2.02,40,-0.52,-1.67,0.518,93.8,0.23600000000000002,84.9,0.084,88.8,0.071,79.9,0.07400000000000001,84.6,0.017,85.9,,,0.004,,-6.9,-5.8,-2.7,-4.0,7.2,2.8,,-0.26,-0.48,-0.61,-1.09,1.87,3.06,,0.307,0.653,0.452,0.773,0.9159999999999999,0.8590000000000001,0.418,0.616,0.063,-16.0,0.306,,0.08900000000000001,0.016,,0.205,0.23600000000000002,0.055999999999999994,0.016,0.003,0.073,,,,94.3,,89.0,86.2,,93.6,84.9,79.3,81.8,48.4,84.4,,,-1.7,,0.6,-5.2,,-5.3,2.4,0.8,2.7,0.2,2.3,,,9.6,,4.8,1.9,,4.7,1.2,-5.8,-5.9,5.9,3.5,,,1.2,,-5.4,1.8,,-7.8,-4.0,-2.4,-3.0,-0.4,7.3,,,0.07,,-1.16,2.2,,-0.73,-0.33,-0.82,-3.7,-2.66,1.92,,,0.281,0.62,0.452,0.747,0.909,0.8590000000000001,0.503,18.8,62.5,-2.4,-10.9,24 - 26,-12.1,4.4,-4.5,0.318,0.38,0.302,0.151,0.498,0.35100000000000003,0.23399999999999999,0.075,0.0,0.068,0.304,0.086,0.015,,,0.20600000000000002,0.24600000000000002,0.0,84.3,77.8,79.9,93.9,89.3,85.6,,,93.7,85.0,71.2,2.0,5.7,1.5,-1.5,0.6,-4.9,,,-5.0,2.9,0.0,2.1,-9.2,-7.7,8.5,3.9,0.5,,,3.5,-0.1,0.0,6.1,0.0,-4.5,5.2,-6.3,3.1,,,-9.0,-7.3,0.1,1.57,-1.13,-1.27,0.33,-1.4,3.99,,,-0.84,-0.57,7.29,0.28300000000000003,0.617,0.452,0.7490000000000001,0.9079999999999999,0.8590000000000001,0.504,18.8,30.6,108,115,52,107,95,74,96,1.01,112,87,67,77,109,125,96,95,110,89.5,9.8,77,0.075,112.9,450,0.439,1025,0.188,0.252,0.262,0.429,0.338,8.6
668715,"Steer, Spencer",R,71.269603094,28.75731937571855,10.763619228910368,-5.08383008193921,0.5495311863024868,4.179178278885515,32.738157460200725,28.558979181315195,26.19646872033135,2453,Spencer Steer,CIN,26,460,1665,1889,408,243,92,9,64,214,253,191,1,405,24,8,1,26,47,7,0.245,462,559,244,83,7630,2822,4808,34,4,2,0.10099999999999999,0.214,0.47,0.33,0.426,0.756,0.181,0.286,0.0083,0.193,0.365,0.442,0.14800000000000002,0.114,0.07400000000000001,0.5,0.33,24.7,250,11.2,-8.0,57.8,-25.5,44.8,4.5,$36.3,5.1,105,2.46,-33.2,35.66,30.0,2.93,0.97,2.05,9,1.15,1.39,0.542,94.0,0.21899999999999997,84.8,0.069,88.4,0.08,79.8,0.068,85.1,0.021,86.5,0.001,77.7,0.002,,-14.2,21.3,2.2,5.1,11.8,-0.1,0.9,-0.34,1.28,0.43,0.83,2.28,-0.09,10.45,0.28300000000000003,0.672,0.45299999999999996,0.616,0.868,0.78,0.43700000000000006,0.615,0.1,3.6,0.322,,0.071,0.02,0.0,0.217,0.218,0.063,0.019,0.001,0.067,,0.001,,94.2,,89.0,86.4,84.3,93.8,84.7,79.0,82.1,59.7,84.9,,77.6,-2.0,,0.6,-4.7,-3.6,-5.8,2.2,1.1,1.3,-2.6,0.3,,-3.4,9.1,,4.4,2.8,2.7,5.0,1.1,-5.4,-4.0,3.9,3.5,,-4.1,-0.6,,4.0,1.3,-0.2,-14.2,15.5,5.4,-1.1,0.0,10.0,,1.0,-0.02,,0.74,0.88,-18.08,-0.86,0.94,1.12,-0.76,0.68,1.94,,10.61,0.24600000000000002,0.638,0.45299999999999996,0.53,0.866,0.779,0.527,19.0,-33.5,3.1,2.1,25 - 27,14.8,5.7,2.2,0.452,0.318,0.22899999999999998,0.17600000000000002,0.512,0.312,0.349,0.068,,0.078,0.314,0.078,0.018000000000000002,0.001,,0.218,0.22399999999999998,0.001,84.8,,79.8,94.3,89.6,86.3,77.8,,93.8,84.7,87.3,0.2,,1.2,-1.8,0.7,-4.5,-2.7,,-5.6,2.7,3.1,2.1,,-6.7,8.2,3.8,1.2,-5.8,,3.8,-0.2,1.0,9.7,,4.1,-2.3,-3.2,1.2,1.0,,-10.5,19.8,0.1,1.85,,0.7,-0.1,-0.54,0.9,10.61,,-0.63,1.16,0.96,0.248,0.634,0.45299999999999996,0.531,0.865,0.779,0.529,19.0,,99,119,96,103,105,113,97,0.97,85,118,95,111,91,94,112,98,97,88.1,17.1,87,0.069,110.6,468,0.369,1269,0.177,0.27699999999999997,0.234,0.391,0.316,4.8
665750,"Taveras, Leody",R,71.257167458,31.928508842926885,6.148064355168387,-4.225306852990881,0.3784135240572172,1.6052033224905626,31.657596801272327,30.052393478781763,28.214696547015016,1538,Leody Taveras,- - -,25,352,1162,1263,281,191,54,7,29,139,128,82,0,279,1,9,9,11,46,13,0.242,361,345,179,36,4810,1690,3120,18,16,3,0.065,0.221,0.29,0.29,0.375,0.665,0.133,0.292,0.0105,0.20199999999999999,0.408,0.39,0.10400000000000001,0.084,0.05,0.188,0.29,-25.2,125,-20.1,-1.4,38.7,3.1,29.3,2.9,$23.5,5.9,86,-4.21,-23.0,18.79,-35.35,-3.78,0.98,1.09,11,-2.8,-1.52,0.484,93.8,0.145,84.2,0.065,89.6,0.10300000000000001,79.9,0.157,85.6,0.045,86.4,,,0.001,,-15.2,2.9,7.6,-12.1,-1.2,-2.1,,-0.65,0.42,2.41,-2.43,-0.15,-0.98,,0.326,0.7090000000000001,0.491,0.613,0.866,0.77,0.43,0.63,0.113,5.1,0.361,,0.066,0.046,0.0,0.11599999999999999,0.149,0.086,0.019,0.0,0.157,,,,94.1,,90.1,86.2,80.5,93.2,84.4,79.1,82.6,40.8,85.5,,,-2.5,,0.3,-6.2,-4.8,-4.4,1.9,2.9,3.7,1.1,-4.8,,,9.2,,5.0,2.1,-3.7,4.3,0.9,-6.3,-6.1,5.8,3.2,,,-12.8,,5.7,-1.2,0.7,-2.8,1.1,-8.9,-2.1,0.5,-3.5,,,-0.74,,1.8,-0.54,36.88,-0.5,0.15,-2.15,-2.31,25.49,-0.46,,,0.309,0.667,0.491,0.56,0.8640000000000001,0.77,0.508,18.2,1.6,1.8,2.7,24 - 26,-15.0,4.0,2.8,0.306,0.382,0.312,0.166,0.5379999999999999,0.295,0.309,0.163,,0.1,0.35700000000000004,0.069,0.040999999999999995,,,0.11800000000000001,0.152,,85.3,,79.7,94.4,90.2,86.2,,,93.2,84.4,,-4.6,,3.6,-2.4,0.8,-5.8,,,-3.9,2.2,,1.7,,-8.1,8.2,3.8,1.0,,,3.1,-0.4,,-2.9,,-11.0,-12.5,6.8,-0.7,,,-3.6,0.6,,-0.37,,-2.28,-0.73,2.03,-0.34,,,-0.63,0.08,,0.312,0.6629999999999999,0.491,0.569,0.86,0.77,0.51,18.2,,99,79,97,93,93,83,100,1.03,98,101,70,75,110,129,105,103,93,89.4,13.5,59,0.065,112.2,350,0.38799999999999996,901,0.153,0.266,0.245,0.385,0.299,3.3
672640,"Lopez, Otto",R,71.252484169,30.239169120805613,6.80155118853553,-0.4903759996056427,0.4836433611289287,0.6479180775696942,29.91666287757874,29.26874480000905,28.242507670513834,1559,Otto Lopez,MIA,26,260,947,1028,243,177,44,1,21,115,116,69,2,157,4,5,2,22,35,10,0.257,401,242,151,17,3676,1224,2452,52,3,1,0.067,0.153,0.44,0.308,0.372,0.68,0.115,0.287,0.0166,0.19,0.505,0.305,0.07,0.087,0.13,0.33299999999999996,0.298,-11.5,109,-14.1,16.5,31.2,7.0,46.8,4.8,$38.5,4.7,88,0.49,-18.39,18.88,4.06,0.48,1.02,1.41,6,-1.14,1.62,0.47,93.8,0.26,85.0,0.065,88.9,0.073,80.9,0.095,85.7,0.035,86.3,0.002,77.1,0.003,,-0.5,3.2,-1.2,8.0,-8.0,-1.8,-0.6,-0.03,0.34,-0.49,3.0,-2.29,-1.42,-7.04,0.331,0.6829999999999999,0.483,0.6709999999999999,0.909,0.816,0.43200000000000005,0.632,0.08900000000000001,3.1,0.271,,0.066,0.03,0.001,0.19699999999999998,0.259,0.063,0.015,0.001,0.095,0.0,0.002,,94.2,,89.5,86.2,82.7,93.5,85.0,80.0,83.4,40.5,85.7,80.3,77.1,-1.4,,0.5,-2.1,-6.8,-4.3,1.8,1.0,2.4,-0.5,2.7,-4.4,-3.1,9.4,,4.8,3.3,1.2,4.7,1.4,-4.7,-4.3,7.4,3.2,-2.1,-0.9,-4.3,,-3.8,-2.0,0.0,0.2,3.2,1.1,3.4,0.6,-9.2,0.8,-0.6,-0.43,,-1.57,-1.81,-0.43,0.03,0.34,0.49,6.28,18.69,-2.62,83.86,-7.11,0.301,0.648,0.483,0.625,0.898,0.8170000000000001,0.525,18.5,23.5,1.2,1.4,25 - 26,-11.0,3.1,-1.4,0.369,0.385,0.24600000000000002,0.162,0.532,0.306,0.24,0.099,,0.071,0.266,0.067,0.027000000000000003,0.002,0.0,0.198,0.27,,85.5,,80.8,94.1,90.1,85.4,77.2,80.1,93.6,84.9,,2.4,,1.9,-1.1,0.6,-2.0,-2.5,-4.1,-4.3,2.2,,1.7,,-6.5,8.3,4.1,1.9,-2.5,-3.8,3.4,-0.1,,-7.0,,4.2,-7.3,-3.2,-1.7,-0.6,0.8,-0.1,4.0,,-1.93,,1.6,-0.75,-1.31,-1.73,-7.11,83.86,-0.01,0.4,,0.307,0.644,0.483,0.63,0.899,0.8170000000000001,0.522,18.5,,104,80,69,97,92,74,98,0.96,119,81,75,91,110,101,102,102,96,88.3,7.2,50,0.063,111.2,307,0.385,798,0.183,0.271,0.27,0.42,0.324,4.6
593428,"Bogaerts, Xander",R,71.250517857,31.578372609412263,10.000421205117192,-4.917294360506824,0.5310077519379844,16.039135941252848,33.64336844732599,17.60423250607314,29.159629588155735,1806,Xander Bogaerts,SDP,31,402,1515,1680,412,292,76,3,41,196,155,132,3,283,12,20,1,46,52,7,0.272,596,425,231,34,6545,2315,4230,70,1,0,0.079,0.168,0.47,0.331,0.407,0.738,0.135,0.306,0.013999999999999999,0.185,0.47600000000000003,0.33899999999999997,0.08,0.096,0.11699999999999999,0.0,0.321,9.7,210,15.1,9.0,51.5,11.3,97.2,9.8,$78.7,5.0,107,-1.15,-28.79,27.63,-17.74,-1.65,0.96,2.56,4,-0.01,-1.19,0.49,94.0,0.24100000000000002,84.8,0.063,89.1,0.08,80.4,0.099,85.4,0.027999999999999997,86.2,,,0.002,,-29.6,15.1,2.9,7.3,6.5,-0.2,,-0.92,0.96,0.7,1.41,1.01,-0.1,,0.28300000000000003,0.606,0.428,0.6759999999999999,0.893,0.8140000000000001,0.449,0.621,0.079,5.3,0.27899999999999997,,0.064,0.026000000000000002,0.0,0.207,0.243,0.059000000000000004,0.02,0.0,0.1,0.0,,,94.2,,89.5,86.7,81.4,93.6,84.8,79.7,81.2,45.5,85.3,81.5,,-1.3,,0.5,-4.7,0.1,-6.5,2.6,1.5,1.9,-5.5,-0.1,-6.1,,9.3,,4.8,2.5,0.9,4.7,1.3,-5.3,-4.5,9.8,3.1,-1.0,,-10.0,,1.6,0.5,0.5,-20.0,8.2,10.3,1.0,-0.2,4.4,0.0,,-0.55,,0.39,0.31,26.88,-1.48,0.52,2.68,0.74,-11.24,0.68,-3.94,,0.24,0.586,0.42700000000000005,0.604,0.885,0.813,0.542,18.7,20.3,4.3,2.1,30 - 32,20.4,5.0,-3.1,0.423,0.35,0.22699999999999998,0.151,0.555,0.294,0.271,0.10099999999999999,0.0,0.075,0.278,0.068,0.024,,0.0,0.207,0.247,,85.3,80.7,80.4,94.4,89.5,86.7,,81.3,93.7,84.9,,0.2,6.8,1.9,-1.1,1.1,-4.5,,-5.4,-6.1,3.3,,1.6,-9.0,-7.0,8.3,3.6,1.1,,-2.7,3.4,-0.1,,4.5,0.5,7.5,-10.0,-2.8,2.0,,0.0,-18.7,14.5,,0.69,51.06,1.53,-0.55,-0.63,1.25,,-3.94,-1.39,0.9,,0.237,0.584,0.42700000000000005,0.599,0.883,0.812,0.5479999999999999,18.7,,110,92,76,104,100,84,104,0.93,111,91,79,104,100,93,96,107,91,88.2,9.8,76,0.061,112.2,447,0.35700000000000004,1253,0.218,0.298,0.259,0.401,0.318,9.5
571970,"Muncy, Max",L,71.24541057,34.40149419628293,17.382166417181608,-4.759443518852546,0.4800295857988164,10.282704117212994,37.3217402247756,27.03903610756261,28.80893453821968,1352,Max Muncy,LAD,33,308,1032,1260,233,116,44,3,70,190,220,194,9,313,17,17,0,13,6,2,0.226,229,368,139,41,5352,2218,3134,7,0,0,0.154,0.248,0.62,0.352,0.478,0.83,0.252,0.245,0.0062,0.18899999999999997,0.311,0.5,0.111,0.19,0.031,0.0,0.355,41.3,192,40.5,-8.6,38.7,3.1,76.2,7.8,$62.0,3.5,127,3.16,-22.04,25.2,54.5,5.53,1.04,1.67,21,3.65,-0.6,0.425,93.8,0.218,84.6,0.077,89.9,0.145,80.0,0.10300000000000001,86.5,0.032,86.9,0.001,76.7,0.008,,35.5,-0.8,-1.9,1.4,8.1,0.0,-0.2,1.56,-0.06,-0.47,0.18,1.46,0.02,-6.48,0.249,0.637,0.405,0.5820000000000001,0.825,0.735,0.402,0.573,0.107,-1.2,0.293,,0.083,0.03,0.001,0.128,0.21100000000000002,0.11699999999999999,0.032,0.001,0.10300000000000001,0.0,0.001,,94.3,,90.0,87.3,83.4,93.1,84.4,79.7,81.1,51.6,86.5,79.5,76.8,-2.5,,0.3,-6.0,-5.6,-2.3,0.9,3.5,3.3,2.0,-7.3,-4.9,-6.0,8.9,,4.8,2.7,1.3,4.1,1.1,-5.3,-4.2,7.3,2.9,-4.7,-2.4,28.5,,0.1,0.8,-0.3,5.0,-2.6,-1.0,0.7,-0.1,8.4,-0.2,-0.2,1.82,,0.03,0.51,-3.2,0.73,-0.23,-0.16,0.41,-2.71,1.52,-22.65,-6.54,0.221,0.606,0.405,0.511,0.8240000000000001,0.735,0.478,19.6,-5.5,-2.0,2.3,32 - 34,39.4,3.7,2.6,0.523,0.299,0.17800000000000002,0.135,0.499,0.36700000000000005,0.45799999999999996,0.106,,0.138,0.29100000000000004,0.083,0.028999999999999998,0.001,0.0,0.129,0.223,0.0,86.2,,80.0,94.3,90.2,86.9,77.0,79.7,93.2,84.4,78.5,-7.0,,4.1,-2.3,0.5,-5.3,-5.7,-4.1,-2.0,1.2,0.0,1.7,,-6.8,8.0,3.9,1.2,-4.3,-6.6,3.0,-0.3,0.0,8.3,,-2.5,27.2,-1.6,1.1,-0.2,-0.2,5.4,2.5,0.0,1.47,,-0.34,1.75,-0.37,0.7,-6.54,-22.65,0.79,0.21,-4.16,0.221,0.605,0.405,0.52,0.82,0.736,0.48,19.6,,91,179,112,110,117,156,83,0.95,73,134,155,128,86,73,86,96,113,91.0,22.2,99,0.135,111.1,349,0.474,736,0.18100000000000002,0.28800000000000003,0.232,0.493,0.364,8.2
650489,"Castro, Willi",R,71.195104806,37.39083552085041,8.308770403337908,-5.217620321353258,0.4447921323200715,1.0414156061544704,31.80283965959696,30.761424053442465,23.648729960583516,2237,Willi Castro,- - -,27,402,1318,1498,321,210,66,13,32,207,127,125,2,360,44,7,4,25,57,18,0.244,382,368,201,27,5837,1991,3846,26,18,6,0.083,0.24,0.35,0.328,0.386,0.714,0.143,0.31,0.0104,0.21100000000000002,0.402,0.387,0.073,0.087,0.068,0.33299999999999996,0.315,2.4,180,3.9,-0.9,45.7,-0.2,58.3,5.9,$47.4,6.9,102,0.35,-25.98,26.33,7.5,0.85,1.0,1.49,21,0.33,0.02,0.48200000000000004,94.1,0.16399999999999998,84.7,0.079,89.3,0.09699999999999999,80.0,0.13699999999999998,85.6,0.040999999999999995,86.2,0.0,78.0,0.003,,4.5,1.5,3.6,1.6,-7.2,-2.7,0.5,0.16,0.15,0.77,0.28,-0.91,-1.12,25.67,0.36,0.725,0.516,0.569,0.852,0.7390000000000001,0.426,0.652,0.135,5.0,0.381,,0.08,0.043,0.0,0.09699999999999999,0.16399999999999998,0.081,0.019,0.0,0.133,,0.0,,94.3,,89.6,86.2,82.4,93.6,84.7,79.5,81.6,54.2,85.5,,77.6,-2.3,,0.5,-5.9,-4.8,-3.4,1.6,2.1,1.7,-0.8,-3.2,,-2.4,9.2,,4.6,2.2,4.2,4.5,1.1,-5.5,-5.4,7.5,3.3,,-0.2,9.5,,0.1,-4.6,0.1,-5.3,1.1,1.2,1.8,0.0,-6.9,,0.5,0.43,,0.01,-1.81,4.77,-0.93,0.11,0.26,1.65,3.64,-0.89,,26.07,0.335,0.6920000000000001,0.516,0.519,0.84,0.738,0.507,18.2,-1.1,1.2,4.8,26 - 28,8.9,4.8,1.9,0.391,0.354,0.255,0.168,0.522,0.31,0.345,0.134,,0.09300000000000001,0.382,0.086,0.042,0.0,,0.094,0.168,,85.4,,80.0,94.2,89.7,86.2,77.6,,93.7,84.5,,-3.2,,2.3,-2.1,0.7,-5.4,-2.1,,-3.5,1.9,,2.0,,-7.4,8.2,3.7,0.9,-1.3,,3.3,-0.3,,-7.1,,1.1,6.3,0.9,-3.6,0.5,,-3.1,2.5,,-0.9,,0.2,0.28,0.18,-1.44,26.07,,-0.58,0.26,,0.33399999999999996,0.6940000000000001,0.516,0.521,0.84,0.738,0.504,18.2,,100,101,106,105,96,89,107,1.08,96,100,73,95,102,106,106,100,97,86.9,13.3,66,0.068,114.2,345,0.35600000000000004,969,0.142,0.276,0.236,0.376,0.313,5.6
664034,"France, Ty",R,71.190810009,34.824475109095914,12.471920291145414,4.237822189447141,0.4977497749774979,-0.5710741830692481,27.892362751093884,28.46343693416315,26.294920924712223,2222,Ty France,- - -,29,436,1510,1690,373,260,81,0,32,175,161,103,1,314,68,9,0,52,3,1,0.247,534,409,262,41,6333,2222,4111,21,0,0,0.061,0.18600000000000003,0.33,0.322,0.364,0.686,0.117,0.291,0.0131,0.217,0.44299999999999995,0.33899999999999997,0.1,0.078,0.039,0.0,0.305,-12.5,189,-4.2,1.7,51.7,-30.8,13.2,1.3,$10.5,2.2,98,-3.54,-29.79,26.24,-27.91,-2.92,0.97,1.71,24,-3.6,-0.04,0.522,93.9,0.239,84.6,0.068,88.6,0.071,80.4,0.08,84.9,0.02,85.4,,,0.002,,-13.8,-11.1,-3.5,8.3,-5.8,1.6,,-0.42,-0.74,-0.82,1.85,-1.14,1.26,,0.354,0.7609999999999999,0.521,0.634,0.904,0.797,0.41200000000000003,0.62,0.106,-10.8,0.32799999999999996,,0.07200000000000001,0.018000000000000002,0.001,0.188,0.235,0.062,0.011000000000000001,0.002,0.08199999999999999,0.0,,,94.1,,89.0,85.8,83.5,93.8,84.5,79.9,83.1,40.5,84.9,81.2,,-1.5,,0.8,-5.1,-3.7,-5.9,2.6,1.4,3.6,-0.6,0.3,-5.2,,9.3,,4.5,2.0,0.5,5.1,1.0,-5.1,-4.5,7.3,3.6,-2.2,,-4.2,,-4.3,2.1,-0.1,-11.2,-14.1,9.1,1.7,0.0,-5.7,0.1,,-0.2,,-0.94,1.77,-1.8,-0.95,-0.95,2.33,2.4,0.3,-1.09,8.63,,0.312,0.727,0.521,0.565,0.892,0.7959999999999999,0.505,19.4,-29.1,-3.0,-7.6,28 - 30,-15.0,5.6,-4.2,0.379,0.368,0.252,0.151,0.5579999999999999,0.29100000000000004,0.266,0.083,,0.065,0.324,0.07200000000000001,0.017,,0.0,0.19,0.247,0.0,84.9,,80.3,94.0,89.3,85.3,,81.4,93.9,84.6,84.4,0.4,,1.7,-1.3,1.0,-5.0,,-5.3,-5.7,3.2,0.0,2.2,,-7.0,8.3,3.6,0.6,,-3.4,4.0,-0.3,0.0,-3.5,,8.0,-4.1,-5.0,0.0,,0.1,-9.9,-12.1,0.0,-0.67,,1.94,-0.2,-1.09,-0.03,,8.63,-0.82,-0.77,-0.73,0.308,0.728,0.521,0.561,0.892,0.7959999999999999,0.508,19.4,,101,74,82,102,90,73,100,1.1,106,88,65,92,106,104,96,107,91,88.5,12.4,87,0.07200000000000001,112.7,491,0.40700000000000003,1205,0.128,0.23399999999999999,0.25,0.413,0.326,0.9
672275,"Bailey, Patrick",R,71.157802259,33.401698449451544,8.627436313694696,-1.9434802482854092,0.4451754385964912,2.415726976831188,29.426290550711904,27.01056357388072,28.988271710098143,1824,Patrick Bailey,SFG,25,353,1136,1253,261,183,52,5,21,122,149,90,0,333,6,14,7,25,6,0,0.23,323,306,182,22,4929,1754,3175,18,13,4,0.07200000000000001,0.266,0.27,0.287,0.34,0.626,0.11,0.302,0.0106,0.22399999999999998,0.39799999999999996,0.377,0.07200000000000001,0.069,0.055999999999999994,0.308,0.276,-38.6,110,-36.6,74.5,38.3,22.7,100.2,10.2,$81.8,3.8,76,-3.2,-25.29,22.1,-27.9,-2.84,1.1,2.02,32,-3.69,0.79,0.467,94.1,0.152,84.8,0.073,89.6,0.10400000000000001,80.0,0.155,85.7,0.047,86.6,0.001,76.2,0.001,,-17.6,-13.3,0.0,0.9,-8.7,-1.7,0.2,-0.76,-1.78,0.01,0.18,-1.15,-0.75,3.61,0.3,0.6990000000000001,0.478,0.5710000000000001,0.8640000000000001,0.763,0.446,0.626,0.113,-2.5,0.36,,0.076,0.042,0.001,0.105,0.151,0.084,0.021,0.001,0.156,0.002,0.001,,94.4,,89.7,86.8,81.5,93.3,84.8,79.3,81.2,41.0,85.5,81.4,76.1,-2.3,,0.4,-6.0,-5.0,-2.9,1.5,2.7,2.9,-0.4,-3.7,-5.3,-5.3,9.1,,4.9,2.3,-0.2,4.6,1.2,-5.7,-4.6,6.4,3.2,-2.0,0.1,-13.4,,-1.3,-4.6,-0.1,-7.1,-13.9,-4.0,4.1,0.3,-7.4,0.1,0.2,-0.75,,-0.35,-2.22,-2.14,-1.38,-1.88,-0.97,4.05,8.33,-0.96,1.56,3.66,0.285,0.652,0.478,0.506,0.865,0.763,0.526,19.5,97.2,-0.9,-0.6,24 - 26,-39.0,3.7,0.3,0.385,0.354,0.261,0.142,0.555,0.303,0.354,0.162,0.001,0.10099999999999999,0.36200000000000004,0.07400000000000001,0.037000000000000005,0.001,0.001,0.10300000000000001,0.157,,85.7,49.7,79.9,94.5,89.9,87.0,77.2,80.8,93.3,84.8,,-3.7,1.6,3.0,-2.3,0.6,-5.7,-2.6,-3.8,-2.6,1.6,,1.8,-0.3,-7.2,8.2,4.0,0.9,-1.0,-4.3,3.3,0.0,,-8.9,-0.2,-0.1,-11.6,-4.1,-3.5,0.1,0.1,-7.0,-11.2,,-1.12,-5.11,-0.02,-0.65,-1.12,-1.9,2.36,1.28,-1.38,-1.46,,0.28800000000000003,0.648,0.478,0.509,0.863,0.762,0.528,19.5,62.1,93,85,120,90,83,69,102,1.13,93,101,57,95,101,107,91,106,94,89.5,12.8,56,0.068,110.1,324,0.39299999999999996,824,0.16399999999999998,0.27699999999999997,0.236,0.383,0.298,10.1
681351,"O'Hoppe, Logan",R,71.13401685,33.19236594489137,15.507706804542552,-3.730540029390434,0.5338266384778015,8.494106773023889,34.91823795359769,26.424131180573784,27.645817677150973,1892,Logan O'Hoppe,LAA,24,306,1084,1172,250,164,31,2,53,122,128,71,0,342,12,3,2,23,4,5,0.231,285,304,156,26,4506,1544,2962,20,2,0,0.061,0.292,0.21,0.285,0.41,0.694,0.179,0.285,0.009399999999999999,0.209,0.38299999999999995,0.408,0.086,0.174,0.07,0.0,0.301,-11.1,128,-10.9,-22.2,35.7,18.4,16.0,1.7,$13.2,2.4,92,-4.22,-23.5,19.27,-37.27,-3.69,1.03,1.77,21,-2.81,-1.28,0.449,94.2,0.303,84.2,0.061,89.1,0.068,80.0,0.09,85.6,0.028999999999999998,85.6,0.001,76.5,0.001,,-8.2,-11.7,4.0,1.0,-2.7,-0.8,0.1,-0.4,-0.86,1.46,0.31,-0.67,-0.59,2.41,0.368,0.742,0.52,0.517,0.818,0.6920000000000001,0.40700000000000003,0.652,0.16,-8.9,0.273,,0.061,0.027999999999999997,0.001,0.17600000000000002,0.305,0.057999999999999996,0.012,,0.086,,0.001,,94.3,,89.8,85.8,81.5,93.8,84.3,79.0,83.0,,85.3,,76.5,-2.3,,0.7,-5.3,-6.0,-6.6,3.1,2.5,1.9,,-2.3,,-8.8,9.3,,4.6,2.0,0.2,4.8,0.9,-5.0,-5.5,,3.5,,-3.8,-9.8,,6.3,0.6,-0.1,0.1,-12.4,0.1,0.5,,-4.8,,0.1,-0.8,,2.31,0.48,-1.89,0.02,-0.9,0.02,0.85,,-1.24,,2.46,0.324,0.7170000000000001,0.52,0.428,0.812,0.6920000000000001,0.498,18.4,-3.8,-3.1,-1.0,23 - 25,-19.8,3.9,0.4,0.474,0.313,0.213,0.124,0.478,0.39799999999999996,0.39799999999999996,0.08900000000000001,,0.067,0.266,0.061,0.026000000000000002,0.001,,0.179,0.31,,85.4,,80.1,94.4,90.1,85.6,76.6,,94.0,84.4,,-2.2,,3.1,-2.0,0.9,-4.9,-8.6,,-6.2,3.6,,2.0,,-6.8,8.2,3.6,0.4,-5.8,,3.6,-0.5,,-5.1,,-2.0,-8.0,5.9,1.0,0.1,,-2.4,-9.0,,-1.28,,-0.65,-0.67,2.13,0.87,2.46,,-0.3,-0.65,,0.32899999999999996,0.7120000000000001,0.52,0.431,0.8109999999999999,0.69,0.498,18.4,-17.7,95,74,129,91,102,112,99,1.07,92,105,146,115,90,88,78,91,125,90.6,16.8,98,0.131,112.4,348,0.466,747,0.13699999999999998,0.297,0.241,0.455,0.323,2.4
608070,"Ramírez, José",R,71.120424228,29.947797018909892,9.111260759587138,-9.177909112802014,0.6065451840833024,3.0881898807943977,32.41667609703784,29.32848621624344,22.829745648325723,2689,Jose Ramirez,CLE,31,472,1824,2046,513,301,109,10,93,304,283,193,56,229,10,17,0,26,113,20,0.281,550,742,320,93,8020,2989,5031,43,0,0,0.094,0.11199999999999999,0.84,0.35,0.505,0.855,0.224,0.276,0.0074,0.19899999999999998,0.341,0.46,0.125,0.125,0.078,0.0,0.357,70.9,314,77.0,11.8,62.6,-3.9,170.3,17.4,$138.9,6.3,132,10.76,-32.84,43.6,104.57,10.87,1.01,,0,10.13,0.51,0.39899999999999997,93.9,0.172,84.6,0.094,89.6,0.106,80.1,0.179,85.9,0.049,87.0,0.001,80.3,0.027999999999999997,,39.6,4.2,0.1,9.8,22.9,-0.5,0.0,1.24,0.3,0.01,1.15,1.6,-0.12,-0.47,0.327,0.695,0.47600000000000003,0.768,0.925,0.86,0.405,0.545,0.066,16.0,0.29100000000000004,,0.094,0.046,,0.107,0.171,0.084,0.027000000000000003,,0.18,0.0,0.001,,94.0,,89.7,86.9,,93.5,84.7,79.4,81.9,,85.9,79.3,81.0,-1.6,,0.2,-5.7,,-3.4,1.8,2.6,2.9,,-3.8,-5.5,-2.4,9.0,,4.7,2.4,,4.2,1.0,-5.5,-5.7,,3.2,-1.6,-2.7,26.0,,2.0,2.2,,11.0,-0.3,7.7,3.2,,20.0,0.3,-0.1,1.11,,0.27,0.6,,1.28,-0.02,1.14,1.52,,1.39,27.63,-1.68,0.29600000000000004,0.6659999999999999,0.47600000000000003,0.7290000000000001,0.922,0.86,0.488,18.8,8.0,11.1,3.4,30 - 32,93.0,6.8,5.1,0.525,0.287,0.187,0.166,0.508,0.326,0.252,0.182,0.0,0.10400000000000001,0.28600000000000003,0.095,0.04,0.001,0.0,0.11,0.18,0.0,86.0,72.1,80.1,94.1,90.0,86.1,80.1,79.4,93.7,84.7,89.2,-3.8,4.7,3.0,-1.6,0.3,-5.2,-4.2,-4.6,-3.2,2.0,-8.9,1.8,-9.4,-7.4,8.2,3.9,1.3,-4.3,-3.3,3.0,-0.3,0.0,19.6,0.1,6.6,24.0,1.9,3.2,-0.1,0.3,11.9,4.0,0.0,1.34,6.34,0.79,1.05,0.25,0.99,-1.05,27.63,1.35,0.28,-0.76,0.298,0.657,0.47600000000000003,0.7340000000000001,0.919,0.86,0.496,18.8,,116,114,49,112,125,140,95,1.01,82,119,105,128,83,78,105,97,102,89.4,18.9,122,0.076,116.6,630,0.39,1614,0.151,0.218,0.279,0.466,0.345,17.6
571448,"Arenado, Nolan",R,71.093136522,33.50734853394024,11.162414390062036,-7.598739650455773,0.557487922705314,4.233572249381177,34.107458339681415,29.873886090300275,29.10357620619081,2070,Nolan Arenado,STL,33,403,1539,1683,401,277,67,3,54,189,216,113,11,242,11,19,0,46,8,5,0.261,504,541,271,83,6330,2191,4139,38,0,0,0.067,0.14400000000000002,0.47,0.312,0.413,0.725,0.153,0.275,0.009300000000000001,0.20600000000000002,0.38299999999999995,0.41100000000000003,0.153,0.1,0.075,0.0,0.312,-3.1,197,-1.1,14.2,51.5,3.0,66.7,6.8,$54.3,2.9,99,1.22,-31.31,32.53,-7.78,-0.76,1.04,1.81,3,-0.24,1.42,0.47600000000000003,94.1,0.272,84.8,0.077,88.9,0.065,80.4,0.085,85.4,0.026000000000000002,86.3,0.0,77.0,0.008,,-2.9,-7.8,-2.9,10.5,-3.0,-1.5,0.8,-0.1,-0.45,-0.61,2.56,-0.56,-0.93,25.34,0.35700000000000004,0.6579999999999999,0.48,0.7090000000000001,0.9259999999999999,0.831,0.409,0.61,0.081,-5.8,0.28600000000000003,,0.076,0.023,0.001,0.19,0.27399999999999997,0.048,0.016,,0.085,,0.0,,94.4,,89.2,86.2,82.4,93.5,84.8,79.5,82.4,,85.3,,77.0,-2.2,,0.6,-4.1,-5.0,-5.9,2.8,1.1,2.6,,0.5,,-1.7,9.0,,4.6,2.5,2.0,4.7,1.1,-4.5,-4.8,,3.6,,0.0,3.7,,-3.4,-1.3,-0.6,-8.1,-10.2,7.2,4.4,,-4.1,,0.8,0.21,,-0.72,-0.91,-6.71,-0.67,-0.59,2.34,4.4,,-0.75,,25.58,0.325,0.638,0.48,0.6629999999999999,0.9159999999999999,0.83,0.495,19.3,17.2,-3.4,-0.2,32 - 34,-7.0,5.1,-2.4,0.473,0.325,0.20199999999999999,0.179,0.5329999999999999,0.28800000000000003,0.243,0.086,,0.059000000000000004,0.27699999999999997,0.084,0.023,0.0,,0.191,0.28,,85.4,,80.3,94.6,89.8,85.9,77.5,,93.7,84.8,,0.4,,1.1,-2.0,0.7,-4.0,-0.9,,-5.9,3.3,,2.3,,-6.3,8.2,3.8,1.2,-1.3,,3.6,-0.1,,-4.7,,11.4,1.2,-0.2,-1.8,0.8,,-7.3,-10.9,,-0.86,,3.05,0.07,-0.04,-1.26,25.58,,-0.61,-0.62,,0.32799999999999996,0.634,0.48,0.6629999999999999,0.9179999999999999,0.83,0.496,19.3,,105,79,64,98,101,95,93,1.03,89,110,81,116,93,83,114,102,89,87.3,17.5,64,0.049,110.3,450,0.342,1317,0.174,0.255,0.254,0.391,0.304,6.7
656775,"Mullins, Cedric",L,71.057862819,29.124392879296423,10.939005544366012,-5.398974979259386,0.6179775280898877,-2.2084799013773173,28.663071103056144,30.871551004433453,24.703157081525056,1958,Cedric Mullins,- - -,29,396,1283,1452,292,173,62,7,50,178,187,134,1,319,10,12,8,9,73,13,0.228,317,474,166,77,5833,2105,3728,15,27,12,0.092,0.22,0.42,0.303,0.404,0.707,0.176,0.261,0.0067,0.17300000000000001,0.331,0.495,0.162,0.105,0.047,0.444,0.307,-7.6,165,-2.6,-8.9,44.4,4.6,52.0,5.3,$42.4,6.3,99,1.26,-24.21,25.47,21.92,2.14,0.96,1.56,25,0.0,1.31,0.503,93.9,0.19,84.4,0.09300000000000001,89.3,0.08199999999999999,80.6,0.10099999999999999,86.3,0.032,86.0,,,0.001,,-0.2,-12.1,-2.7,5.5,7.0,1.0,,-0.01,-1.1,-0.49,1.16,1.19,0.55,,0.299,0.725,0.488,0.672,0.866,0.8,0.445,0.617,0.098,9.9,0.373,,0.09,0.031,,0.127,0.19,0.071,0.015,0.001,0.10099999999999999,,0.0,,94.2,,89.4,85.9,,93.0,84.5,80.1,82.2,60.3,86.3,,58.3,-2.7,,0.5,-6.3,,-1.5,0.9,3.8,3.7,-4.7,-8.2,,2.3,9.4,,4.8,1.5,,4.3,1.3,-5.0,-5.6,10.9,3.0,,9.2,-0.2,,-1.0,0.2,,-3.0,-10.1,1.3,0.4,0.3,7.1,,0.8,-0.01,,-0.18,0.09,,-0.41,-0.92,0.31,0.43,5.99,1.2,,40.24,0.261,0.687,0.488,0.599,0.865,0.799,0.534,19.0,-4.3,6.9,1.8,28 - 30,7.3,4.7,3.3,0.457,0.32799999999999996,0.214,0.188,0.5379999999999999,0.27399999999999997,0.34600000000000003,0.10300000000000001,0.0,0.076,0.374,0.09,0.028999999999999998,0.0,,0.124,0.203,,86.3,80.3,80.4,94.2,89.7,85.7,57.9,,93.1,84.5,,-8.0,7.9,4.3,-2.6,0.8,-5.9,2.1,,-1.4,0.9,,1.5,-8.1,-7.1,8.4,4.0,0.3,7.7,,3.0,-0.1,,6.6,0.0,3.6,1.7,-3.3,0.3,0.8,,-5.8,-10.2,,1.1,0.0,0.82,0.08,-0.63,0.18,40.24,,-0.8,-0.87,,0.263,0.6779999999999999,0.488,0.601,0.861,0.797,0.5429999999999999,19.0,,93,111,97,97,100,110,90,0.88,79,128,88,111,94,89,119,103,86,88.2,22.1,57,0.057999999999999996,110.5,348,0.35200000000000004,989,0.142,0.239,0.218,0.352,0.289,5.9
672580,"Garcia, Maikel",R,71.047765058,27.863565327369777,5.086424322602768,3.6406805980751766,0.4756831866604912,2.690076037532607,33.18955193061356,30.49947589308093,26.412969193868385,2159,Maikel Garcia,KCR,24,440,1634,1807,429,302,86,14,27,224,182,142,0,302,3,20,8,30,83,18,0.263,627,436,280,42,6873,2543,4330,33,17,6,0.079,0.16699999999999998,0.47,0.319,0.382,0.701,0.119,0.303,0.0144,0.20800000000000002,0.467,0.325,0.096,0.062,0.053,0.353,0.307,-10.3,204,-14.0,25.4,55.2,5.6,88.7,9.0,$72.3,6.6,93,-4.74,-34.49,29.75,-25.55,-2.67,1.0,1.04,15,-2.4,-2.33,0.519,94.1,0.24600000000000002,85.0,0.086,89.1,0.067,80.7,0.061,84.7,0.021,86.4,,,0.001,,-22.1,4.2,-6.6,2.5,11.1,3.6,,-0.62,0.25,-1.12,0.55,2.68,2.47,,0.243,0.635,0.419,0.723,0.9079999999999999,0.8490000000000001,0.45,0.6409999999999999,0.063,10.5,0.337,,0.08800000000000001,0.019,0.001,0.17600000000000002,0.253,0.049,0.015,0.0,0.062,,,,94.3,,89.6,86.9,81.7,93.7,85.0,79.5,82.9,46.3,84.6,,,-2.1,,0.7,-5.5,-4.8,-5.9,2.4,1.5,2.7,-4.9,0.4,,,9.2,,4.8,2.3,0.5,4.6,1.2,-5.4,-4.8,8.5,3.4,,,-18.2,,-8.8,2.8,0.6,-6.2,2.7,0.5,2.9,-0.3,11.0,,,-0.79,,-1.47,2.13,11.73,-0.52,0.15,0.16,2.78,-8.48,2.57,,,0.20800000000000002,0.593,0.419,0.662,0.903,0.8490000000000001,0.5479999999999999,18.2,31.0,5.9,2.1,23 - 25,-3.5,6.0,-0.1,0.35200000000000004,0.37799999999999995,0.27,0.132,0.535,0.33299999999999996,0.261,0.063,,0.059000000000000004,0.331,0.08900000000000001,0.018000000000000002,,,0.182,0.258,0.0,84.8,,80.4,94.4,89.8,86.2,,,93.9,85.1,90.3,0.3,,2.2,-1.9,1.1,-5.0,,,-5.5,2.9,0.0,2.1,,-7.0,8.3,3.6,1.1,,,3.7,-0.1,0.0,11.9,,4.7,-21.9,-6.4,1.2,,,-2.8,0.2,0.0,2.75,,1.17,-0.96,-1.04,1.02,,,-0.23,0.01,3.51,0.207,0.591,0.419,0.6679999999999999,0.9,0.848,0.552,18.2,,108,95,73,102,95,74,105,1.06,112,83,52,86,109,112,83,102,104,91.1,7.6,61,0.045,110.3,622,0.457,1360,0.209,0.273,0.268,0.398,0.32,8.7
690993,"Keith, Colt",L,71.035331854,32.96308293669294,10.008957650224357,-1.1351774481059995,0.4694267515923567,5.8977718205254686,30.469271425487992,24.57149960496253,29.06162828683061,1570,Colt Keith,DET,23,285,930,1024,240,171,37,6,26,119,106,84,3,212,4,6,0,11,8,2,0.258,301,262,161,15,3849,1375,2474,24,0,0,0.08199999999999999,0.207,0.4,0.32,0.395,0.715,0.137,0.307,0.0115,0.222,0.41600000000000004,0.36200000000000004,0.057,0.099,0.08,0.0,0.312,0.5,121,1.7,-1.5,31.1,-5.6,32.7,3.4,$26.9,4.3,101,0.22,-16.17,16.38,5.09,0.49,0.91,1.24,33,-0.18,0.42,0.428,93.7,0.182,84.7,0.09,89.7,0.1,80.0,0.152,86.1,0.048,87.4,,,0.006,,5.0,1.5,0.1,-3.5,4.6,-2.4,,0.31,0.22,0.03,-0.92,0.79,-1.28,,0.313,0.672,0.469,0.626,0.888,0.789,0.434,0.612,0.099,3.5,0.309,,0.091,0.045,,0.114,0.183,0.086,0.013000000000000001,0.002,0.156,0.0,,,94.2,,89.8,87.1,,93.0,84.7,79.4,82.7,50.0,86.1,80.1,,-3.9,,0.3,-6.8,,-3.8,1.4,4.3,3.0,3.5,-8.2,-4.9,,9.0,,4.9,1.1,,3.8,1.2,-5.7,-5.4,8.5,3.1,-2.2,,2.0,,1.2,-0.9,,-0.5,-0.7,-2.9,-0.1,-0.2,2.7,0.0,,0.17,,0.36,-0.51,,-0.11,-0.09,-0.88,-0.15,-4.0,0.45,0.0,,0.284,0.648,0.46799999999999997,0.557,0.889,0.79,0.506,18.2,-7.1,-1.1,,22 - 23,5.3,3.5,,0.365,0.381,0.254,0.14400000000000002,0.5429999999999999,0.314,0.314,0.161,,0.095,0.307,0.09,0.037000000000000005,,0.0,0.11699999999999999,0.192,,86.0,,79.9,94.3,90.2,86.1,,80.2,93.2,84.8,,-7.8,,4.6,-3.6,0.8,-5.8,,-4.6,-3.6,1.7,,1.6,,-7.3,8.1,4.1,0.2,,-3.6,2.5,-0.2,,6.3,,-3.1,2.4,-1.0,-2.9,,0.0,-1.5,1.2,,1.03,,-0.85,0.21,-0.29,-2.07,,0.0,-0.32,0.16,,0.287,0.645,0.46799999999999997,0.562,0.889,0.79,0.507,18.2,,107,100,92,103,99,86,107,1.14,101,92,85,89,109,106,90,104,99,88.8,12.4,52,0.07200000000000001,110.0,281,0.38799999999999996,724,0.174,0.273,0.262,0.421,0.328,2.9
573262,"Yastrzemski, Mike",L,71.0013866,30.991638416659807,11.70727443480351,-2.191216193352685,0.6637649619151251,1.4130187519335549,30.21747144156924,28.80445268963567,24.654735755656528,1838,Mike Yastrzemski,- - -,33,393,1235,1413,287,159,67,11,50,182,146,155,8,331,11,7,5,17,12,6,0.232,297,421,179,52,5837,2266,3571,11,19,10,0.11,0.23399999999999999,0.47,0.322,0.426,0.748,0.194,0.275,0.0070999999999999995,0.2,0.331,0.469,0.124,0.11900000000000001,0.037000000000000005,0.526,0.323,11.3,179,12.6,5.9,43.2,-12.5,56.7,5.8,$46.2,4.6,107,-0.08,-24.31,24.23,0.75,0.21,0.97,1.31,36,1.19,-1.27,0.516,93.9,0.174,84.5,0.078,89.5,0.092,80.3,0.105,86.4,0.034,86.5,0.002,78.0,0.006,,-6.8,-6.3,0.0,7.1,14.8,4.0,-0.5,-0.22,-0.62,0.01,1.32,2.41,2.0,-5.34,0.256,0.643,0.423,0.667,0.862,0.795,0.43,0.56,0.087,3.2,0.39,,0.084,0.034,0.002,0.125,0.16699999999999998,0.073,0.022000000000000002,0.0,0.10300000000000001,0.0,0.002,,94.1,,89.6,86.5,82.5,93.3,84.5,79.5,81.4,40.3,86.4,83.6,78.0,-3.3,,0.4,-6.4,-4.0,-2.8,0.9,3.3,3.1,-1.1,-8.2,-8.2,-2.7,9.1,,5.1,1.7,-0.7,4.6,1.2,-5.1,-5.4,6.9,3.3,0.6,-0.2,-7.2,,-0.6,5.9,0.8,-1.8,-7.3,4.6,1.8,-0.2,12.2,0.5,-0.5,-0.32,,-0.12,3.02,7.26,-0.25,-0.75,1.09,1.4,-10.74,2.04,27.49,-5.37,0.22,0.606,0.423,0.591,0.86,0.794,0.526,18.5,-6.6,-2.4,1.6,32 - 34,15.7,4.4,0.9,0.452,0.32799999999999996,0.221,0.15,0.514,0.336,0.379,0.106,0.001,0.08900000000000001,0.386,0.084,0.032,0.002,0.0,0.12300000000000001,0.177,,86.5,59.2,80.2,94.3,90.0,86.3,78.3,81.3,93.4,84.6,,-7.9,3.1,3.8,-3.2,0.6,-5.9,-2.4,-5.0,-2.5,0.9,,1.9,-2.7,-7.0,8.2,4.4,0.3,-1.3,-3.0,3.4,0.1,,12.2,-0.2,4.9,-5.6,-0.7,6.4,-0.5,0.1,-1.8,-5.2,,1.97,-4.49,0.95,-0.25,-0.14,3.45,-5.37,6.34,-0.25,-0.51,,0.222,0.602,0.423,0.608,0.856,0.795,0.528,18.5,,94,129,105,101,105,121,94,1.01,78,125,98,111,94,91,95,99,104,90.5,19.7,87,0.095,110.1,388,0.424,916,0.188,0.27399999999999997,0.227,0.417,0.32,4.9
687263,"Neto, Zach",R,70.996493353,36.218724968181824,16.477292237791282,-5.692832300726044,0.5194363459669581,14.316950201067463,35.11381021877158,20.79686001770412,22.069381817252484,2058,Zach Neto,LAA,23,367,1333,1485,329,189,80,2,58,190,173,92,7,366,46,7,7,24,61,20,0.247,381,389,196,33,5754,2052,3702,23,15,1,0.062,0.24600000000000002,0.25,0.316,0.44,0.756,0.194,0.296,0.0098,0.203,0.39399999999999996,0.40299999999999997,0.085,0.149,0.06,0.067,0.326,16.0,192,16.2,-11.0,45.3,16.1,76.3,7.8,$62.5,5.3,109,1.21,-26.67,27.88,18.69,1.95,1.03,1.95,8,0.88,0.3,0.445,94.3,0.28300000000000003,84.5,0.071,89.4,0.08800000000000001,80.6,0.08199999999999999,85.9,0.031,85.8,0.0,79.0,0.006,,3.0,-3.2,9.8,2.8,1.4,-1.8,0.1,0.12,-0.19,2.4,0.55,0.3,-0.98,4.09,0.33399999999999996,0.6940000000000001,0.48200000000000004,0.562,0.847,0.731,0.41200000000000003,0.629,0.13,4.7,0.254,,0.071,0.032,0.001,0.19,0.285,0.069,0.019,,0.078,,0.0,,94.5,,89.7,85.9,81.2,93.8,84.5,79.8,81.4,,85.7,,79.2,-2.8,,0.7,-6.0,-7.4,-7.3,2.7,2.6,2.7,,-2.2,,-0.8,9.4,,5.0,2.3,1.3,4.7,1.1,-5.3,-5.5,,3.2,,2.0,2.3,,9.2,-2.6,0.3,0.0,-7.5,3.0,3.0,,1.0,,0.1,0.16,,2.26,-1.41,6.77,0.0,-0.46,0.76,2.67,,0.23,,4.17,0.301,0.664,0.48200000000000004,0.495,0.838,0.731,0.5,18.8,5.1,1.7,-0.4,22 - 24,20.9,5.0,0.0,0.491,0.3,0.209,0.121,0.542,0.336,0.34700000000000003,0.078,,0.08199999999999999,0.247,0.07,0.031,0.0,,0.196,0.29600000000000004,,85.8,,80.2,94.6,90.0,85.5,79.3,,93.9,84.6,,-2.1,,3.3,-2.4,1.2,-5.4,0.2,,-6.9,3.2,,1.7,,-7.5,8.4,3.9,0.8,0.0,,3.5,-0.3,,1.7,,4.2,2.6,7.2,-2.9,0.1,,0.2,-3.1,,0.38,,0.9,0.18,1.81,-1.66,4.17,,0.02,-0.18,,0.297,0.667,0.483,0.488,0.8370000000000001,0.73,0.501,18.8,,102,75,109,101,110,121,102,1.04,95,104,125,120,86,87,76,104,106,89.6,14.7,103,0.105,111.3,412,0.42,981,0.158,0.287,0.238,0.446,0.327,7.5
608324,"Bregman, Alex",R,70.974338418,28.398441180514062,12.643105069300216,-3.2525005716891338,0.6757546251217138,2.56711603693776,30.91566257023798,28.34854653330023,25.6366344849019,2054,Alex Bregman,- - -,30,420,1636,1853,432,271,86,6,69,246,235,187,5,243,22,8,0,47,7,3,0.264,510,634,257,85,7132,2786,4346,28,0,0,0.10099999999999999,0.131,0.77,0.346,0.45,0.796,0.186,0.273,0.008,0.183,0.364,0.45299999999999996,0.134,0.109,0.055,0.0,0.345,47.3,268,48.9,9.8,56.7,5.7,118.6,12.1,$96.5,3.2,122,0.55,-32.66,33.21,35.81,3.6,0.99,2.23,2,3.36,-2.81,0.514,93.9,0.233,84.8,0.073,89.0,0.073,79.7,0.085,85.3,0.021,86.3,,,0.003,,10.2,5.3,0.8,6.0,11.0,3.4,,0.28,0.32,0.16,1.16,1.8,2.29,,0.24,0.647,0.413,0.764,0.932,0.8759999999999999,0.426,0.612,0.051,-8.4,0.319,,0.07,0.018000000000000002,0.0,0.192,0.239,0.057999999999999996,0.015,0.001,0.08800000000000001,,,,94.2,,89.4,86.3,81.5,93.7,84.8,79.3,80.8,53.3,85.2,,,-1.4,,0.5,-5.4,-7.1,-6.5,2.1,1.6,2.3,-3.7,1.4,,,9.6,,4.5,2.4,-1.0,4.8,1.1,-5.2,-5.1,8.8,3.8,,,9.4,,5.2,4.4,-0.2,-3.7,1.0,4.1,1.0,0.6,9.6,,,0.41,,1.03,3.36,-17.64,-0.27,0.06,0.99,0.96,6.17,1.53,,,0.198,0.608,0.413,0.72,0.922,0.8759999999999999,0.525,18.8,15.5,-3.4,-5.9,29 - 31,40.4,6.0,-2.1,0.429,0.35,0.221,0.158,0.516,0.326,0.26899999999999996,0.08900000000000001,,0.068,0.317,0.073,0.018000000000000002,,,0.193,0.244,,85.0,,79.6,94.2,89.6,86.1,,,93.8,84.8,,1.3,,1.5,-1.3,0.7,-5.0,,,-6.2,2.7,,2.3,,-7.1,8.4,3.5,1.0,,,3.5,-0.4,,11.5,,5.0,11.7,1.8,4.0,,,-5.0,3.9,,1.82,,1.04,0.52,0.34,3.19,,,-0.36,0.22,,0.2,0.608,0.413,0.728,0.92,0.875,0.522,18.8,,108,122,58,110,112,116,94,0.93,87,117,91,104,101,91,100,99,102,89.2,17.8,84,0.06,109.6,568,0.405,1401,0.196,0.248,0.258,0.435,0.339,11.7
686668,"Doyle, Brenton",R,70.915277836,31.150261014292575,12.527424003534549,0.8691762222807533,0.6385819521178638,1.598349693538649,26.19090066775155,24.59255097421289,28.610801482910272,2172,Brenton Doyle,COL,26,413,1443,1572,339,217,63,11,48,187,177,98,1,442,7,15,9,36,70,12,0.235,443,371,186,27,5709,1986,3723,35,25,6,0.062,0.281,0.22,0.284,0.394,0.678,0.159,0.301,0.011899999999999999,0.18600000000000003,0.44299999999999995,0.371,0.073,0.129,0.079,0.24,0.293,-26.7,160,-54.3,30.0,48.0,5.0,43.3,4.4,$35.6,6.8,72,-4.53,-30.06,25.52,-43.53,-4.34,0.97,2.12,9,-5.16,0.51,0.488,93.9,0.26899999999999996,84.6,0.076,88.8,0.07400000000000001,80.1,0.076,85.1,0.016,85.5,0.002,77.3,0.001,,-21.7,-10.3,-1.4,-1.9,5.3,-1.2,-0.2,-0.78,-0.67,-0.31,-0.45,1.22,-1.29,-1.94,0.33799999999999997,0.754,0.51,0.496,0.845,0.7090000000000001,0.413,0.639,0.14800000000000002,9.8,0.32,,0.077,0.013000000000000001,0.002,0.166,0.264,0.062,0.016,0.001,0.077,,0.002,,94.1,,88.9,85.8,81.9,93.4,84.6,79.7,82.2,54.1,85.1,,76.6,-1.5,,0.5,-3.9,-5.3,-4.7,2.4,1.5,1.5,-4.5,1.7,,-5.0,8.2,,3.9,3.0,1.7,4.3,0.7,-4.7,-4.4,7.6,2.6,,-1.2,-20.5,,-1.6,-0.4,-0.3,-2.6,-9.4,-4.5,2.4,-1.1,3.1,,-0.2,-1.12,,-0.37,-0.59,-2.39,-0.28,-0.63,-1.26,2.52,-38.15,0.71,,-1.95,0.303,0.711,0.509,0.408,0.8340000000000001,0.7090000000000001,0.507,18.0,35.0,6.7,1.4,25 - 27,-44.5,4.7,-0.1,0.41700000000000004,0.348,0.235,0.139,0.491,0.371,0.374,0.077,,0.067,0.312,0.077,0.015,0.002,,0.172,0.278,,85.0,,80.0,94.2,89.3,85.3,76.8,,93.5,84.5,,1.6,,1.0,-1.4,0.6,-4.2,-4.8,,-4.5,2.7,,1.7,,-6.2,7.7,3.4,2.0,-2.6,,3.4,-0.3,,3.6,,-4.4,-19.5,-2.2,-0.8,-0.2,,-3.7,-8.6,,0.81,,-1.14,-1.1,-0.5,-0.94,-1.95,,-0.38,-0.54,,0.307,0.705,0.509,0.405,0.8370000000000001,0.7090000000000001,0.509,18.0,,95,74,126,89,97,100,102,0.93,104,99,108,102,99,97,88,94,115,89.2,11.6,104,0.10099999999999999,111.3,419,0.409,1025,0.138,0.287,0.231,0.406,0.3,3.9
596115,"Story, Trevor",R,70.909603369,30.065468395311267,10.305376024437855,-3.664789977486377,0.4784263959390862,9.003741195187622,34.679651572913485,25.675910377725856,29.76394551392811,1576,Trevor Story,BOS,31,226,864,928,217,142,45,0,30,111,120,53,3,264,9,1,1,7,47,7,0.251,252,234,114,24,3486,1129,2357,21,2,0,0.057,0.284,0.2,0.301,0.407,0.708,0.156,0.327,0.0108,0.19,0.42,0.39,0.10300000000000001,0.128,0.083,0.0,0.307,-5.2,105,-9.1,-1.4,28.3,9.2,39.3,4.0,$32.2,5.3,92,-0.5,-17.82,17.32,6.87,0.65,1.04,2.5,1,-0.69,0.21,0.512,94.2,0.244,84.9,0.051,88.8,0.1,80.3,0.067,85.4,0.027000000000000003,85.5,,,0.004,,-0.7,6.8,1.0,-7.6,0.6,0.1,,-0.04,0.8,0.57,-2.2,0.25,0.1,,0.379,0.728,0.535,0.547,0.84,0.725,0.447,0.643,0.147,8.8,0.36,,0.05,0.025,0.001,0.147,0.248,0.081,0.017,0.001,0.068,,0.001,,94.5,,89.5,85.8,82.8,93.9,84.9,79.5,82.4,53.1,85.3,,55.8,-2.2,,0.6,-4.6,-7.7,-7.0,2.8,1.6,1.8,-5.3,0.0,,-1.4,9.5,,4.5,1.8,0.8,4.9,1.1,-5.5,-6.8,8.3,3.3,,3.4,-8.4,,1.6,-1.3,0.0,2.9,4.6,-3.5,-2.5,0.8,1.9,,0.0,-0.67,,0.93,-1.43,0.76,0.57,0.54,-1.24,-4.21,20.62,0.79,,0.97,0.345,0.705,0.535,0.473,0.836,0.725,0.527,19.3,7.8,5.1,-1.3,30 - 32,-0.3,3.4,0.4,0.39399999999999996,0.326,0.281,0.151,0.498,0.35,0.374,0.066,,0.09,0.359,0.048,0.026000000000000002,0.001,,0.149,0.261,0.0,85.3,,80.0,94.4,89.7,85.3,55.5,,93.9,84.9,85.7,-0.4,,1.0,-2.1,1.1,-3.7,-1.7,,-6.7,3.4,0.0,1.7,,-7.8,8.4,3.8,0.6,-0.2,,3.7,-0.4,0.0,2.4,,-5.3,-10.4,1.6,-2.4,0.0,,5.6,5.1,0.0,1.05,,-1.71,-0.83,0.94,-2.71,0.01,,1.07,0.56,3.64,0.349,0.703,0.535,0.478,0.836,0.725,0.525,19.3,,103,69,126,96,101,97,113,0.97,102,100,105,95,94,117,96,96,108,90.4,14.9,57,0.095,111.7,265,0.44,602,0.141,0.289,0.234,0.397,0.297,3.6
606115,"Arcia, Orlando",R,70.88128211,26.018793736219365,7.947288003594741,-2.6239594577772616,0.6116676487919861,1.5971241718493443,29.786605386993116,28.18948121514377,26.916546701189183,1697,Orlando Arcia,- - -,29,372,1242,1349,290,196,56,1,37,129,124,90,1,277,5,11,1,34,3,1,0.233,499,320,156,45,5251,1860,3391,36,2,0,0.067,0.205,0.32,0.286,0.37,0.655,0.136,0.269,0.015600000000000001,0.16,0.512,0.32799999999999996,0.141,0.11599999999999999,0.07200000000000001,0.0,0.286,-30.8,130,-36.6,5.2,41.3,13.8,23.8,2.4,$19.1,2.2,77,-3.31,-24.1,20.78,-53.29,-5.27,0.92,0.54,3,-2.54,-1.04,0.494,93.9,0.267,84.9,0.063,88.9,0.08199999999999999,80.6,0.07,85.2,0.023,86.2,0.001,76.0,0.001,,-19.5,-20.0,4.9,2.7,3.7,-4.0,-0.1,-0.75,-1.42,1.49,0.62,1.0,-3.39,-1.8,0.309,0.7140000000000001,0.486,0.623,0.8540000000000001,0.7709999999999999,0.435,0.6459999999999999,0.111,-4.0,0.28600000000000003,,0.065,0.021,0.001,0.205,0.265,0.063,0.022000000000000002,0.001,0.069,0.0,0.001,,94.2,,89.2,86.6,83.1,93.5,84.8,79.9,82.4,46.5,85.1,79.2,75.9,-2.0,,0.9,-3.5,-5.2,-5.8,2.4,1.4,2.9,-2.0,0.7,-4.0,0.3,9.1,,4.3,2.9,3.3,4.8,1.0,-4.6,-4.6,7.9,2.8,-1.7,1.5,-8.5,,5.0,-4.2,-0.4,-12.9,-22.5,0.3,3.3,0.1,4.2,0.0,-0.1,-0.57,,1.47,-3.82,-6.09,-1.2,-1.62,0.09,2.82,0.99,1.14,2.1,-1.82,0.271,0.687,0.486,0.545,0.853,0.77,0.518,18.6,19.0,-2.0,-0.9,28 - 30,-40.6,4.1,-2.6,0.45899999999999996,0.33299999999999996,0.209,0.191,0.499,0.309,0.299,0.071,,0.078,0.278,0.07,0.022000000000000002,0.001,0.0,0.20800000000000002,0.273,,84.8,,80.3,94.4,89.5,86.3,76.0,79.1,93.6,84.8,,0.6,,1.8,-1.8,1.1,-3.4,0.7,-3.3,-5.5,3.0,,1.4,,-6.2,8.2,3.6,1.5,0.3,-3.9,3.8,-0.3,,4.1,,6.7,-8.9,5.0,-5.1,-0.1,0.0,-13.1,-25.3,,1.1,,1.64,-0.61,1.37,-4.37,-1.82,2.1,-1.2,-1.76,,0.273,0.684,0.486,0.55,0.852,0.77,0.518,18.6,,94,78,92,90,90,85,91,0.8,119,88,94,113,95,86,122,96,96,88.1,7.1,54,0.055,109.4,376,0.385,977,0.159,0.271,0.22,0.351,0.278,2.1
683011,"Volpe, Anthony",R,70.847359703,32.56335382095524,10.637245084592973,5.113737122743349,0.6174257425742575,-3.128603642954374,26.362860700801505,29.491464343755865,28.848079591707517,2525,Anthony Volpe,NYY,23,472,1717,1886,382,233,82,15,52,217,192,137,1,473,13,12,6,29,70,20,0.222,555,447,243,45,7534,2597,4937,39,17,5,0.073,0.251,0.29,0.283,0.379,0.662,0.156,0.274,0.0124,0.195,0.446,0.359,0.10099999999999999,0.11599999999999999,0.07,0.294,0.288,-39.6,185,-34.1,3.0,57.6,20.9,63.3,6.5,$51.6,6.4,85,-2.86,-32.74,29.88,-37.97,-3.8,0.93,1.66,5,-3.73,0.65,0.48700000000000004,94.0,0.259,84.5,0.07400000000000001,89.3,0.08199999999999999,80.0,0.075,85.0,0.024,86.5,,,0.001,,0.7,-23.0,-4.3,-5.2,-9.0,-0.8,,0.02,-1.18,-0.77,-0.84,-1.59,-0.44,,0.311,0.669,0.47,0.6409999999999999,0.847,0.7709999999999999,0.444,0.622,0.10800000000000001,9.6,0.303,,0.077,0.023,,0.18,0.257,0.071,0.013000000000000001,0.0,0.076,,,,94.1,,89.4,86.4,,93.7,84.5,79.5,81.4,38.7,85.0,,,-2.0,,0.7,-6.4,,-5.5,2.6,1.8,2.2,-1.7,1.4,,,9.4,,4.8,2.1,,4.6,1.0,-5.3,-5.3,8.0,3.4,,,1.2,,-7.4,-0.1,,-1.6,-23.1,-2.9,-2.9,0.1,-9.6,,,0.05,,-1.27,-0.06,,-0.12,-1.19,-0.54,-3.06,9.98,-1.68,,,0.27399999999999997,0.6409999999999999,0.47,0.581,0.8390000000000001,0.769,0.534,19.0,23.9,2.9,1.9,22 - 24,-24.5,6.2,-0.1,0.377,0.366,0.257,0.156,0.545,0.299,0.35100000000000003,0.077,0.0,0.075,0.302,0.076,0.022000000000000002,,,0.179,0.26899999999999996,,84.8,80.1,79.6,94.2,89.4,86.3,,,93.7,84.5,,1.2,5.0,2.0,-1.9,0.8,-6.0,,,-5.4,2.9,,1.9,-7.5,-7.3,8.4,3.9,0.7,,,3.4,-0.4,,-10.1,0.0,-6.7,0.1,-6.3,0.4,,,-2.5,-21.2,,-1.74,0.0,-1.19,0.0,-1.1,0.21,,,-0.19,-1.05,,0.27,0.643,0.47,0.578,0.8390000000000001,0.77,0.536,19.0,,92,88,110,91,94,97,95,0.99,107,93,96,92,105,106,98,104,93,88.5,11.4,95,0.075,110.5,501,0.397,1263,0.182,0.29,0.228,0.378,0.295,5.6
676059,"Westburg, Jordan",R,70.774956747,30.2857858480839,10.746791887677812,-2.5919712697109656,0.620418848167539,8.404643216807548,31.650587727259712,23.24594451045217,31.928589116869063,1528,Jordan Westburg,BAL,25,260,952,1027,251,152,53,8,38,142,127,55,0,233,14,5,1,13,11,6,0.264,305,286,132,30,3806,1298,2508,29,2,1,0.054000000000000006,0.22699999999999998,0.24,0.312,0.456,0.768,0.192,0.31,0.010700000000000001,0.183,0.42200000000000004,0.396,0.105,0.133,0.095,0.5,0.33,14.2,136,17.6,1.4,31.3,1.5,55.0,5.6,$45.0,5.1,115,2.23,-15.62,17.85,24.36,2.56,0.89,1.17,11,1.04,1.46,0.467,94.1,0.249,84.5,0.07400000000000001,89.1,0.077,79.9,0.105,84.4,0.027000000000000003,86.1,,,0.001,,1.0,7.8,8.4,1.2,-4.0,1.8,,0.05,0.82,2.98,0.41,-1.0,1.8,,0.322,0.733,0.501,0.581,0.8340000000000001,0.742,0.436,0.654,0.129,-0.2,0.278,,0.076,0.024,,0.187,0.248,0.067,0.012,0.0,0.107,,,,94.4,,89.1,86.3,,93.7,84.4,79.5,81.3,37.5,84.3,,,-1.7,,0.8,-6.0,,-4.9,2.7,1.4,1.6,0.5,1.5,,,9.6,,4.4,2.7,,4.7,1.2,-5.0,-5.1,10.6,3.5,,,4.9,,5.9,1.2,,-4.1,10.2,0.1,-0.2,-0.3,-4.1,,,0.46,,2.03,1.28,,-0.58,1.08,0.03,-0.43,-25.44,-1.02,,,0.273,0.703,0.501,0.511,0.8220000000000001,0.742,0.53,19.0,2.9,-1.9,0.7,24 - 26,17.4,3.4,0.1,0.4,0.36700000000000005,0.233,0.146,0.45799999999999996,0.396,0.317,0.106,0.0,0.069,0.273,0.078,0.025,,,0.187,0.261,,84.2,78.9,79.5,94.4,89.4,85.8,,,93.7,84.4,,1.3,5.3,0.9,-1.5,0.6,-5.3,,,-5.0,3.2,,2.0,-11.3,-7.0,8.6,3.7,1.2,,,3.6,-0.3,,-4.4,-0.2,-1.0,3.5,4.3,1.6,,,-1.8,11.2,,-1.09,-17.54,-0.38,0.33,1.46,1.7,,,-0.25,1.13,,0.28,0.696,0.501,0.479,0.8320000000000001,0.74,0.5329999999999999,19.0,,109,65,100,100,114,121,107,0.93,102,102,113,97,105,97,92,88,125,90.6,13.5,76,0.105,111.8,325,0.44799999999999995,725,0.157,0.28600000000000003,0.264,0.466,0.337,5.5
683734,"Vaughn, Andrew",R,70.624047237,29.054212753022664,9.06453842098935,-3.829060365730857,0.5431157694140069,-0.2633308306949351,30.93483800670392,31.19816883739884,29.104270145499367,2099,Andrew Vaughn,- - -,26,413,1542,1681,389,250,82,3,54,157,215,105,0,341,20,13,1,40,2,0,0.252,500,492,222,53,6378,2227,4151,27,1,0,0.062,0.203,0.31,0.306,0.414,0.72,0.162,0.289,0.0102,0.183,0.41200000000000003,0.405,0.10800000000000001,0.11,0.054000000000000006,0.0,0.312,-2.3,198,0.3,-7.0,51.4,-31.8,8.8,0.9,$7.1,2.0,100,-3.14,-32.12,28.98,-19.92,-2.1,1.04,1.71,12,-1.84,-1.19,0.44,93.9,0.27899999999999997,84.3,0.076,88.9,0.087,79.9,0.087,84.7,0.03,85.7,,,0.0,,-2.1,1.9,-0.7,-3.8,-1.3,-2.8,,-0.07,0.11,-0.14,-0.68,-0.23,-1.44,,0.34700000000000003,0.6709999999999999,0.48,0.6459999999999999,0.898,0.7909999999999999,0.41200000000000003,0.627,0.1,-9.3,0.285,,0.075,0.027999999999999997,0.0,0.152,0.27899999999999997,0.075,0.016,,0.08900000000000001,,,,94.0,,89.3,86.0,82.0,93.5,84.3,79.6,81.1,,84.6,,,-1.6,,0.8,-5.1,-5.8,-6.1,2.7,1.0,2.1,,0.1,,,9.2,,4.7,2.1,1.3,4.7,1.1,-5.3,-5.6,,3.2,,,2.2,,1.3,-2.7,-0.2,-7.9,-2.1,-2.8,-1.5,,-1.1,,,0.12,,0.27,-1.53,-8.83,-0.81,-0.12,-0.59,-1.42,,-0.2,,,0.326,0.639,0.48,0.598,0.892,0.7909999999999999,0.493,18.4,-38.8,-2.4,-4.6,25 - 27,-9.0,5.2,-1.7,0.37200000000000005,0.373,0.255,0.138,0.518,0.344,0.297,0.09,0.0,0.083,0.278,0.079,0.026000000000000002,0.0,,0.152,0.292,,84.9,78.3,79.8,94.2,90.0,85.6,63.6,,93.6,84.5,,-0.1,5.0,1.5,-1.4,0.8,-4.4,-6.5,,-5.9,3.2,,1.7,-8.0,-7.3,8.3,4.0,0.9,4.6,,3.5,-0.2,,0.4,0.0,-2.3,2.2,1.1,-3.8,-0.1,,-7.0,-5.5,,0.07,3.64,-0.43,0.12,0.22,-2.29,-5.63,,-0.72,-0.29,,0.32799999999999996,0.635,0.48,0.599,0.892,0.7909999999999999,0.496,18.4,,103,75,89,98,103,102,99,0.93,98,105,92,91,107,106,87,99,108,90.8,13.7,118,0.09699999999999999,112.2,555,0.457,1215,0.171,0.271,0.252,0.448,0.327,0.9
686681,"Massey, Michael",L,70.607958549,32.477395380781616,12.825775365549369,-6.468487872297787,0.6005204944697462,5.524625581100587,31.99518751725265,26.470561936152045,27.5180468354844,1537,Michael Massey,KCR,26,306,1022,1094,248,169,44,3,32,107,120,48,1,198,8,12,4,15,9,3,0.243,275,381,172,41,4188,1354,2834,11,12,5,0.044000000000000004,0.18100000000000002,0.24,0.279,0.386,0.664,0.143,0.269,0.0072,0.20800000000000002,0.332,0.46,0.10800000000000001,0.084,0.04,0.41700000000000004,0.287,-25.0,106,-27.1,4.9,33.5,0.1,15.5,1.6,$12.7,3.4,79,-3.09,-19.52,16.43,-31.41,-3.13,0.96,1.31,33,-3.34,0.11,0.467,93.9,0.175,84.6,0.076,89.2,0.107,79.9,0.132,85.9,0.045,86.0,,,0.002,,-15.5,-9.9,4.1,3.6,2.7,-6.3,,-0.8,-1.36,1.31,0.8,0.49,-3.33,,0.379,0.721,0.523,0.711,0.9,0.821,0.42200000000000004,0.628,0.094,0.5,0.35600000000000004,,0.076,0.049,0.0,0.10800000000000001,0.175,0.08900000000000001,0.019,0.001,0.127,,,,94.1,,89.6,85.9,76.4,93.1,84.6,79.5,81.2,52.9,85.9,,,-3.5,,0.6,-6.8,-9.2,-3.4,0.8,3.3,3.4,-2.4,-8.0,,,9.1,,4.8,2.5,-0.2,4.1,0.9,-5.6,-5.7,10.8,3.2,,,-14.5,,2.5,-5.3,0.1,-2.2,-11.0,3.4,1.6,0.7,1.5,,,-0.98,,0.78,-2.56,6.34,-0.48,-1.51,0.91,2.0,16.96,0.28,,,0.35700000000000004,0.687,0.524,0.655,0.903,0.8190000000000001,0.505,18.8,5.0,-1.1,2.8,25 - 27,-26.5,3.5,-0.3,0.518,0.27699999999999997,0.205,0.154,0.5479999999999999,0.299,0.254,0.13,,0.1,0.35,0.081,0.044000000000000004,,,0.113,0.182,0.0,86.1,,79.8,94.2,89.7,85.6,,,93.5,84.6,85.1,-7.7,,3.9,-3.3,1.0,-6.4,,,-3.3,0.9,0.0,1.9,,-7.6,8.2,3.8,1.1,,,3.2,-0.3,0.0,0.8,,3.7,-14.6,-0.8,-4.2,,,-1.7,-6.9,0.0,0.14,,0.88,-1.0,-0.24,-2.31,,,-0.36,-0.91,1.09,0.359,0.682,0.523,0.655,0.902,0.8190000000000001,0.509,18.8,,100,53,79,89,95,89,93,1.05,80,119,70,126,80,85,97,105,94,88.5,19.4,55,0.065,110.3,310,0.369,840,0.152,0.245,0.252,0.41,0.303,1.6
593871,"Polanco, Jorge",R,70.510171413,34.12091912229466,11.814987403139012,-8.845462907663526,0.5152000000000001,5.232716392559484,32.50260222563038,27.2698858330709,27.260873634658736,1875,Jorge Polanco,- - -,30,336,1190,1336,291,176,59,0,56,145,171,124,4,307,9,10,3,25,14,5,0.245,301,392,193,35,5378,2021,3357,14,10,5,0.09300000000000001,0.23,0.4,0.318,0.435,0.753,0.191,0.281,0.0077,0.218,0.34,0.442,0.08900000000000001,0.14300000000000002,0.047,0.5,0.325,13.1,172,22.4,-15.6,40.8,-8.3,42.3,4.3,$34.4,2.8,114,3.31,-22.87,26.18,30.64,3.34,1.03,2.07,17,2.16,1.06,0.409,94.1,0.195,84.4,0.075,89.3,0.111,80.2,0.168,85.8,0.043,87.0,,,0.003,,5.8,-1.6,-1.7,0.3,6.2,-2.5,,0.27,-0.15,-0.42,0.04,0.68,-1.1,,0.302,0.68,0.457,0.607,0.8640000000000001,0.764,0.409,0.6,0.10800000000000001,-1.5,0.299,,0.08,0.039,0.0,0.106,0.191,0.091,0.023,0.001,0.17,0.0,,,94.3,,89.5,87.0,82.6,93.7,84.3,79.5,82.7,65.9,85.7,84.5,,-2.7,,0.4,-6.0,-3.3,-3.8,2.1,3.1,3.9,0.0,-4.1,-6.0,,9.3,,4.9,2.0,1.1,4.7,1.2,-5.7,-5.9,5.2,3.2,0.3,,3.1,,-3.0,-3.3,0.1,4.4,-1.2,1.6,-2.4,-0.3,6.7,0.0,,0.19,,-0.69,-1.61,8.63,0.77,-0.12,0.32,-1.97,-4.24,0.74,2.42,,0.27,0.648,0.457,0.545,0.857,0.763,0.494,18.7,-23.9,-1.5,0.0,29 - 31,20.9,4.5,0.1,0.484,0.313,0.203,0.161,0.504,0.335,0.365,0.172,,0.109,0.298,0.08199999999999999,0.034,,,0.10400000000000001,0.19899999999999998,0.002,85.8,,80.1,94.3,89.8,86.6,,,93.9,84.4,87.0,-4.0,,3.7,-2.4,0.6,-5.1,,,-3.7,2.5,0.0,1.8,,-7.6,8.3,4.1,0.8,,,3.4,-0.2,0.0,5.2,,-1.6,0.7,-0.2,-2.1,,,4.5,-1.6,0.4,0.57,,-0.27,0.04,-0.04,-1.14,,,0.8,-0.15,3.55,0.275,0.645,0.457,0.547,0.857,0.762,0.49200000000000005,18.7,,101,113,101,102,108,119,97,1.11,82,114,119,118,90,84,102,97,105,89.4,18.3,96,0.107,111.9,375,0.419,896,0.16699999999999998,0.27399999999999997,0.247,0.451,0.333,4.3
678882,"Rafaela, Ceddanne",R,70.458658189,32.91726401482753,12.617966111563936,-0.7761588355068638,0.5462256149279049,2.7732127977076138,33.40995872985513,30.636745932147527,26.695403494678978,2358,Ceddanne Rafaela,BOS,23,336,1173,1247,290,185,63,9,33,165,143,47,1,296,16,6,5,19,42,16,0.247,372,334,172,50,4552,1301,3251,38,10,2,0.038,0.237,0.16,0.284,0.401,0.685,0.153,0.302,0.0111,0.196,0.424,0.38,0.15,0.099,0.102,0.2,0.296,-16.5,130,-20.9,15.3,37.9,7.1,48.2,4.9,$39.5,6.7,86,-2.54,-24.83,22.29,-28.5,-2.83,1.03,0.62,7,-2.75,0.28,0.479,93.8,0.252,84.7,0.063,89.2,0.08900000000000001,80.4,0.09,85.1,0.026000000000000002,85.6,0.001,78.0,0.001,,-20.4,8.4,-3.4,-2.8,3.2,0.3,-0.1,-0.93,0.73,-1.19,-0.7,0.77,0.26,-3.1,0.46799999999999997,0.77,0.596,0.607,0.8220000000000001,0.7240000000000001,0.42200000000000004,0.706,0.16399999999999998,4.6,0.298,,0.065,0.024,0.001,0.172,0.257,0.07200000000000001,0.015,0.003,0.092,0.0,0.001,,94.3,,90.0,85.7,83.0,93.5,84.7,79.4,82.5,51.7,85.1,81.1,77.7,-1.7,,0.5,-5.3,-8.5,-5.7,2.4,1.6,1.3,-3.2,1.8,-5.1,-5.2,9.5,,5.4,1.8,-2.1,4.6,1.0,-5.3,-5.1,8.7,3.2,0.6,-3.0,-4.3,,-2.9,0.3,-0.3,-18.2,0.8,1.1,0.7,0.7,3.1,0.0,-0.1,-0.31,,-1.0,0.28,-11.28,-2.33,0.07,0.32,1.1,4.86,0.73,-3.94,-3.14,0.43200000000000005,0.754,0.595,0.5479999999999999,0.8220000000000001,0.7240000000000001,0.508,18.7,22.4,0.1,0.1,22 - 24,-16.4,4.3,-0.1,0.389,0.374,0.23800000000000002,0.19,0.536,0.27399999999999997,0.302,0.09300000000000001,,0.077,0.293,0.069,0.023,0.001,0.0,0.179,0.267,0.0,84.4,,80.0,94.3,90.0,85.2,77.7,80.9,93.5,84.6,91.4,1.7,,1.2,-1.6,0.8,-4.9,-5.3,-4.7,-5.4,2.9,0.0,1.8,,-7.3,8.5,4.4,0.5,-4.8,-0.6,3.5,-0.5,0.0,3.3,,0.8,-2.9,-2.6,-0.6,-0.1,0.0,-18.6,1.4,-0.1,0.78,,0.22,-0.22,-0.83,-0.57,-3.14,-3.94,-2.28,0.12,-5.8,0.439,0.7490000000000001,0.595,0.5539999999999999,0.823,0.7240000000000001,0.503,18.7,,102,46,105,91,100,97,105,1.0,102,97,84,95,107,99,119,103,86,87.4,13.4,73,0.08199999999999999,112.1,334,0.376,888,0.113,0.27699999999999997,0.232,0.388,0.287,4.2
666971,"Gurriel Jr., Lourdes",R,70.457343642,36.08415342014951,9.341652145625083,-4.34763497145987,0.4932795698924733,0.869057984915076,29.790030947414124,28.920972962499054,26.103349417734997,2232,Lourdes Gurriel Jr.,ARI,30,407,1564,1691,411,263,81,6,61,189,237,93,2,280,18,16,0,47,22,5,0.263,514,521,265,52,6305,2102,4203,32,0,0,0.055,0.166,0.33,0.309,0.439,0.748,0.176,0.282,0.009899999999999999,0.204,0.395,0.401,0.1,0.11699999999999999,0.062,0.0,0.321,9.9,211,5.8,8.6,51.7,-21.8,48.1,4.9,$39.1,4.2,103,0.16,-30.39,30.55,-1.33,-0.18,0.98,1.35,18,0.09,0.07,0.502,94.2,0.247,85.1,0.057999999999999996,88.8,0.071,80.0,0.095,84.8,0.024,85.8,0.002,75.6,0.003,,2.8,1.7,-7.4,0.3,5.8,-3.7,1.2,0.09,0.11,-2.03,0.06,0.97,-2.39,8.91,0.353,0.711,0.507,0.687,0.907,0.82,0.429,0.636,0.091,-1.2,0.326,,0.066,0.022000000000000002,0.002,0.171,0.239,0.062,0.013000000000000001,0.0,0.096,,0.002,,94.4,,89.2,86.2,83.6,93.7,85.1,79.9,80.7,50.7,84.7,,75.7,-1.7,,0.8,-4.2,-4.6,-4.9,2.5,2.7,1.4,-1.9,2.2,,-4.1,9.2,,4.4,2.1,0.9,4.8,1.2,-4.9,-4.2,9.5,3.2,,-2.4,1.5,,-7.5,-1.1,-0.7,-0.1,-1.1,-0.8,1.1,-0.3,3.0,,1.3,0.07,,-1.8,-0.79,-4.9,-0.01,-0.07,-0.22,1.34,-30.2,0.5,,9.07,0.309,0.6859999999999999,0.507,0.621,0.899,0.8190000000000001,0.525,19.4,-13.2,-0.4,0.7,29 - 31,4.5,5.0,-3.7,0.41100000000000003,0.34,0.249,0.16699999999999998,0.494,0.33899999999999997,0.257,0.096,,0.065,0.316,0.071,0.024,0.002,,0.175,0.251,,84.7,,79.7,94.5,89.6,85.9,75.6,,93.7,85.0,,2.0,,2.7,-1.5,0.9,-3.9,-3.1,,-4.6,2.9,,1.9,,-6.8,8.2,3.8,0.5,-3.6,,3.7,-0.3,,3.2,,1.2,-1.3,-3.4,-1.6,1.5,,1.7,-5.4,,0.53,,0.29,-0.07,-0.77,-1.05,10.84,,0.15,-0.34,,0.31,0.6890000000000001,0.507,0.628,0.899,0.82,0.52,19.4,,106,64,74,97,108,110,96,1.02,92,107,96,101,97,102,106,95,105,88.7,14.1,97,0.075,110.6,540,0.415,1300,0.16,0.251,0.26,0.433,0.321,5.0
691026,"Winn, Masyn",R,70.452359498,28.93651723333466,5.215074701364676,-2.510386659338235,0.415311004784689,0.4279918120863751,33.26219583288729,32.83420402080091,23.0514441968002,2090,Masyn Winn,STL,22,316,1200,1311,302,210,61,5,26,165,120,85,1,237,9,10,7,13,22,11,0.252,387,375,201,53,5351,1866,3485,32,17,6,0.065,0.18100000000000002,0.36,0.304,0.376,0.68,0.124,0.291,0.0103,0.209,0.402,0.389,0.141,0.069,0.083,0.353,0.297,-16.4,138,-14.6,13.9,39.9,13.8,60.9,6.3,$50.3,4.7,91,-2.48,-23.78,21.3,-23.65,-2.43,1.0,1.1,5,-1.81,-0.66,0.504,93.9,0.23399999999999999,84.7,0.075,88.9,0.078,79.9,0.083,84.2,0.024,86.3,0.002,77.6,0.001,,-1.7,-5.1,-5.0,-3.9,2.6,-1.3,0.8,-0.06,-0.41,-1.23,-0.94,0.58,-0.97,9.16,0.31,0.635,0.455,0.726,0.9,0.8340000000000001,0.446,0.589,0.075,4.0,0.327,,0.073,0.022000000000000002,0.0,0.174,0.24,0.065,0.013000000000000001,0.001,0.083,0.0,0.002,,94.2,,89.4,86.1,80.3,93.4,84.6,79.4,81.2,54.9,84.2,80.3,77.5,-1.3,,0.6,-1.7,-4.4,-4.2,2.8,1.4,0.1,-1.4,2.5,-5.9,-2.0,9.1,,5.0,2.8,1.4,4.7,1.1,-5.0,-5.1,8.5,3.6,-0.3,0.2,-6.0,,-4.1,-0.9,-0.2,0.5,-5.1,-3.0,-0.7,-0.3,0.3,0.0,0.8,-0.34,,-1.05,-0.73,-10.03,0.05,-0.4,-0.85,-1.0,-8.48,0.08,3.81,9.1,0.273,0.604,0.455,0.6679999999999999,0.895,0.8340000000000001,0.551,18.0,27.7,-2.3,0.4,21 - 23,-10.7,3.9,0.4,0.36700000000000005,0.35100000000000003,0.282,0.192,0.546,0.262,0.265,0.085,,0.073,0.324,0.08,0.019,0.002,0.0,0.17300000000000001,0.244,,84.2,,79.8,94.3,89.7,85.6,77.7,80.4,93.5,84.6,,2.3,,1.4,-1.2,0.8,-1.7,-1.2,-5.6,-4.2,3.2,,2.3,,-6.8,8.2,4.2,1.5,-1.2,-2.4,3.5,-0.2,,0.0,,-2.2,-8.8,-3.4,-1.4,0.8,0.0,3.4,-6.7,,0.01,,-0.57,-0.51,-0.79,-1.34,9.1,3.81,0.37,-0.52,,0.276,0.601,0.455,0.6629999999999999,0.898,0.8340000000000001,0.55,18.0,,102,77,81,96,93,79,99,1.05,94,104,58,91,100,116,121,105,82,87.4,14.3,39,0.04,111.1,332,0.33899999999999997,980,0.193,0.268,0.244,0.349,0.287,5.8
650402,"Torres, Gleyber",R,70.430003728,34.33622922620008,9.214579702199371,4.2893917930599255,0.5486583900680819,-1.209639059071248,31.105001096621823,32.314640155693056,26.95816485188424,2497,Gleyber Torres,- - -,27,457,1715,1965,450,316,76,2,56,249,205,217,0,335,10,21,2,36,21,10,0.262,533,562,303,44,8130,3174,4956,29,4,0,0.11,0.17,0.65,0.345,0.407,0.752,0.145,0.293,0.0095,0.217,0.381,0.402,0.078,0.1,0.054000000000000006,0.0,0.33,26.0,260,30.7,-12.7,60.1,4.0,79.4,8.0,$64.3,3.3,113,1.31,-29.86,31.18,32.53,3.29,0.89,1.73,8,2.62,-1.14,0.45399999999999996,94.1,0.271,84.6,0.086,88.9,0.079,79.9,0.087,84.8,0.024,86.3,,,0.001,,26.1,-5.5,2.0,-0.9,-0.8,4.3,,0.71,-0.25,0.29,-0.15,-0.11,2.21,,0.255,0.705,0.444,0.691,0.87,0.81,0.42,0.612,0.084,-9.2,0.298,,0.087,0.023,,0.152,0.271,0.066,0.013000000000000001,0.001,0.08900000000000001,,,,94.4,,89.1,86.3,,93.5,84.6,79.3,81.5,65.8,84.8,,,-2.1,,0.8,-6.0,,-5.2,3.0,2.0,2.6,-4.8,1.1,,,9.4,,4.5,2.4,,4.4,1.1,-5.3,-5.1,8.9,3.3,,,9.0,,4.0,3.8,,14.2,-9.2,-1.7,0.7,-0.4,0.5,,,0.37,,0.57,2.08,,1.15,-0.42,-0.32,0.6,-6.41,0.07,,,0.21899999999999997,0.655,0.444,0.639,0.863,0.809,0.516,18.3,-8.7,-4.0,-4.1,26 - 28,21.5,6.5,-0.3,0.34,0.37200000000000005,0.287,0.129,0.5660000000000001,0.305,0.309,0.091,0.0,0.07,0.294,0.083,0.02,,,0.154,0.28600000000000003,,85.0,80.1,79.7,94.4,89.4,86.3,,,93.6,84.6,,0.9,5.2,2.1,-2.0,1.0,-5.9,,,-5.0,3.5,,1.8,-8.7,-7.3,8.4,3.7,1.1,,,3.3,-0.3,,2.5,0.0,-2.7,8.3,-0.6,2.0,,,16.2,-5.2,,0.34,-2.08,-0.47,0.35,-0.09,1.2,,,1.3,-0.22,,0.218,0.657,0.444,0.633,0.863,0.809,0.515,18.3,,108,134,75,110,101,90,101,1.1,92,104,82,83,107,119,82,108,95,89.4,14.8,105,0.075,112.4,537,0.38299999999999995,1403,0.165,0.25,0.263,0.444,0.346,7.6
666158,"Lux, Gavin",L,70.378406195,33.229166775916326,10.713857429043044,3.092778750360863,0.4665784248841826,-1.0852049790678546,32.327044843857195,33.412249822925055,26.95030387925114,1511,Gavin Lux,- - -,27,279,885,990,230,159,52,4,15,108,103,100,0,224,2,3,0,11,6,2,0.26,320,194,150,15,3993,1534,2459,12,0,0,0.10099999999999999,0.226,0.45,0.335,0.379,0.714,0.119,0.331,0.0165,0.226,0.48200000000000004,0.292,0.077,0.077,0.038,0.0,0.316,3.6,120,-0.1,-10.6,30.0,-6.3,16.8,1.7,$13.9,3.6,100,0.18,-16.54,16.72,8.22,0.86,0.98,1.76,30,-0.13,0.32,0.444,94.2,0.184,85.2,0.096,89.8,0.106,80.7,0.125,86.9,0.040999999999999995,86.9,0.003,76.5,0.001,,18.4,-8.3,-2.0,-3.6,4.2,-1.2,0.4,1.04,-1.13,-0.52,-0.85,0.84,-0.72,3.82,0.257,0.6729999999999999,0.43799999999999994,0.635,0.885,0.8029999999999999,0.436,0.631,0.086,0.8,0.315,,0.095,0.04,,0.13,0.182,0.09,0.021,0.001,0.12300000000000001,,0.003,,94.6,,90.1,86.4,,93.4,85.1,80.1,83.2,58.0,86.8,,76.5,-4.0,,0.4,-6.3,,-5.0,2.2,3.8,2.5,-4.0,-8.5,,-4.7,9.0,,4.7,2.3,,3.9,1.0,-5.3,-4.5,4.9,3.0,,-3.2,11.5,,-1.1,-1.7,,4.3,-9.0,-1.5,-3.1,0.4,4.2,,0.4,0.91,,-0.29,-1.09,,0.84,-1.25,-0.43,-3.76,7.4,0.86,,3.85,0.23800000000000002,0.628,0.43799999999999994,0.597,0.877,0.8029999999999999,0.512,18.4,-16.9,-1.5,2.9,26 - 27,0.7,3.0,0.6,0.386,0.41,0.205,0.166,0.5329999999999999,0.301,0.342,0.13,,0.107,0.314,0.1,0.033,0.003,,0.128,0.185,,86.8,,80.5,94.5,90.3,86.4,76.6,,93.5,85.1,,-8.0,,4.1,-3.7,0.7,-5.8,-4.1,,-4.6,2.7,,1.7,,-6.9,8.0,3.8,0.8,-5.1,,2.8,-0.4,,3.5,,-3.8,12.2,1.2,-1.0,0.4,,3.6,-11.6,,0.68,,-0.89,0.97,0.3,-0.74,3.85,,0.71,-1.57,,0.237,0.629,0.43799999999999994,0.584,0.879,0.8009999999999999,0.512,18.4,,105,120,102,106,94,76,113,1.14,113,78,66,95,117,84,105,102,94,88.3,9.3,32,0.048,108.7,259,0.39,664,0.177,0.264,0.249,0.362,0.308,2.0
518692,"Freeman, Freddie",L,69.962386092,42.97001096625948,8.926315851780378,1.4287961617599814,0.4291573452647276,-2.72288833682551,26.50146419983705,29.224352536662547,30.171682989294418,2682,Freddie Freeman,LAD,34,455,1735,1995,528,314,133,6,75,293,281,210,28,349,32,18,0,40,38,5,0.304,535,526,343,20,7662,2886,4776,21,0,0,0.105,0.175,0.6,0.386,0.518,0.904,0.213,0.341,0.0102,0.244,0.381,0.375,0.038,0.14300000000000002,0.039,0.0,0.383,113.1,351,111.7,6.7,61.1,-33.3,153.5,15.5,$124.3,4.8,146,10.92,-30.43,41.35,128.69,13.02,0.99,2.01,2,11.55,-0.52,0.469,94.3,0.209,84.7,0.083,89.9,0.09699999999999999,80.4,0.11,86.5,0.031,87.6,0.001,76.5,0.013000000000000001,,41.4,19.9,10.3,7.2,27.3,6.4,0.9,1.15,1.24,1.61,0.96,3.23,2.69,15.46,0.311,0.78,0.507,0.69,0.851,0.794,0.419,0.602,0.105,1.4,0.312,,0.08900000000000001,0.03,0.001,0.155,0.19899999999999998,0.08199999999999999,0.021,,0.109,,0.001,,94.6,,90.0,87.4,83.5,93.4,84.7,79.8,82.1,,86.5,,76.4,-2.1,,0.2,-6.4,-4.2,-1.5,0.1,2.1,2.1,,-6.2,,-4.3,8.9,,4.7,2.0,2.3,4.3,1.2,-4.9,-3.7,,2.8,,-3.8,27.8,,7.1,6.6,0.7,8.4,19.1,11.3,-0.8,,25.4,,0.9,1.16,,1.04,2.92,7.89,0.7,1.26,1.81,-0.51,,3.03,,15.39,0.27399999999999997,0.7440000000000001,0.507,0.647,0.848,0.7929999999999999,0.496,18.8,-26.6,1.6,1.2,33 - 35,113.1,6.0,1.1,0.382,0.337,0.281,0.11199999999999999,0.5329999999999999,0.355,0.318,0.109,,0.09300000000000001,0.31,0.087,0.03,0.001,,0.158,0.21100000000000002,0.001,86.5,,80.2,94.7,90.0,86.9,76.7,,93.5,84.6,87.1,-6.1,,2.8,-1.9,0.4,-5.6,-4.0,,-1.2,0.1,0.0,1.6,,-6.5,8.0,3.9,0.7,-5.4,,3.3,-0.1,0.0,25.6,,9.2,27.6,5.2,8.3,0.9,,6.3,23.6,0.3,3.09,,1.3,1.17,0.78,3.61,15.39,,0.52,1.46,3.49,0.27399999999999997,0.743,0.508,0.64,0.85,0.7929999999999999,0.498,18.8,,123,124,79,121,127,133,115,1.22,89,100,117,94,96,115,71,102,110,90.1,14.6,144,0.10300000000000001,114.1,606,0.43200000000000005,1404,0.11599999999999999,0.221,0.286,0.506,0.376,15.9
683737,"Busch, Michael",L,69.953981055,37.32230780201672,16.09222021804902,-0.2411708998577247,0.4692913385826771,2.08913466830866,32.5476423655552,30.458507697246542,26.69381589515157,1905,Michael Busch,- - -,26,334,1092,1240,272,152,56,7,57,160,162,127,3,328,14,7,0,11,7,1,0.249,297,314,158,21,5045,1924,3121,14,2,1,0.102,0.265,0.39,0.333,0.47,0.803,0.221,0.301,0.0095,0.205,0.386,0.408,0.067,0.182,0.047,0.5,0.346,33.5,180,34.6,-0.6,37.7,-21.1,49.9,5.1,$41.1,4.0,124,3.44,-18.91,22.35,32.08,3.36,0.92,1.25,38,3.9,-0.17,0.462,93.8,0.201,84.9,0.08,89.6,0.107,80.3,0.11,86.4,0.040999999999999995,87.5,,,0.003,,6.2,10.7,5.4,4.9,11.3,0.2,,0.27,1.05,1.35,0.91,2.02,0.08,,0.27699999999999997,0.703,0.45899999999999996,0.551,0.8590000000000001,0.752,0.42700000000000005,0.627,0.114,-4.3,0.341,,0.081,0.039,,0.11699999999999999,0.19899999999999998,0.096,0.013000000000000001,0.003,0.111,0.0,,,94.3,,89.7,87.2,,93.2,85.0,79.9,81.5,50.1,86.5,80.9,,-3.3,,0.5,-6.5,,-3.2,1.8,3.8,3.9,-0.5,-7.8,-4.7,,9.1,,4.8,1.8,,3.8,1.2,-5.6,-5.9,7.2,3.1,-2.5,,7.8,,6.0,-0.4,,-3.5,7.1,5.4,1.1,-0.8,12.7,0.1,,0.46,,1.47,-0.19,,-0.6,0.71,1.12,1.62,-6.03,2.26,8.63,,0.24600000000000002,0.6629999999999999,0.45899999999999996,0.474,0.85,0.752,0.511,18.2,-21.8,-1.1,0.1,25 - 27,30.3,3.7,0.4,0.449,0.318,0.233,0.11699999999999999,0.541,0.342,0.413,0.11199999999999999,0.0,0.10099999999999999,0.337,0.086,0.037000000000000005,,0.0,0.11900000000000001,0.20600000000000002,0.001,86.2,80.7,80.1,94.3,89.9,86.9,,81.0,93.2,84.9,95.4,-7.6,5.7,4.5,-3.0,0.7,-5.8,,-4.6,-3.1,1.9,0.0,1.8,-10.4,-7.6,8.1,3.9,0.3,,-3.8,2.7,-0.1,0.0,13.1,0.1,4.0,5.0,4.6,-0.2,,0.1,-3.0,11.8,0.2,2.32,6.24,0.78,0.3,1.05,-0.11,,8.63,-0.5,1.13,3.35,0.247,0.665,0.45899999999999996,0.47700000000000004,0.85,0.7509999999999999,0.508,18.2,,101,122,119,105,116,141,102,1.03,91,109,155,111,90,96,74,104,107,91.0,16.4,107,0.139,111.9,341,0.442,771,0.158,0.272,0.236,0.482,0.346,5.6
630105,"Cronenworth, Jake",L,69.893421714,32.372428506764535,6.753477775193014,0.4348332172720772,0.359883438562409,-5.192499574369349,29.635455580508683,34.82795515487804,27.100289512678188,2059,Jake Cronenworth,SDP,30,417,1454,1693,347,225,73,11,38,187,190,176,3,322,37,15,6,31,14,6,0.239,465,437,233,32,7001,2599,4402,31,18,8,0.10400000000000001,0.19,0.55,0.333,0.382,0.715,0.144,0.279,0.0106,0.205,0.41,0.385,0.073,0.087,0.067,0.444,0.316,3.4,205,8.6,0.1,51.7,-11.4,56.1,5.7,$45.9,4.2,104,0.37,-27.47,27.84,10.38,1.2,0.95,1.47,7,0.17,0.21,0.556,94.0,0.171,84.5,0.07,89.8,0.085,80.4,0.087,86.3,0.031,86.3,,,0.002,,-1.3,2.6,-7.5,5.5,4.0,4.1,,-0.03,0.21,-1.51,0.92,0.66,1.92,,0.27399999999999997,0.662,0.447,0.718,0.9179999999999999,0.85,0.447,0.595,0.067,1.8,0.39899999999999997,,0.07400000000000001,0.033,,0.152,0.165,0.073,0.019,0.001,0.084,0.0,,,94.4,,90.1,86.3,,93.2,84.6,79.8,81.1,50.4,86.4,80.1,,-2.4,,0.1,-6.6,,-1.2,0.3,2.2,2.8,-0.9,-6.7,-4.9,,9.1,,4.8,1.9,,4.4,1.1,-4.7,-4.7,9.4,2.7,-2.9,,2.8,,-7.7,5.0,,-7.7,2.2,2.9,1.8,0.0,2.0,0.1,,0.1,,-1.47,2.2,,-0.73,0.19,0.57,1.35,0.67,0.34,4.09,,0.24100000000000002,0.632,0.44799999999999995,0.644,0.92,0.85,0.529,19.2,-11.2,-2.9,4.0,29 - 31,10.5,5.1,0.2,0.348,0.375,0.278,0.16899999999999998,0.55,0.281,0.317,0.08900000000000001,,0.081,0.39799999999999996,0.078,0.028999999999999998,,0.0,0.149,0.174,,85.8,,80.4,94.6,90.1,86.5,,80.0,93.2,84.4,,-6.1,,3.2,-2.2,0.6,-6.1,,-4.4,-0.7,0.4,,1.3,,-6.8,8.0,3.9,0.4,,-4.6,3.0,-0.4,,3.9,,4.0,4.5,-3.0,2.9,,0.1,-11.4,-0.9,,0.62,,0.7,0.16,-0.54,1.45,,4.09,-1.09,-0.08,,0.245,0.627,0.44799999999999995,0.649,0.9179999999999999,0.8490000000000001,0.531,19.2,,96,122,85,105,94,90,94,1.03,96,103,72,86,107,114,107,106,88,88.2,14.6,72,0.062,110.9,418,0.361,1158,0.179,0.24600000000000002,0.241,0.391,0.323,5.7
650859,"Rengifo, Luis",R,69.841862724,33.62163310137375,8.370019074870392,2.1689731864775244,0.5091954022988504,9.19795426942697,27.6375855352379,18.439631265810934,26.146475454605223,1740,Luis Rengifo,LAA,27,351,1178,1290,308,225,44,8,31,151,124,90,0,230,13,7,2,16,40,18,0.261,480,276,197,25,4779,1667,3112,30,4,0,0.07,0.17800000000000002,0.39,0.319,0.391,0.71,0.13,0.3,0.0174,0.207,0.504,0.29,0.091,0.11199999999999999,0.063,0.0,0.311,-3.2,150,-3.3,-14.4,39.5,4.3,31.6,3.2,$25.6,5.4,98,-0.11,-23.78,23.68,-4.06,-0.4,1.03,1.61,27,-0.61,0.5,0.42100000000000004,94.2,0.21600000000000003,84.5,0.098,89.5,0.099,80.4,0.126,85.8,0.038,85.9,0.001,79.0,0.002,,20.3,-12.5,-13.2,-0.2,9.6,0.9,-0.2,1.01,-1.21,-2.81,-0.05,1.6,0.5,-5.7,0.35,0.762,0.52,0.657,0.871,0.787,0.413,0.654,0.11,1.1,0.325,,0.1,0.035,0.001,0.094,0.214,0.081,0.022000000000000002,0.0,0.127,,0.001,,94.4,,89.6,85.9,80.4,93.7,84.6,79.5,82.5,39.0,85.8,,78.9,-3.1,,0.5,-6.2,-6.0,-3.9,2.5,3.1,3.5,-1.9,-4.4,,-2.8,9.3,,4.8,2.1,3.0,4.6,0.9,-5.5,-5.7,7.2,3.4,,-7.1,12.3,,-11.4,-1.0,0.6,4.9,-13.8,-0.8,-1.3,-0.2,10.1,,-0.2,0.8,,-2.4,-0.6,19.33,1.09,-1.36,-0.21,-1.22,-10.72,1.67,,-5.76,0.316,0.721,0.52,0.602,0.867,0.787,0.503,18.6,-10.1,-1.8,1.3,26 - 28,-2.2,4.4,0.6,0.38299999999999995,0.37,0.247,0.156,0.55,0.295,0.272,0.129,0.001,0.092,0.32299999999999995,0.09699999999999999,0.034,0.001,,0.09300000000000001,0.23,,85.9,77.0,80.2,94.4,90.0,85.8,79.0,,93.8,84.6,,-4.3,6.2,3.9,-2.9,0.8,-5.8,-2.3,,-3.6,2.7,,1.9,-8.8,-7.6,8.2,3.8,0.9,-9.4,,3.4,-0.5,,10.2,-0.2,-0.7,9.9,-9.1,-0.3,-0.2,,4.6,-13.8,,1.66,-4.71,-0.16,0.65,-1.98,-0.17,-5.76,,1.03,-1.26,,0.315,0.72,0.52,0.602,0.867,0.7879999999999999,0.506,18.6,,107,84,78,102,97,80,103,1.05,121,75,92,93,107,102,98,105,92,87.7,8.1,50,0.052000000000000005,110.2,324,0.33899999999999997,957,0.13,0.24100000000000002,0.255,0.381,0.309,3.2
670770,"Friedl, TJ",L,69.739804449,28.206013755346422,9.037952784620948,-8.53784242709311,0.598183881952327,9.489099140526234,41.42001803111776,31.930918890591524,24.767490635345425,1762,TJ Friedl,CIN,28,375,1364,1582,354,249,49,11,45,190,174,154,1,257,38,12,14,8,48,10,0.26,416,437,215,69,6129,2372,3757,20,65,32,0.09699999999999999,0.162,0.6,0.348,0.411,0.759,0.151,0.288,0.0095,0.201,0.39,0.409,0.158,0.10300000000000001,0.048,0.49200000000000005,0.334,25.3,214,14.5,-9.1,48.4,3.9,72.2,7.3,$58.3,5.6,107,4.02,-26.52,30.53,42.79,4.19,1.02,1.54,20,2.77,1.19,0.517,93.7,0.159,84.1,0.076,88.9,0.09699999999999999,79.6,0.114,86.3,0.036000000000000004,86.5,,,0.001,,25.0,2.3,9.6,7.3,-2.2,-2.0,,0.79,0.24,2.06,1.22,-0.31,-0.91,,0.25,0.595,0.40399999999999997,0.682,0.9159999999999999,0.836,0.447,0.561,0.066,9.9,0.36700000000000005,,0.078,0.034,0.001,0.149,0.156,0.084,0.016,0.001,0.113,0.0,,,93.9,,89.4,86.7,82.5,93.1,84.1,79.1,82.0,55.7,86.1,77.8,,-2.8,,0.6,-6.5,-5.5,-1.4,0.8,3.5,2.6,-1.6,-8.3,-3.8,,9.1,,4.6,2.1,2.0,4.4,0.9,-5.5,-5.0,7.4,3.3,-2.9,,21.1,,4.7,-2.6,-0.4,3.2,5.0,3.4,3.3,-0.4,-3.6,0.1,,0.94,,0.99,-1.24,-11.24,0.35,0.52,0.65,3.35,-6.99,-0.52,5.27,,0.21600000000000003,0.5760000000000001,0.405,0.619,0.91,0.836,0.525,18.5,-5.2,2.3,5.2,27 - 29,24.3,4.7,4.7,0.46299999999999997,0.32799999999999996,0.20800000000000002,0.17800000000000002,0.563,0.259,0.28800000000000003,0.115,0.001,0.094,0.355,0.087,0.032,,0.0,0.153,0.162,0.0,86.1,78.5,79.5,94.0,89.9,86.5,,77.9,93.1,84.0,93.0,-8.0,5.7,3.8,-2.7,0.7,-6.1,,-3.6,-1.4,0.8,0.0,1.9,-9.2,-7.2,8.2,4.0,0.9,,-4.3,3.3,-0.5,0.0,-1.6,-0.3,7.7,20.9,0.5,-3.5,,0.1,1.5,8.9,0.0,-0.22,-7.71,1.35,0.96,0.1,-1.8,,5.27,0.16,0.9,3.64,0.217,0.5770000000000001,0.405,0.628,0.907,0.836,0.523,18.5,,105,114,73,109,101,94,98,1.01,91,110,85,114,94,86,113,108,80,86.7,15.5,34,0.03,108.9,344,0.304,1133,0.20199999999999999,0.268,0.233,0.324,0.297,7.8
514888,"Altuve, Jose",R,69.710851512,29.91520807631212,16.045221084689587,-4.285351409514917,0.5132631578947368,16.506415232856213,28.498976903852373,11.992561670996157,30.227222151823256,2375,Jose Altuve,HOU,34,398,1576,1746,453,311,76,3,63,250,193,146,7,299,16,7,1,44,46,15,0.287,543,450,263,59,6334,2181,4153,55,29,21,0.084,0.171,0.49,0.352,0.459,0.812,0.172,0.319,0.0121,0.209,0.43200000000000005,0.358,0.131,0.14,0.10099999999999999,0.7240000000000001,0.351,53.8,261,57.7,-12.2,53.3,-3.6,98.9,10.1,$80.4,4.7,128,2.92,-29.54,32.46,30.63,3.14,0.96,1.83,4,3.97,-0.92,0.45,94.3,0.259,85.0,0.081,89.4,0.076,80.5,0.09699999999999999,85.3,0.036000000000000004,86.8,0.0,73.0,0.005,,35.1,9.5,8.9,-4.3,-0.5,-3.0,-0.3,1.23,0.58,1.73,-0.9,-0.08,-1.31,-28.33,0.386,0.6579999999999999,0.488,0.726,0.898,0.812,0.373,0.643,0.091,-2.1,0.255,,0.079,0.033,,0.195,0.264,0.062,0.013000000000000001,,0.099,,0.0,,94.3,,89.5,86.9,,94.1,85.1,79.8,82.3,,85.1,,72.7,-1.8,,0.5,-6.3,,-7.5,2.6,1.8,2.5,,-0.2,,5.1,9.7,,5.0,2.2,,5.0,1.3,-5.1,-5.5,,3.5,,0.1,32.3,,6.5,-1.3,,2.2,6.0,1.6,-2.9,,-3.5,,-0.3,2.01,,1.3,-0.6,,0.18,0.36,0.42,-3.61,,-0.55,,-26.44,0.361,0.635,0.48700000000000004,0.6990000000000001,0.8859999999999999,0.812,0.462,19.5,-15.7,-0.4,-1.1,33 - 35,55.6,5.8,-2.4,0.546,0.3,0.154,0.18100000000000002,0.537,0.282,0.29100000000000004,0.10099999999999999,0.0,0.071,0.248,0.078,0.03,0.0,,0.2,0.271,,85.0,77.5,80.3,94.4,89.8,86.2,73.1,,94.2,85.1,,-0.3,4.5,2.1,-1.5,0.9,-5.5,6.2,,-7.1,3.1,,2.0,-10.7,-7.1,8.5,3.9,0.6,-1.6,,3.7,-0.2,,-2.2,-0.8,-2.4,31.5,2.2,0.2,-0.3,,3.7,9.7,,-0.35,-76.66,-0.52,2.01,0.45,0.1,-26.44,,0.3,0.57,,0.359,0.632,0.48700000000000004,0.6970000000000001,0.8859999999999999,0.812,0.469,19.5,,118,101,75,113,114,107,111,1.07,104,92,117,133,86,64,114,103,89,85.9,14.9,87,0.068,110.6,400,0.311,1285,0.162,0.254,0.248,0.402,0.315,10.0
641355,"Bellinger, Cody",L,69.687168369,32.509203097785246,12.958647445343669,-2.8501882747370675,0.5992141453831044,-2.1716025615175583,30.696637741494182,32.86824030301174,22.955813370373644,2545,Cody Bellinger,- - -,28,412,1603,1781,450,291,77,9,73,256,273,142,11,266,10,26,0,25,42,10,0.281,474,626,262,56,6839,2365,4474,40,1,0,0.08,0.149,0.53,0.338,0.477,0.815,0.196,0.292,0.0076,0.192,0.348,0.46,0.08900000000000001,0.11699999999999999,0.084,0.0,0.346,47.6,259,48.9,10.4,54.4,-12.6,111.9,11.4,$90.8,5.3,123,5.15,-28.67,33.82,74.94,7.81,0.98,1.1,4,6.22,-0.94,0.475,94.2,0.205,84.5,0.08800000000000001,89.7,0.086,80.0,0.11199999999999999,86.5,0.034,86.8,0.0,53.0,0.006,,19.2,10.4,2.4,8.1,20.6,-5.4,-0.3,0.59,0.75,0.41,1.37,2.7,-2.32,-8.81,0.345,0.6829999999999999,0.49200000000000005,0.721,0.884,0.82,0.435,0.601,0.08900000000000001,4.7,0.32799999999999996,,0.094,0.032,0.0,0.146,0.195,0.077,0.016,0.0,0.11199999999999999,,,,94.5,,89.7,86.5,82.9,93.4,84.5,79.7,81.1,37.7,86.5,,,-2.5,,0.3,-6.5,-4.6,-1.1,0.4,2.6,3.1,-1.1,-6.3,,,9.0,,4.7,2.3,3.0,4.1,1.0,-4.9,-5.9,8.7,3.0,,,2.6,,1.7,-3.7,0.0,10.7,6.3,12.6,-1.6,-0.2,18.5,,,0.12,,0.27,-1.69,2.69,1.07,0.47,2.4,-1.45,-10.85,2.42,,,0.308,0.659,0.49200000000000005,0.664,0.884,0.8190000000000001,0.524,18.4,-2.2,1.1,1.6,27 - 29,53.6,6.1,1.6,0.439,0.332,0.23,0.16899999999999998,0.55,0.281,0.27,0.111,0.001,0.084,0.32799999999999996,0.09,0.033,,,0.14400000000000002,0.209,0.0,86.6,79.3,79.9,94.6,89.9,86.3,,,93.6,84.6,48.6,-6.2,5.5,3.0,-2.4,0.6,-6.1,,,-1.0,0.3,-1.7,1.7,-8.5,-7.0,8.1,4.0,1.0,,,3.0,-0.2,6.5,17.6,-0.3,5.5,9.4,-3.3,-3.6,,,8.4,13.3,0.0,2.31,-5.18,0.95,0.42,-0.54,-1.58,,,0.86,0.93,3.5,0.309,0.659,0.49200000000000005,0.667,0.883,0.818,0.524,18.4,,114,95,66,107,117,121,100,0.97,82,121,94,107,95,95,107,106,87,88.0,17.8,91,0.067,110.2,467,0.34299999999999997,1363,0.162,0.25,0.254,0.422,0.32,10.7
666182,"Bichette, Bo",R,69.660541963,37.86925019701045,4.192964091044267,1.4214202265364024,0.3386243386243389,-3.588685522850949,24.6911338041165,28.27981932696745,24.713548285902068,1890,Bo Bichette,TOR,26,355,1464,1565,426,289,90,5,42,176,198,87,3,270,8,6,0,43,14,7,0.291,561,349,289,18,5731,1873,3858,38,0,0,0.055999999999999994,0.17300000000000001,0.32,0.333,0.445,0.778,0.154,0.332,0.0161,0.24100000000000002,0.46799999999999997,0.29100000000000004,0.052000000000000005,0.12,0.068,0.0,0.336,27.3,214,30.6,-13.7,47.9,13.9,79.1,8.0,$63.9,3.5,116,3.33,-26.85,30.18,36.47,3.54,0.98,2.54,3,1.86,1.53,0.518,94.1,0.24600000000000002,84.9,0.084,89.1,0.066,80.5,0.065,84.8,0.021,86.1,0.001,75.8,0.006,,3.2,1.9,-4.3,9.9,9.2,1.1,0.0,0.11,0.13,-0.9,2.64,2.48,0.9,0.72,0.396,0.77,0.551,0.691,0.914,0.821,0.41600000000000004,0.629,0.099,-5.1,0.316,,0.08800000000000001,0.018000000000000002,,0.195,0.244,0.05,0.018000000000000002,0.003,0.067,,0.001,,94.6,,89.4,86.1,,93.7,84.9,79.8,82.3,53.1,84.8,,75.7,-2.5,,0.7,-5.2,,-6.6,3.0,2.6,3.6,-0.4,0.6,,-4.1,9.6,,4.8,2.2,,4.8,1.1,-5.1,-5.3,6.8,3.1,,-1.9,-1.8,,-3.6,0.7,,-0.3,0.4,7.7,2.0,1.9,9.8,,0.0,-0.1,,-0.71,0.65,,-0.02,0.03,2.68,1.87,11.95,2.57,,0.74,0.35200000000000004,0.7390000000000001,0.551,0.621,0.909,0.8190000000000001,0.514,19.1,0.3,-2.9,0.8,25 - 27,25.5,5.3,-2.8,0.28,0.364,0.35600000000000004,0.14,0.504,0.35600000000000004,0.255,0.07,,0.062,0.314,0.085,0.015,0.001,,0.19699999999999998,0.257,0.0,84.6,,80.6,94.4,89.7,85.5,76.0,,93.8,84.8,82.6,0.3,,3.1,-2.1,1.0,-4.4,-3.2,,-6.3,3.7,0.0,1.7,,-7.3,8.6,3.9,0.6,-3.7,,3.6,-0.2,0.0,10.6,,9.3,0.7,-5.4,0.6,0.0,,-0.8,1.9,-0.1,2.66,,2.63,0.04,-1.11,0.71,0.74,,-0.07,0.13,-6.08,0.35200000000000004,0.737,0.551,0.62,0.907,0.8190000000000001,0.518,19.1,,119,67,76,106,110,95,114,1.22,112,75,98,68,105,147,89,97,111,90.3,7.2,94,0.078,113.4,553,0.461,1200,0.122,0.221,0.288,0.462,0.344,7.9
621493,"Ward, Taylor",R,69.64631345,31.664887121241968,9.14399664293354,-1.3756276842016422,0.5347621536853111,1.0055253474731805,32.41435183014232,31.40882648266916,26.71181431353715,1913,Taylor Ward,LAA,30,410,1520,1735,366,212,75,4,75,219,225,177,1,418,18,20,0,33,14,7,0.241,395,512,214,33,7025,2719,4306,22,1,0,0.102,0.24100000000000002,0.42,0.323,0.443,0.767,0.203,0.278,0.0077,0.191,0.35200000000000004,0.457,0.064,0.146,0.055999999999999994,0.0,0.331,25.6,231,25.8,10.6,52.9,-19.4,70.3,7.2,$57.5,3.4,113,-1.49,-32.78,31.29,15.69,1.67,1.03,1.43,9,2.1,-3.55,0.47100000000000003,94.2,0.28800000000000003,84.6,0.083,89.6,0.07,80.5,0.063,85.6,0.024,86.3,0.001,78.5,0.001,,21.0,-6.0,-6.8,0.8,12.5,0.3,-0.3,0.64,-0.3,-1.17,0.16,2.85,0.18,-6.66,0.243,0.637,0.413,0.597,0.879,0.784,0.431,0.601,0.08900000000000001,-5.5,0.309,,0.08199999999999999,0.023,0.001,0.161,0.28800000000000003,0.06,0.013999999999999999,0.0,0.061,,0.001,,94.4,,89.6,86.5,80.8,93.9,84.6,79.9,82.2,38.6,85.3,,78.3,-2.5,,0.7,-6.4,-8.4,-6.2,2.7,3.1,2.6,-2.5,-1.5,,3.5,9.3,,4.7,1.8,0.1,4.9,1.0,-4.9,-5.2,6.4,3.2,,-1.1,20.4,,-9.1,0.6,0.2,-1.8,-3.3,0.3,-1.0,0.5,13.5,,-0.3,0.94,,-1.58,0.34,3.9,-0.16,-0.16,0.06,-1.08,46.64,3.14,,-6.73,0.217,0.588,0.413,0.511,0.8740000000000001,0.784,0.528,18.1,-8.7,-3.1,1.5,29 - 31,20.3,5.8,-0.5,0.373,0.34299999999999997,0.28300000000000003,0.109,0.513,0.37799999999999995,0.386,0.062,,0.066,0.303,0.083,0.022000000000000002,0.001,,0.16399999999999998,0.299,0.0,85.3,,80.2,94.5,90.1,86.3,78.4,,94.0,84.7,90.4,-1.5,,3.3,-2.3,1.1,-6.1,4.2,,-5.8,3.3,0.0,1.7,,-6.8,8.3,3.8,0.5,-3.1,,3.7,-0.4,0.0,13.0,,1.2,21.9,-9.1,0.6,-0.3,,-0.1,-7.3,0.0,2.99,,0.26,1.03,-1.56,0.38,-6.73,,0.0,-0.35,2.69,0.21600000000000003,0.585,0.413,0.519,0.87,0.784,0.5329999999999999,18.1,,99,124,106,104,110,127,96,0.97,85,117,123,91,99,118,69,98,119,90.6,16.8,135,0.12,111.4,480,0.428,1122,0.2,0.289,0.241,0.454,0.34,7.6
668939,"Rutschman, Adley",R,69.626195028,36.19393936428216,9.832589102591646,-1.2305979270887693,0.4877192982456143,-1.4755731150055296,26.30557466218365,27.78114777718918,26.48047022947548,1995,Adley Rutschman,BAL,26,392,1481,1690,377,257,68,4,48,189,188,190,9,261,5,14,0,31,2,2,0.255,487,480,267,41,6993,2618,4375,29,0,0,0.11199999999999999,0.154,0.73,0.338,0.403,0.742,0.149,0.277,0.0101,0.21600000000000003,0.395,0.389,0.085,0.1,0.06,0.0,0.324,13.8,215,19.8,13.7,51.7,8.7,93.0,9.4,$75.2,2.1,110,1.96,-26.47,28.43,20.84,2.15,0.92,1.78,18,1.69,0.44,0.455,94.0,0.174,84.7,0.087,89.5,0.091,79.8,0.154,86.0,0.038,86.3,,,0.005,,16.3,-2.8,-5.2,2.3,3.3,0.4,,0.51,-0.23,-0.85,0.36,0.31,0.16,,0.28600000000000003,0.614,0.42200000000000004,0.77,0.9159999999999999,0.858,0.414,0.578,0.06,-6.3,0.34,,0.085,0.038,,0.111,0.175,0.076,0.018000000000000002,0.001,0.155,,0.001,,94.3,,89.8,86.5,,93.4,84.8,79.3,81.5,39.6,85.8,,59.0,-1.7,,0.4,-5.8,,-3.0,2.0,2.5,4.1,-0.9,-3.2,,1.5,9.4,,5.0,1.8,,4.2,1.0,-5.5,-6.3,8.0,3.3,,2.6,9.9,,-6.3,3.8,,5.5,-5.3,2.9,-0.1,0.0,-1.1,,0.4,0.42,,-1.07,1.43,,0.71,-0.43,0.54,-0.05,0.08,-0.1,,7.74,0.262,0.585,0.42200000000000004,0.7390000000000001,0.9079999999999999,0.856,0.49700000000000005,18.9,22.4,-3.8,0.0,25 - 27,13.5,5.4,-0.2,0.408,0.34,0.253,0.15,0.544,0.306,0.295,0.155,0.001,0.085,0.336,0.08800000000000001,0.037000000000000005,0.001,,0.11,0.188,,85.9,77.1,79.7,94.2,90.0,86.3,58.6,,93.5,84.8,,-3.2,5.4,3.1,-1.6,0.4,-5.7,0.8,,-3.2,2.2,,1.9,-10.1,-7.6,8.4,4.1,0.6,0.5,,2.9,-0.4,,-0.6,0.0,3.0,10.1,-8.3,2.5,0.4,,6.8,-4.3,,-0.06,-0.65,0.5,0.43,-1.34,1.0,7.74,,0.89,-0.33,,0.263,0.58,0.42200000000000004,0.733,0.9109999999999999,0.855,0.502,18.9,8.3,105,136,68,108,100,93,95,1.1,95,101,83,99,98,105,95,104,96,88.5,15.2,86,0.07,111.3,467,0.37799999999999995,1234,0.204,0.264,0.265,0.433,0.343,8.9
669701,"Smith, Josh",L,69.599216095,36.87265545632478,10.677698845143633,-3.2042106094708327,0.4413965087281796,-0.0671142101339856,32.50367637293219,32.57079058306615,27.62218774902588,2005,Josh Smith,TEX,26,383,1213,1387,295,201,61,4,29,166,112,126,3,276,35,5,7,12,24,5,0.243,390,349,195,28,5591,2038,3553,23,14,7,0.091,0.19899999999999998,0.46,0.331,0.372,0.702,0.129,0.291,0.011200000000000002,0.209,0.418,0.374,0.08,0.083,0.059000000000000004,0.5,0.312,-1.0,163,3.4,-6.1,42.3,0.3,46.1,4.7,$38.0,4.8,102,-3.17,-23.78,20.61,-10.24,-0.98,0.95,1.47,35,-1.06,-2.27,0.496,93.4,0.168,83.9,0.08,89.6,0.092,79.8,0.127,86.0,0.037000000000000005,87.1,0.0,61.0,0.002,,7.0,7.4,-3.0,-3.0,-2.9,1.4,-0.2,0.25,0.79,-0.68,-0.58,-0.41,0.65,-21.37,0.294,0.642,0.451,0.667,0.892,0.812,0.45,0.621,0.085,1.6,0.363,,0.079,0.039,,0.126,0.171,0.07400000000000001,0.019,0.003,0.125,,0.001,,93.9,,90.0,86.7,,93.1,83.9,78.6,81.7,52.0,86.0,,56.9,-3.1,,0.4,-7.0,,-1.9,1.1,3.6,3.8,1.4,-7.4,,-1.1,9.3,,4.8,1.6,,4.0,1.0,-5.9,-6.4,10.1,2.9,,5.0,1.9,,0.9,-0.1,,2.0,1.1,-2.6,1.1,1.5,-2.3,,-0.1,0.1,,0.21,-0.04,,0.29,0.12,-0.63,1.05,8.95,-0.33,,-1.6,0.264,0.617,0.451,0.599,0.889,0.809,0.53,18.3,-5.8,0.1,-3.4,25 - 27,5.0,4.7,1.4,0.408,0.355,0.23600000000000002,0.17,0.535,0.295,0.311,0.132,0.0,0.08900000000000001,0.359,0.081,0.033,0.0,,0.129,0.17600000000000002,,85.4,80.2,79.8,93.8,90.2,86.8,60.9,,93.2,84.1,,-7.0,5.7,4.5,-3.0,0.7,-6.2,0.8,,-1.6,1.1,,1.4,-7.8,-7.9,8.2,3.9,0.6,6.6,,2.8,-0.4,,-1.3,0.0,-2.1,2.4,-1.2,0.9,-0.2,,-1.0,6.1,,-0.18,2.1,-0.43,0.12,-0.26,0.51,-21.37,,-0.14,0.62,,0.263,0.615,0.451,0.599,0.887,0.8079999999999999,0.5329999999999999,18.3,,100,110,88,106,93,81,101,1.07,101,96,70,99,102,98,107,102,93,87.7,13.8,50,0.053,109.8,327,0.344,950,0.18,0.265,0.239,0.371,0.312,4.4
680977,"Donovan, Brendan",L,69.480326554,30.17000030809919,7.632748248265861,1.440560504186967,0.4903452311293153,-1.4961305960718432,25.75521403905069,27.251344635122543,27.81334331344991,1709,Brendan Donovan,STL,27,366,1374,1538,388,273,76,4,35,177,157,122,5,201,29,10,3,12,13,9,0.282,506,413,253,34,5842,2156,3686,20,14,11,0.079,0.131,0.61,0.351,0.42,0.771,0.138,0.307,0.0123,0.21600000000000003,0.43200000000000005,0.35200000000000004,0.08199999999999999,0.085,0.04,0.7859999999999999,0.337,29.7,212,31.6,-0.3,46.9,-6.4,73.8,7.5,$60.3,3.2,117,4.18,-25.31,29.49,39.24,4.08,1.0,2.9,15,2.58,1.58,0.512,93.8,0.185,84.5,0.079,89.6,0.09699999999999999,80.0,0.091,86.5,0.034,87.2,0.001,78.7,0.003,,12.9,4.4,4.4,-1.3,17.7,3.3,0.1,0.43,0.4,0.94,-0.23,3.32,1.65,1.03,0.271,0.639,0.434,0.755,0.935,0.872,0.441,0.605,0.055,-2.6,0.35,,0.081,0.033,0.002,0.161,0.18100000000000002,0.08800000000000001,0.015,,0.08900000000000001,0.0,0.001,,94.1,,89.9,87.0,81.9,93.2,84.5,79.7,80.8,,86.4,81.3,78.7,-2.5,,0.2,-5.8,-6.2,-0.7,0.8,2.9,3.1,,-7.2,-4.5,-4.6,9.0,,5.0,1.6,0.2,4.6,1.0,-4.9,-5.3,,2.8,-0.9,-3.0,10.9,,0.8,0.6,0.6,0.3,6.1,-2.4,0.6,,17.7,0.1,0.1,0.54,,0.17,0.31,5.58,0.04,0.58,-0.46,0.75,,3.42,4.92,1.05,0.245,0.602,0.434,0.711,0.929,0.871,0.529,18.0,-6.7,-4.2,2.0,26 - 28,29.0,4.6,2.2,0.377,0.344,0.27899999999999997,0.145,0.5329999999999999,0.322,0.233,0.091,,0.096,0.342,0.087,0.031,0.001,0.0,0.165,0.18600000000000003,0.0,86.6,,80.0,94.3,90.2,86.3,79.2,81.4,93.3,84.5,87.6,-7.0,,3.3,-2.4,0.4,-5.4,-4.2,-4.3,-1.0,0.7,0.0,1.5,,-6.7,8.2,4.1,0.5,-4.3,-2.2,3.5,-0.2,0.0,19.3,,-1.2,9.4,3.7,0.2,0.1,0.1,2.0,2.1,0.0,3.65,,-0.22,0.47,0.74,0.09,1.05,4.92,0.21,0.19,-0.76,0.252,0.596,0.434,0.7090000000000001,0.932,0.871,0.529,18.0,,114,93,59,110,103,87,104,1.08,101,94,70,93,98,115,92,102,100,89.2,12.3,79,0.067,109.6,467,0.39399999999999996,1186,0.19399999999999998,0.249,0.279,0.44,0.346,7.9
605141,"Betts, Mookie",R,69.475458966,34.74783941172438,9.600780177347932,-5.265831787199259,0.5485411140583556,8.41904309446674,33.66544195328604,25.246398858819266,27.970074591260733,1885,Mookie Betts,LAD,31,418,1623,1872,461,288,87,8,78,296,264,218,7,232,12,19,0,30,38,7,0.284,415,672,323,55,7227,2879,4348,27,0,0,0.11599999999999999,0.124,0.94,0.369,0.492,0.861,0.208,0.288,0.0062,0.22899999999999998,0.294,0.47700000000000004,0.08199999999999999,0.11599999999999999,0.065,0.0,0.369,84.3,307,83.2,-1.4,57.3,5.5,151.2,15.3,$122.5,5.2,136,6.31,-31.05,37.36,99.83,10.19,0.99,1.65,4,9.26,-2.92,0.515,94.3,0.23,85.3,0.08,89.5,0.07,80.3,0.08,85.9,0.025,87.3,0.001,75.5,0.005,,58.3,11.7,1.0,4.3,3.2,6.0,0.2,1.57,0.7,0.18,0.86,0.55,3.4,3.17,0.225,0.635,0.39799999999999996,0.67,0.945,0.855,0.42200000000000004,0.597,0.057999999999999996,1.0,0.327,,0.085,0.02,0.002,0.18600000000000003,0.22399999999999998,0.057,0.016,,0.08199999999999999,0.0,0.001,,94.6,,89.6,87.4,83.6,93.7,85.2,79.9,82.2,,86.0,79.9,75.6,-1.8,,0.3,-4.3,-0.1,-4.2,2.4,1.5,1.9,,1.6,-6.2,-6.9,9.0,,4.6,2.4,1.9,4.6,1.2,-4.8,-4.0,,3.2,-0.3,-1.8,29.3,,-3.4,7.4,-0.4,27.1,15.0,-0.5,3.0,,0.7,-0.2,0.2,1.24,,-0.55,5.12,-2.85,2.01,0.93,-0.12,2.6,,0.11,-16.65,3.24,0.20199999999999999,0.585,0.39799999999999996,0.608,0.9359999999999999,0.8540000000000001,0.511,18.2,4.1,0.9,0.9,30 - 32,84.2,5.6,0.6,0.428,0.364,0.20800000000000002,0.11599999999999999,0.531,0.353,0.282,0.08199999999999999,,0.065,0.326,0.081,0.021,0.001,0.0,0.18600000000000003,0.23800000000000002,,86.0,,80.2,94.7,89.8,86.5,75.8,80.1,93.8,85.3,,1.7,,2.1,-1.5,0.6,-3.4,-6.6,-5.3,-4.0,2.9,,1.9,,-6.5,8.1,3.8,0.9,-3.6,-2.3,3.4,-0.1,,0.0,,5.0,36.6,-5.3,6.9,0.2,-0.2,21.6,13.8,,-0.01,,1.07,1.56,-0.91,4.65,3.24,-16.65,1.62,0.81,,0.204,0.583,0.397,0.614,0.9359999999999999,0.855,0.51,18.2,,115,136,56,116,120,129,97,1.15,69,128,95,105,104,85,73,102,109,90.4,19.8,113,0.08,110.1,581,0.41200000000000003,1410,0.204,0.262,0.278,0.489,0.368,15.7
641680,"Heim, Jonah",R,69.423352394,28.79560496224584,11.250377835956886,0.6406515829914303,0.5929919137466305,0.2643474748134656,29.52452735694185,29.260179882128394,31.239131748074037,1855,Jonah Heim,TEX,29,386,1311,1425,303,206,54,1,42,144,197,98,2,274,6,9,1,33,6,1,0.231,414,425,204,44,5484,1885,3599,18,4,2,0.069,0.192,0.36,0.286,0.37,0.656,0.139,0.26,0.0097,0.196,0.397,0.40700000000000003,0.10400000000000001,0.099,0.043,0.5,0.286,-32.1,138,-27.4,2.4,43.6,18.7,35.2,3.5,$28.0,2.7,83,-0.77,-25.63,24.86,-5.74,-0.77,0.99,1.87,25,-3.1,2.32,0.526,94.2,0.147,84.7,0.069,89.5,0.094,79.6,0.128,85.7,0.036000000000000004,86.3,,,0.002,,-24.3,-11.7,1.1,-3.7,0.8,1.2,,-0.84,-1.45,0.29,-0.71,0.12,0.58,,0.344,0.743,0.52,0.6859999999999999,0.868,0.8,0.44,0.621,0.10400000000000001,-6.7,0.414,,0.069,0.035,0.001,0.106,0.151,0.076,0.02,0.0,0.129,,0.0,,94.4,,89.9,86.3,81.4,93.7,84.8,78.5,81.9,46.0,85.7,,55.8,-2.9,,0.5,-5.8,-5.2,-3.3,1.6,2.8,3.6,-2.1,-4.4,,-4.3,9.3,,5.2,2.1,-2.1,4.1,0.9,-6.4,-5.8,6.4,3.3,,8.1,-18.9,,2.8,3.3,0.5,-6.0,-10.2,-4.4,-2.2,-0.1,-4.4,,-0.3,-0.84,,0.75,1.72,16.27,-1.04,-1.23,-1.05,-2.07,-5.63,-0.62,,-25.44,0.306,0.7120000000000001,0.52,0.637,0.863,0.8,0.526,19.2,21.1,-1.5,1.1,28 - 30,-34.1,4.7,-1.8,0.441,0.33799999999999997,0.221,0.149,0.534,0.317,0.29100000000000004,0.131,0.0,0.092,0.408,0.076,0.033,,,0.106,0.154,,85.6,76.0,79.5,94.5,90.1,86.3,,,93.8,84.9,,-4.1,4.2,3.3,-2.7,0.7,-5.6,,,-3.0,1.8,,2.0,-9.6,-8.2,8.3,4.3,0.7,,,2.9,-0.4,,-3.3,-0.3,-7.9,-18.2,-1.3,3.1,,,-6.9,-5.0,,-0.45,-27.99,-1.56,-0.81,-0.32,1.68,,,-1.19,-0.59,,0.308,0.708,0.52,0.638,0.862,0.8,0.532,19.2,4.4,95,83,84,91,91,86,90,1.0,95,105,82,107,97,91,94,102,99,88.6,15.5,70,0.067,110.3,387,0.37,1047,0.136,0.24,0.233,0.385,0.295,4.2
643446,"McNeil, Jeff",L,69.4014942,32.83715309800801,8.201041869070977,-4.52197277230092,0.4749391727493916,0.0237715520063716,30.068003537125907,30.044231985119545,25.542022745005266,2055,Jeff McNeil,NYM,32,407,1408,1582,356,241,72,9,34,174,153,123,5,188,35,10,6,16,18,1,0.253,482,487,252,60,5632,1944,3688,27,15,4,0.078,0.11900000000000001,0.65,0.326,0.389,0.715,0.136,0.269,0.009899999999999999,0.20600000000000002,0.395,0.39899999999999997,0.12300000000000001,0.07,0.055999999999999994,0.267,0.314,-0.8,188,3.4,2.3,48.5,-0.7,56.9,5.8,$46.2,4.6,102,-0.82,-26.77,25.95,0.95,0.13,0.97,1.34,20,0.0,-0.84,0.503,93.9,0.20199999999999999,84.8,0.081,89.6,0.085,80.7,0.09300000000000001,86.4,0.036000000000000004,87.3,0.001,73.7,0.005,,-4.9,7.5,-3.2,0.3,8.7,0.6,0.1,-0.17,0.66,-0.7,0.06,1.66,0.31,4.8,0.337,0.777,0.534,0.736,0.924,0.858,0.446,0.631,0.076,-1.3,0.34600000000000003,,0.079,0.036000000000000004,,0.155,0.2,0.076,0.013999999999999999,0.001,0.091,,0.001,,94.3,,89.8,87.1,,93.1,84.8,80.3,82.7,55.9,86.4,,73.5,-2.4,,0.3,-6.2,,-1.1,0.4,3.7,3.2,-6.2,-7.8,,-8.2,9.0,,4.7,1.9,,4.3,1.2,-5.2,-5.7,6.1,3.3,,-1.9,-2.8,,-0.8,1.6,,-3.9,3.3,-2.8,3.0,-0.5,6.2,,0.1,-0.14,,-0.18,0.8,,-0.45,0.3,-0.65,3.83,-12.72,1.21,,4.89,0.293,0.742,0.534,0.6779999999999999,0.919,0.858,0.536,20.2,1.6,0.3,-3.4,31 - 33,2.1,4.7,2.4,0.445,0.33,0.225,0.185,0.555,0.26,0.218,0.09300000000000001,,0.085,0.344,0.085,0.033,0.001,,0.155,0.204,0.0,86.5,,80.8,94.4,90.0,87.0,73.5,,93.2,84.8,98.2,-7.5,,4.1,-2.3,0.6,-5.9,-8.1,,-1.0,0.4,0.0,2.0,,-7.0,8.1,3.8,0.6,-3.4,,3.0,-0.1,0.0,5.1,,0.1,-2.5,-1.2,3.5,0.1,,-6.0,4.6,-0.2,0.97,,0.02,-0.13,-0.26,1.9,4.89,,-0.68,0.41,-18.08,0.287,0.747,0.5329999999999999,0.6729999999999999,0.9209999999999999,0.8590000000000001,0.535,20.2,,102,91,53,102,95,86,91,1.03,92,107,58,109,94,92,118,107,81,86.6,15.0,36,0.028999999999999998,109.0,371,0.3,1236,0.11900000000000001,0.19399999999999998,0.249,0.36,0.305,5.6
645277,"Albies, Ozzie",R,69.228320206,34.42558435330662,12.989302758023896,-5.64249028223642,0.5875682486350272,2.2463629791695032,36.903630311518256,34.65726733234879,21.38046061061848,2381,Ozzie Albies,ATL,27,404,1598,1762,412,263,82,8,59,222,236,128,4,266,17,17,0,24,35,5,0.258,509,579,261,70,6627,2336,4291,33,0,0,0.073,0.151,0.48,0.316,0.43,0.746,0.172,0.274,0.0088,0.193,0.377,0.429,0.121,0.102,0.065,0.0,0.321,10.8,221,7.8,-11.9,54.0,6.1,67.0,6.8,$54.1,5.3,103,1.03,-31.08,32.11,20.92,2.13,1.0,,0,0.67,0.35,0.449,94.1,0.158,84.9,0.085,89.8,0.11699999999999999,80.2,0.146,86.1,0.044000000000000004,86.5,0.001,78.9,0.004,,16.3,6.5,6.8,-2.5,-5.5,-4.5,-0.4,0.55,0.62,1.22,-0.32,-0.57,-1.55,-5.23,0.375,0.8109999999999999,0.5489999999999999,0.706,0.884,0.8109999999999999,0.39899999999999997,0.593,0.10400000000000001,5.8,0.324,,0.091,0.043,0.001,0.12300000000000001,0.152,0.09699999999999999,0.024,0.0,0.14300000000000002,,0.001,,94.2,,90.2,86.5,82.1,93.7,84.8,79.6,81.8,52.0,86.0,,78.9,-2.7,,0.5,-4.9,-4.8,-5.1,1.9,2.9,2.7,-1.3,-4.0,,-5.6,9.0,,5.0,2.5,0.6,4.2,1.0,-5.5,-5.0,5.3,3.1,,-3.1,14.7,,9.5,-7.1,0.0,-0.7,6.3,-7.0,2.8,-0.3,-5.1,,-0.4,0.69,,1.58,-2.52,0.07,-0.09,0.63,-1.09,1.78,-15.3,-0.54,,-5.3,0.353,0.768,0.5489999999999999,0.68,0.877,0.8109999999999999,0.473,19.5,-5.8,2.0,2.5,26 - 28,13.6,5.2,1.8,0.515,0.318,0.16699999999999998,0.141,0.55,0.309,0.257,0.145,,0.115,0.315,0.094,0.043,0.001,,0.124,0.162,,86.1,,80.1,94.4,90.5,86.3,78.9,,93.9,84.9,,-3.9,,3.2,-2.4,0.7,-4.4,-5.2,,-5.0,2.2,,1.6,,-7.1,8.1,4.3,1.4,-4.6,,3.2,-0.3,,-6.4,,-5.0,12.1,10.8,-5.6,-0.4,,0.9,6.1,,-0.66,,-0.65,0.58,1.75,-1.98,-5.3,,0.11,0.57,,0.353,0.768,0.55,0.68,0.878,0.8109999999999999,0.473,19.5,,104,85,68,99,105,107,93,0.97,88,115,83,126,91,69,90,106,96,88.2,17.8,87,0.064,113.7,460,0.34,1351,0.099,0.203,0.251,0.416,0.317,6.6
643289,"Dubón, Mauricio",R,69.050223177,30.974922211874297,5.108464092667558,1.7247567709355642,0.443670150987224,2.869624378115065,27.071683376197157,24.20205899808209,28.80271323283097,1722,Mauricio Dubon,HOU,29,402,1238,1318,327,231,72,3,21,164,126,59,0,167,6,9,6,28,13,4,0.264,463,390,214,40,4470,1325,3145,40,19,2,0.045,0.127,0.35,0.299,0.378,0.677,0.114,0.289,0.011899999999999999,0.201,0.434,0.366,0.10300000000000001,0.054000000000000006,0.086,0.105,0.294,-21.2,136,-18.2,24.7,40.3,-0.3,50.2,5.1,$40.8,4.2,88,-2.19,-22.78,20.6,-25.27,-2.71,0.94,1.37,31,-2.22,-0.11,0.507,93.8,0.25,84.9,0.07400000000000001,89.1,0.07200000000000001,79.8,0.079,84.1,0.018000000000000002,85.5,,,0.001,,-23.4,-2.8,-4.0,6.1,8.7,-2.3,,-1.04,-0.25,-1.2,1.89,2.46,-2.81,,0.429,0.762,0.573,0.78,0.889,0.843,0.43200000000000005,0.6779999999999999,0.09,-0.7,0.32799999999999996,,0.079,0.017,,0.174,0.251,0.052000000000000005,0.018000000000000002,0.001,0.079,,,,93.9,,89.4,85.9,,93.8,84.9,78.7,82.0,50.2,83.9,,,-1.3,,0.6,-6.7,,-7.2,2.4,1.7,2.0,0.9,3.5,,,9.5,,4.6,2.1,,4.7,1.1,-5.8,-5.3,1.6,4.2,,,-22.3,,-6.6,-3.1,,0.8,-4.6,6.3,0.1,-1.0,7.1,,,-1.52,,-1.85,-3.94,,0.11,-0.41,2.71,0.13,-16.93,2.02,,,0.389,0.74,0.573,0.747,0.887,0.8420000000000001,0.523,19.1,24.4,-1.3,1.3,28 - 30,-18.9,4.3,-0.2,0.35600000000000004,0.35600000000000004,0.287,0.191,0.57,0.239,0.187,0.081,,0.064,0.321,0.076,0.016,0.001,,0.17800000000000002,0.264,,83.5,,79.5,94.1,89.6,85.7,51.7,,93.8,84.8,,3.2,,2.0,-1.1,0.9,-6.0,1.5,,-6.9,2.8,,2.6,,-7.8,8.4,3.8,0.2,-3.5,,3.5,-0.4,,7.4,,5.6,-24.2,-7.5,-2.8,-0.8,,0.7,-1.6,,2.06,,1.96,-1.69,-2.19,-3.91,-19.97,,0.09,-0.14,,0.391,0.733,0.5720000000000001,0.75,0.8859999999999999,0.8420000000000001,0.53,19.1,,108,54,56,95,93,71,100,1.02,104,94,44,87,103,119,120,109,75,86.0,12.2,32,0.028999999999999998,110.8,299,0.275,1086,0.126,0.21600000000000003,0.256,0.356,0.287,5.0
643565,"Tauchman, Mike",L,69.014146046,34.25429639068597,6.541310166651702,3.202076700408881,0.4238124614435534,-1.869892205227303,29.596187679455284,31.46607988468257,31.069273602205232,1621,Mike Tauchman,- - -,33,310,970,1136,247,174,47,2,24,158,117,148,1,242,12,5,1,15,13,3,0.255,305,268,160,19,4847,1903,2944,17,1,0,0.13,0.213,0.61,0.359,0.381,0.74,0.127,0.315,0.011399999999999999,0.218,0.41600000000000004,0.366,0.071,0.09,0.055999999999999994,0.0,0.33,15.1,150,15.2,-0.9,34.8,-10.4,40.3,4.1,$32.7,4.1,111,1.95,-18.64,20.59,37.37,3.78,0.99,1.11,55,2.09,-0.12,0.536,93.7,0.158,84.8,0.078,89.7,0.086,79.6,0.11199999999999999,86.1,0.028999999999999998,87.2,,,0.002,,1.4,6.8,4.6,-1.9,7.5,0.6,,0.05,0.89,1.2,-0.45,1.38,0.45,,0.25,0.693,0.447,0.6679999999999999,0.846,0.79,0.444,0.614,0.094,-2.2,0.39299999999999996,,0.086,0.026000000000000002,0.001,0.13699999999999998,0.157,0.068,0.017,0.002,0.113,,,,94.1,,90.1,86.6,82.6,93.0,84.7,78.8,81.9,53.2,86.1,,,-3.3,,0.4,-5.8,-4.2,-5.0,1.2,4.0,3.7,-1.4,-7.8,,,9.1,,5.0,2.7,0.2,4.4,1.1,-5.4,-5.2,8.5,3.1,,,4.5,,4.3,0.9,-0.4,-2.1,5.3,-1.3,-0.2,-0.4,5.5,,,0.24,,1.04,0.7,-14.99,-0.32,0.7,-0.38,-0.23,-3.83,1.01,,,0.209,0.6509999999999999,0.447,0.5870000000000001,0.8440000000000001,0.7879999999999999,0.539,18.1,-11.3,-1.1,2.6,32 - 34,13.0,3.8,0.7,0.35700000000000004,0.35600000000000004,0.287,0.17,0.535,0.294,0.364,0.111,0.0,0.083,0.39899999999999997,0.087,0.027000000000000003,,,0.131,0.162,,86.3,72.8,79.5,94.1,90.4,86.3,,,93.1,84.8,,-7.5,3.3,4.5,-3.1,0.7,-5.2,,,-4.6,1.4,,1.9,-8.8,-6.8,8.2,4.2,1.5,,,3.3,-0.1,,6.3,0.0,-0.8,2.6,3.6,-0.3,,,-0.4,5.7,,1.18,-3.94,-0.21,0.14,0.87,-0.26,,,-0.07,0.72,,0.214,0.648,0.447,0.599,0.8420000000000001,0.7879999999999999,0.537,18.1,,103,154,95,113,93,78,107,1.1,98,96,73,87,102,118,108,103,91,88.8,13.2,48,0.065,111.1,293,0.39899999999999997,734,0.16,0.254,0.247,0.392,0.332,4.5
665926,"Giménez, Andrés",L,68.682050589,31.853587341758985,9.69978780177993,0.934356110176258,0.5029213483146072,4.933224027441852,30.01412657771033,25.08090255026848,28.80583684442933,2225,Andres Gimenez,- - -,25,406,1469,1618,356,258,60,7,31,179,160,83,4,275,46,12,8,29,72,13,0.242,555,397,235,42,6205,1967,4238,44,27,10,0.051,0.17,0.3,0.301,0.356,0.657,0.114,0.277,0.013999999999999999,0.198,0.46799999999999997,0.33399999999999996,0.106,0.078,0.079,0.37,0.289,-32.6,160,-27.7,34.0,49.5,6.4,74.9,7.6,$60.7,6.3,85,-0.72,-28.12,27.4,-26.35,-2.59,1.01,1.42,8,-2.85,2.14,0.478,93.6,0.21,84.0,0.081,88.9,0.087,79.8,0.113,85.8,0.028999999999999998,86.6,0.0,80.0,0.003,,-11.8,-9.7,-4.3,3.2,-4.8,0.3,-0.2,-0.4,-0.74,-0.85,0.59,-0.68,0.15,-5.91,0.41100000000000003,0.7120000000000001,0.54,0.687,0.863,0.7859999999999999,0.429,0.619,0.115,7.6,0.34,,0.086,0.027999999999999997,0.0,0.135,0.20199999999999999,0.077,0.017,0.001,0.115,,0.0,,94.0,,89.0,86.5,79.6,92.7,84.3,79.0,81.9,39.5,85.8,,80.1,-2.5,,0.3,-6.6,-5.3,0.0,0.7,2.4,3.2,6.6,-7.9,,-4.2,9.2,,4.7,1.9,-0.2,4.3,0.9,-5.0,-5.7,5.2,3.3,,-3.2,-5.8,,-2.3,-1.0,0.5,-12.5,-10.3,-0.9,1.5,0.3,-5.0,,-0.2,-0.27,,-0.44,-0.59,54.43,-1.5,-0.82,-0.18,1.38,8.06,-0.71,,-6.02,0.375,0.695,0.54,0.635,0.862,0.7859999999999999,0.516,18.3,40.3,6.1,0.2,24 - 26,-20.1,5.2,0.8,0.406,0.34600000000000003,0.248,0.196,0.557,0.247,0.24,0.12,,0.085,0.336,0.087,0.023,0.0,,0.136,0.214,,85.7,,79.7,94.1,89.5,85.8,80.0,,92.8,84.2,,-7.5,,3.5,-2.3,0.4,-5.7,-4.4,,0.0,0.6,,1.8,,-7.2,8.2,3.8,0.9,-4.5,,3.2,-0.4,,-5.7,,1.2,-5.0,-3.2,0.6,-0.2,,-12.2,-11.0,,-0.77,,0.22,-0.24,-0.6,0.4,-6.02,,-1.45,-0.83,,0.374,0.6940000000000001,0.539,0.64,0.86,0.7859999999999999,0.517,18.3,,100,62,75,96,88,71,95,1.01,112,87,65,99,99,103,124,106,78,85.8,10.9,47,0.039,109.6,337,0.278,1214,0.13699999999999998,0.252,0.251,0.365,0.301,7.6
669257,"Smith, Will",R,68.665604214,34.53231402926204,11.69298097043814,0.8264552434160792,0.6123911930363548,-1.8253274820828875,31.016282834697584,32.84161031678049,27.82907639484417,1953,Will Smith,LAD,29,364,1302,1534,346,220,65,5,56,221,212,178,9,283,29,25,0,23,6,4,0.266,361,478,204,28,6498,2494,4004,26,0,0,0.11599999999999999,0.184,0.63,0.36,0.452,0.813,0.187,0.294,0.0076,0.196,0.34600000000000003,0.45799999999999996,0.059000000000000004,0.11699999999999999,0.07200000000000001,0.0,0.351,46.0,229,44.9,-10.1,46.9,22.7,103.8,10.6,$84.4,3.3,124,4.75,-25.31,30.06,43.48,4.58,1.02,2.74,23,5.71,-1.07,0.517,94.3,0.237,85.3,0.077,89.6,0.075,80.5,0.075,86.1,0.017,87.1,0.002,76.3,0.006,,9.9,18.5,5.6,2.2,9.5,0.2,-0.6,0.29,1.21,1.12,0.46,1.96,0.18,-4.4,0.272,0.665,0.43799999999999994,0.72,0.873,0.818,0.42200000000000004,0.595,0.08,-5.2,0.337,,0.08,0.017,0.002,0.175,0.23399999999999999,0.062,0.016,0.001,0.07400000000000001,,0.002,,94.7,,89.8,87.1,83.0,93.8,85.0,80.0,82.4,45.6,86.1,,76.3,-2.1,,0.2,-3.8,-2.5,-5.0,2.6,0.5,2.0,0.9,1.7,,-7.0,9.1,,4.6,2.5,2.6,4.5,1.3,-4.8,-4.5,7.2,3.1,,-1.5,4.1,,3.6,1.1,0.2,4.4,19.8,4.4,-2.2,-0.3,8.8,,-0.6,0.19,,0.7,0.95,1.79,0.38,1.31,1.11,-2.13,-4.38,1.83,,-4.31,0.235,0.627,0.43799999999999994,0.6729999999999999,0.867,0.8170000000000001,0.519,19.2,12.7,-3.5,1.1,28 - 30,39.7,4.6,2.2,0.35200000000000004,0.374,0.27399999999999997,0.126,0.521,0.354,0.337,0.075,,0.07,0.336,0.073,0.017,0.002,,0.179,0.248,,85.5,,80.4,94.6,90.0,86.5,76.4,,93.8,85.2,,1.7,,1.1,-1.8,0.5,-3.3,-6.5,,-4.6,3.2,,1.9,,-6.6,8.1,3.9,1.1,-3.3,,3.3,0.0,,6.6,,2.8,6.5,7.6,3.5,-0.6,,1.1,16.0,,1.37,,0.61,0.3,1.6,3.29,-4.31,,0.09,1.0,,0.23600000000000002,0.622,0.43700000000000006,0.674,0.868,0.818,0.522,19.2,-14.7,107,136,83,113,111,117,99,0.98,81,123,97,86,107,113,80,100,110,89.9,17.5,101,0.09699999999999999,110.8,451,0.43200000000000005,1044,0.179,0.258,0.253,0.462,0.353,11.8
681082,"Stott, Bryson",L,68.611100985,32.308289702031644,6.844109246532922,3.019122077292159,0.4930939226519334,1.932133574325196,27.090263958414468,25.158130384089255,24.93265154704158,2172,Bryson Stott,PHI,26,446,1590,1771,416,297,73,7,39,209,185,146,3,284,11,21,3,23,87,11,0.262,572,482,264,34,7446,2597,4849,46,12,7,0.08199999999999999,0.16,0.51,0.324,0.39,0.714,0.128,0.293,0.011899999999999999,0.2,0.434,0.366,0.071,0.081,0.08,0.583,0.312,-3.2,208,-8.8,17.8,54.2,6.7,88.6,9.0,$71.8,5.9,96,1.91,-29.18,31.1,4.17,0.47,0.99,1.76,32,-0.46,2.39,0.5529999999999999,94.1,0.151,84.3,0.064,89.5,0.08900000000000001,80.4,0.107,86.5,0.034,86.1,0.001,78.5,0.002,,-0.5,13.1,-5.4,0.3,-1.8,-2.5,0.9,-0.01,1.16,-1.13,0.05,-0.22,-0.98,8.39,0.303,0.581,0.429,0.7929999999999999,0.902,0.86,0.45399999999999996,0.605,0.06,13.4,0.39799999999999996,,0.07,0.034,0.001,0.149,0.145,0.08,0.015,0.001,0.105,,0.001,,94.4,,90.0,86.3,82.2,93.4,84.2,79.9,82.4,54.0,86.5,,78.4,-2.7,,0.2,-6.6,-6.1,-2.3,0.5,3.3,3.1,-2.3,-7.8,,-1.0,9.3,,5.2,1.8,1.3,4.5,1.2,-5.0,-5.6,8.0,3.0,,-2.4,1.4,,-9.3,-1.0,-0.6,-2.7,14.0,1.7,0.0,-0.5,-2.6,,0.9,0.05,,-1.78,-0.39,-7.92,-0.25,1.31,0.28,-0.03,-6.74,-0.34,,8.44,0.282,0.556,0.429,0.768,0.9,0.8590000000000001,0.536,19.1,24.5,9.5,3.4,25 - 27,4.6,5.3,0.6,0.32899999999999996,0.365,0.306,0.147,0.5670000000000001,0.28600000000000003,0.265,0.106,0.001,0.084,0.395,0.069,0.034,0.001,,0.152,0.158,,86.4,76.7,80.2,94.4,90.2,85.9,78.1,,93.4,84.3,,-7.5,4.9,4.0,-2.5,0.4,-6.0,-0.8,,-2.2,0.6,,1.7,-9.4,-7.0,8.3,4.4,0.6,-3.7,,3.3,-0.2,,-4.4,0.0,0.8,3.3,-6.2,0.1,0.9,,-4.2,10.0,,-0.56,0.75,0.13,0.11,-1.21,0.05,8.44,,-0.37,0.86,,0.284,0.5529999999999999,0.429,0.77,0.898,0.8590000000000001,0.5379999999999999,19.1,,105,97,72,102,96,80,99,1.0,101,98,67,81,104,126,93,109,89,87.6,12.8,59,0.044000000000000004,110.7,426,0.32,1330,0.22,0.28,0.256,0.386,0.312,8.3
668930,"Turang, Brice",L,68.561666225,30.540589353229247,4.368545852437015,6.180306293050282,0.3669064748201441,3.8637461520520366,32.08284059974074,28.219094447688715,25.97420946919198,2363,Brice Turang,MIL,24,448,1547,1726,398,297,61,9,31,215,172,154,3,349,5,10,10,20,100,18,0.257,559,372,248,23,7044,2507,4537,41,39,19,0.08900000000000001,0.20199999999999999,0.44,0.325,0.368,0.693,0.111,0.312,0.015,0.21,0.474,0.316,0.062,0.083,0.073,0.48700000000000004,0.306,-11.3,194,-11.8,1.0,52.7,6.6,66.5,6.8,$54.6,6.3,95,-1.6,-30.82,29.22,4.21,0.55,1.01,1.08,20,-0.79,-0.8,0.509,93.9,0.17300000000000001,84.6,0.067,89.8,0.10800000000000001,80.1,0.10400000000000001,86.7,0.04,86.6,,,0.003,,-14.5,1.0,13.6,2.4,-0.3,-8.8,,-0.41,0.08,2.88,0.31,-0.04,-3.16,,0.299,0.644,0.457,0.743,0.8909999999999999,0.838,0.45799999999999996,0.615,0.07400000000000001,12.8,0.35700000000000004,,0.067,0.038,0.0,0.14800000000000002,0.174,0.08800000000000001,0.022000000000000002,0.001,0.105,0.0,,,94.2,,90.3,86.5,83.8,93.1,84.6,79.7,80.7,57.6,86.6,80.6,,-2.9,,0.4,-6.5,-6.0,-2.2,0.7,3.4,3.6,-5.0,-7.9,-6.0,,9.0,,5.3,1.5,-2.5,4.4,1.1,-5.5,-5.7,9.2,3.2,-2.8,,-14.4,,11.7,-9.0,-0.2,-2.6,3.9,-2.3,3.7,-0.5,-0.6,0.0,,-0.57,,2.48,-3.35,-8.82,-0.25,0.32,-0.37,2.39,-7.75,-0.08,-0.03,,0.259,0.624,0.457,0.701,0.885,0.8370000000000001,0.542,18.2,7.6,9.3,1.2,23 - 25,1.0,5.2,0.0,0.278,0.387,0.336,0.138,0.5760000000000001,0.28600000000000003,0.309,0.10800000000000001,,0.10300000000000001,0.35700000000000004,0.076,0.034,,0.0,0.14300000000000002,0.17800000000000002,,86.6,,79.8,94.2,90.3,86.3,,82.2,93.0,84.4,,-7.7,,4.0,-2.6,0.6,-5.8,,-5.6,-2.2,0.8,,1.7,,-7.4,8.0,4.2,0.4,,-2.4,3.1,-0.3,,-1.6,,1.6,-15.3,12.7,-7.5,,0.0,-2.7,2.4,,-0.22,,0.22,-0.61,2.38,-3.1,,0.68,-0.27,0.19,,0.261,0.621,0.457,0.706,0.883,0.8370000000000001,0.544,18.2,,104,105,91,102,91,70,106,1.06,111,84,70,68,110,138,88,111,89,88.1,8.7,55,0.045,111.2,431,0.354,1218,0.18,0.254,0.251,0.371,0.307,6.9
543760,"Semien, Marcus",R,68.45040499,33.263766402234545,14.274592196858404,-5.213287663121895,0.5764031134780827,3.32873657681351,30.637769160392818,27.309032583579317,23.698365931407963,2441,Marcus Semien,TEX,33,448,1790,2005,447,290,83,7,67,285,236,186,3,308,13,15,0,22,33,7,0.25,539,671,287,75,7505,2837,4668,52,0,0,0.09300000000000001,0.154,0.6,0.322,0.416,0.739,0.166,0.266,0.008,0.192,0.36,0.44799999999999995,0.11199999999999999,0.1,0.096,0.0,0.321,12.0,251,18.8,28.0,61.4,6.7,127.0,12.9,$102.9,5.0,108,-0.83,-33.7,32.87,30.52,3.05,0.96,,0,1.32,-2.18,0.462,94.0,0.266,84.7,0.08800000000000001,88.8,0.063,80.1,0.09699999999999999,84.8,0.024,87.1,,,0.002,,6.5,7.5,0.9,7.5,4.3,-0.5,,0.19,0.37,0.14,1.57,0.59,-0.31,,0.278,0.778,0.486,0.635,0.904,0.8140000000000001,0.41600000000000004,0.608,0.09,5.7,0.298,,0.085,0.022000000000000002,0.001,0.161,0.271,0.051,0.013000000000000001,0.0,0.099,,,,94.1,,89.0,87.0,81.6,93.8,84.8,79.2,82.3,37.7,84.9,,,-2.1,,0.7,-5.8,-6.7,-5.6,2.4,1.1,3.5,1.4,0.9,,,9.4,,4.6,1.9,-1.1,4.6,1.1,-5.7,-5.1,4.7,3.4,,,-4.7,,-1.6,-4.1,0.1,9.5,5.8,1.2,3.8,-0.2,7.1,,,-0.21,,-0.25,-2.47,1.49,0.79,0.29,0.32,3.91,-22.48,0.96,,,0.23800000000000002,0.726,0.486,0.5539999999999999,0.895,0.813,0.509,18.3,34.7,0.1,3.1,32 - 34,24.5,6.5,1.7,0.49,0.313,0.19699999999999998,0.154,0.513,0.33299999999999996,0.28,0.099,0.0,0.057,0.293,0.08800000000000001,0.02,,,0.16399999999999998,0.278,0.001,85.0,77.4,79.7,94.3,89.2,86.4,,,93.9,84.8,90.4,0.9,5.1,1.7,-1.9,1.1,-5.6,,,-5.0,2.9,0.0,1.9,-8.7,-7.6,8.4,3.5,0.5,,,3.4,-0.2,0.0,5.0,-0.3,6.4,3.0,-6.4,-3.6,,,5.6,6.7,0.1,0.67,-25.28,1.49,0.13,-0.97,-2.38,,,0.46,0.32,0.86,0.23600000000000002,0.728,0.486,0.562,0.892,0.8140000000000001,0.508,18.3,,103,112,67,103,103,104,91,0.98,86,116,83,119,90,82,97,98,104,88.0,18.4,99,0.066,112.1,536,0.358,1498,0.136,0.22699999999999998,0.252,0.414,0.325,12.8
663538,"Hoerner, Nico",R,68.419346922,32.9409895605796,5.2828365303133245,-1.4400603710372195,0.45385266723116,-2.1279802039485403,27.6264698987189,29.75445010266742,27.418502586707007,2362,Nico Hoerner,CHC,27,457,1800,1978,512,389,91,9,23,273,177,132,2,198,33,12,1,24,103,19,0.284,734,538,341,56,7161,2364,4797,63,2,1,0.067,0.1,0.67,0.342,0.383,0.726,0.099,0.307,0.013600000000000001,0.21100000000000002,0.455,0.33399999999999996,0.10400000000000001,0.043,0.086,0.5,0.32,9.5,245,11.2,28.4,60.5,7.6,130.0,13.2,$105.7,6.3,105,3.95,-30.55,34.5,34.03,3.48,0.96,4.94,1,1.3,2.83,0.51,93.9,0.243,84.8,0.07400000000000001,88.9,0.087,80.2,0.07,85.7,0.016,87.1,,,0.001,,14.5,-0.7,2.7,-0.2,8.7,2.4,,0.4,-0.04,0.52,-0.03,1.74,2.09,,0.34700000000000003,0.637,0.473,0.8059999999999999,0.955,0.893,0.435,0.626,0.05,16.4,0.28800000000000003,,0.075,0.015,0.001,0.21899999999999997,0.24100000000000002,0.077,0.012,0.001,0.071,,,,94.1,,89.1,86.9,83.2,93.8,84.8,79.8,81.9,50.0,85.7,,,-2.2,,0.7,-5.9,-4.5,-6.0,2.5,1.6,2.6,0.1,0.0,,,9.2,,4.7,1.8,1.6,4.6,1.2,-5.0,-5.1,8.6,3.3,,,7.8,,2.9,2.2,0.0,1.9,-3.7,-2.9,2.3,-0.3,7.9,,,0.38,,0.54,2.08,0.22,0.12,-0.22,-0.53,2.62,-5.2,1.56,,,0.315,0.613,0.473,0.767,0.9490000000000001,0.892,0.53,17.8,36.0,8.7,8.1,26 - 28,27.6,5.9,0.8,0.34600000000000003,0.377,0.27699999999999997,0.188,0.578,0.23399999999999999,0.17800000000000002,0.07,0.001,0.081,0.285,0.076,0.016,0.0,,0.21899999999999997,0.252,,85.4,77.5,80.0,94.3,89.5,86.7,61.1,,93.9,84.8,,0.1,4.4,2.0,-2.0,0.8,-5.2,-5.6,,-5.8,2.9,,2.0,-9.3,-6.9,8.3,3.7,0.6,5.1,,3.5,0.0,,7.4,0.2,1.7,14.4,1.6,2.5,0.5,,-3.7,-6.2,,1.48,3.88,0.29,0.7,0.29,2.16,48.81,,-0.23,-0.35,,0.313,0.615,0.473,0.769,0.9470000000000001,0.892,0.529,17.8,,115,78,45,107,94,62,104,1.06,106,89,35,85,108,114,120,111,73,86.4,11.1,29,0.018000000000000002,110.1,492,0.305,1615,0.195,0.245,0.282,0.37,0.318,13.1
670623,"Paredes, Isaac",R,68.40807685,32.53740363575507,14.941401253299862,-16.388085063340753,0.5465867158671589,6.305565795611728,38.2831625587445,31.97759676313277,25.299352639892,2168,Isaac Paredes,- - -,25,398,1412,1650,348,212,64,2,70,188,231,184,2,285,45,9,0,38,2,2,0.246,353,529,254,101,7165,2697,4468,20,0,0,0.11199999999999999,0.17300000000000001,0.65,0.35,0.443,0.793,0.197,0.261,0.0067,0.22399999999999998,0.311,0.466,0.191,0.132,0.057,0.0,0.346,43.8,240,50.8,-2.1,50.5,0.2,99.0,10.1,$80.4,1.8,126,2.52,-28.08,30.6,49.56,5.24,0.98,2.14,10,4.77,-2.21,0.47200000000000003,94.2,0.267,84.8,0.07400000000000001,89.0,0.079,79.7,0.08199999999999999,85.2,0.026000000000000002,86.8,,,0.002,,23.3,11.7,-1.1,-2.2,4.2,-0.5,,0.69,0.61,-0.21,-0.39,0.72,-0.28,,0.295,0.6579999999999999,0.44,0.735,0.91,0.8390000000000001,0.4,0.5920000000000001,0.071,-5.7,0.28600000000000003,,0.073,0.023,0.0,0.18600000000000003,0.265,0.065,0.017,0.0,0.083,,,,94.5,,89.0,86.3,83.3,93.9,84.8,79.0,81.9,47.1,85.3,,,-2.8,,0.8,-6.7,-4.7,-6.5,2.6,2.7,3.9,-3.0,-1.3,,,9.5,,4.7,1.7,0.4,4.5,1.0,-5.3,-5.7,6.8,3.5,,,8.4,,-4.6,-2.0,-0.2,11.8,12.4,2.2,-2.5,0.8,5.7,,,0.41,,-0.88,-1.23,-9.8,0.88,0.65,0.46,-2.06,27.3,0.95,,,0.261,0.617,0.44,0.688,0.9009999999999999,0.838,0.503,18.5,-1.9,-3.7,-3.3,24 - 26,45.1,5.4,-0.1,0.55,0.27899999999999997,0.171,0.19,0.526,0.28300000000000003,0.327,0.083,,0.07400000000000001,0.27899999999999997,0.07200000000000001,0.022000000000000002,,,0.19,0.27899999999999997,0.001,85.4,,79.5,94.5,89.4,86.0,,,94.0,84.9,80.9,-1.3,,3.4,-2.4,1.1,-5.8,,,-6.1,3.2,0.0,1.9,,-7.4,8.4,3.8,0.2,,,3.3,-0.4,0.0,6.8,,-1.3,14.2,-4.1,-2.3,,,8.6,11.8,0.0,1.14,,-0.25,0.71,-0.8,-1.49,,,0.63,0.59,0.81,0.255,0.622,0.439,0.6779999999999999,0.905,0.8390000000000001,0.501,18.5,,101,135,76,112,109,122,90,1.14,74,121,109,134,80,71,120,101,89,86.3,22.5,62,0.055,107.7,333,0.293,1136,0.184,0.254,0.227,0.366,0.314,9.9
643217,"Benintendi, Andrew",L,68.087657475,33.59626763317379,13.838449247687729,-0.6261415317035584,0.5555555555555556,1.7972686445071413,33.16828493584711,31.371016291339973,22.47334040999809,2016,Andrew Benintendi,CHW,29,402,1459,1613,357,238,70,4,45,179,172,133,8,267,7,12,1,29,17,4,0.245,446,494,259,42,6071,2218,3853,23,6,3,0.08199999999999999,0.166,0.5,0.309,0.391,0.699,0.146,0.269,0.009000000000000001,0.21600000000000003,0.37200000000000005,0.41200000000000003,0.085,0.091,0.052000000000000005,0.5,0.304,-13.7,179,-11.6,-26.5,49.4,-20.0,-3.1,-0.3,($2.5),3.8,94,1.08,-27.38,28.46,2.04,0.24,1.01,2.43,20,-1.05,2.12,0.485,93.7,0.185,84.4,0.08900000000000001,89.2,0.076,80.0,0.126,85.7,0.039,87.2,,,0.006,,-3.7,-4.7,4.0,-5.3,0.6,-2.8,,-0.13,-0.42,0.73,-1.14,0.08,-1.2,,0.31,0.7170000000000001,0.488,0.715,0.862,0.81,0.43799999999999994,0.604,0.09300000000000001,0.4,0.34299999999999997,,0.09300000000000001,0.042,,0.136,0.18100000000000002,0.068,0.013000000000000001,0.001,0.12300000000000001,0.0,,,94.0,,89.8,86.7,,92.9,84.3,79.7,81.6,45.2,85.7,86.3,,-3.2,,0.3,-7.0,,-2.5,0.5,3.0,4.4,-3.5,-8.1,-10.0,,9.2,,4.8,2.0,,4.4,0.9,-5.3,-5.3,9.9,3.0,5.8,,-4.6,,1.4,-2.6,,-0.9,-5.8,-2.5,-1.6,-0.3,-0.3,0.0,,-0.22,,0.26,-1.02,,-0.11,-0.53,-0.61,-1.96,-8.41,-0.04,3.51,,0.273,0.684,0.488,0.684,0.855,0.81,0.524,18.1,-46.6,-1.0,2.4,28 - 30,-11.2,5.3,-0.5,0.408,0.345,0.24600000000000002,0.152,0.565,0.28300000000000003,0.276,0.127,,0.077,0.342,0.09,0.034,,,0.138,0.192,,85.9,,80.1,94.1,90.1,86.1,,,93.1,84.6,,-7.9,,4.1,-3.0,0.7,-6.1,,,-2.3,0.5,,1.6,,-7.0,8.2,4.0,1.0,,,3.1,-0.2,,-1.6,,-4.1,-5.2,1.6,-1.1,,,-1.0,-6.2,,-0.21,,-0.87,-0.25,0.29,-0.51,,,-0.11,-0.53,,0.273,0.685,0.488,0.685,0.855,0.81,0.523,18.1,,100,100,73,98,97,91,92,1.1,89,106,77,99,99,102,96,108,89,87.4,16.6,76,0.063,109.5,388,0.322,1206,0.145,0.23800000000000002,0.251,0.405,0.314,0.3
656716,"McKinstry, Zach",L,67.543776075,37.835734607238166,11.199323196354936,0.4547320200871546,0.428247305728871,0.9662615274808212,28.26769255815743,27.3014310306766,25.388808922139305,1763,Zach McKinstry,DET,29,410,1213,1354,288,185,58,20,25,160,107,114,1,293,14,10,3,12,51,11,0.237,338,366,224,21,5402,1936,3466,18,5,0,0.084,0.21600000000000003,0.39,0.308,0.38,0.688,0.143,0.291,0.0092,0.24100000000000002,0.364,0.39399999999999996,0.057,0.068,0.053,0.0,0.301,-14.8,147,-13.3,7.0,41.5,1.6,51.9,5.3,$42.3,7.5,92,-2.28,-22.57,20.3,-30.44,-3.1,0.94,1.51,61,-2.99,0.57,0.503,93.9,0.17800000000000002,84.2,0.08,89.4,0.09300000000000001,79.8,0.111,85.8,0.035,87.0,,,0.002,,-10.8,-3.0,2.3,-0.1,3.9,-0.3,,-0.4,-0.31,0.52,-0.03,0.65,-0.18,,0.309,0.674,0.469,0.6659999999999999,0.888,0.8059999999999999,0.439,0.603,0.091,10.5,0.38299999999999995,,0.077,0.033,,0.11800000000000001,0.18,0.078,0.018000000000000002,0.001,0.11199999999999999,0.0,,,94.2,,89.7,86.6,,93.0,84.4,79.2,81.5,46.1,85.9,81.4,,-3.9,,0.5,-6.8,,-3.7,1.7,3.8,3.9,1.6,-8.6,-3.6,,9.0,,4.9,1.4,,4.0,1.2,-5.4,-6.2,8.1,3.5,-0.6,,-16.8,,2.4,-0.1,,3.2,-5.2,-0.4,0.6,1.5,1.8,-0.2,,-0.82,,0.59,-0.07,,0.5,-0.53,-0.09,0.64,25.61,0.29,-19.96,,0.28300000000000003,0.639,0.469,0.609,0.885,0.805,0.523,18.2,8.6,3.3,1.8,28 - 30,-2.7,4.6,1.9,0.397,0.35,0.253,0.14,0.586,0.273,0.319,0.11599999999999999,,0.091,0.384,0.077,0.027999999999999997,,0.0,0.11699999999999999,0.18600000000000003,,86.2,,79.8,94.2,89.7,86.0,,81.5,93.2,84.4,,-8.2,,4.7,-3.5,0.9,-6.1,,-3.5,-3.7,1.8,,2.0,,-7.2,8.1,3.9,0.8,,-1.8,2.9,0.0,,2.3,,1.5,-17.5,3.5,0.0,,-0.2,4.4,-6.9,,0.37,,0.3,-0.85,0.84,0.02,,-19.96,0.7,-0.69,,0.28600000000000003,0.636,0.469,0.614,0.884,0.805,0.523,18.2,,97,102,95,98,94,88,100,1.23,88,102,56,96,101,105,89,112,85,86.8,16.6,58,0.062,108.7,300,0.322,933,0.17,0.261,0.244,0.381,0.308,5.0
672695,"Perdomo, Geraldo",R,67.458063654,35.35555974867667,8.158103372901397,-1.6215062630826191,0.4977753058954393,7.5297918074036945,24.6850434154435,17.155251608039812,26.009836909688925,1798,Geraldo Perdomo,ARI,24,403,1341,1603,365,251,74,11,29,230,184,194,2,227,19,20,29,18,52,11,0.272,428,448,231,60,6654,2572,4082,29,56,14,0.121,0.142,0.85,0.367,0.409,0.776,0.136,0.304,0.0096,0.209,0.387,0.405,0.134,0.065,0.068,0.25,0.342,35.7,226,32.2,1.2,49.0,16.5,112.1,11.4,$91.4,6.0,117,3.97,-24.75,28.72,40.41,4.15,0.98,1.25,18,2.67,1.39,0.525,94.3,0.16399999999999998,84.9,0.075,89.6,0.106,80.2,0.099,85.8,0.028999999999999998,86.4,0.002,78.5,0.001,,17.1,3.6,8.8,8.6,5.5,1.1,-0.3,0.49,0.33,1.76,1.22,0.84,0.59,-3.48,0.217,0.593,0.389,0.7829999999999999,0.9309999999999999,0.887,0.45899999999999996,0.586,0.044000000000000004,8.4,0.39299999999999996,,0.073,0.028999999999999998,0.002,0.13,0.166,0.08900000000000001,0.018000000000000002,0.0,0.09699999999999999,,0.002,,94.4,,90.0,86.6,82.4,93.6,84.9,79.6,82.2,48.3,85.7,,78.5,-2.5,,0.4,-5.3,-5.1,-3.5,1.8,3.2,3.4,-3.2,-3.5,,-3.6,9.1,,5.0,2.3,0.5,4.5,1.1,-5.6,-4.9,5.6,2.8,,-2.5,7.3,,6.9,0.3,-0.2,5.8,5.0,5.9,0.8,0.8,6.5,,-0.4,0.28,,1.43,0.13,-2.18,0.67,0.45,0.99,0.65,77.08,1.01,,-3.52,0.192,0.5489999999999999,0.38799999999999996,0.736,0.9279999999999999,0.885,0.551,18.1,17.7,2.5,4.7,23 - 25,40.6,4.7,3.1,0.41600000000000004,0.32899999999999996,0.255,0.16899999999999998,0.568,0.263,0.281,0.1,0.0,0.10099999999999999,0.389,0.081,0.027999999999999997,0.001,,0.127,0.172,,85.6,77.1,79.9,94.5,90.2,86.3,77.8,,93.6,84.9,,-3.5,5.7,3.4,-2.3,0.7,-5.1,-4.2,,-3.4,2.2,,1.4,-9.9,-7.2,8.1,4.2,0.7,-3.5,,3.2,-0.3,,3.8,0.0,7.0,10.4,7.5,2.4,-0.4,,4.9,2.3,,0.57,-0.03,1.04,0.4,1.4,1.29,-4.12,,0.58,0.2,,0.193,0.55,0.389,0.7390000000000001,0.9279999999999999,0.8859999999999999,0.5489999999999999,18.1,,110,141,64,115,101,86,103,1.05,91,108,55,102,94,105,107,109,82,86.9,16.0,45,0.039,109.8,311,0.267,1163,0.21600000000000003,0.26,0.243,0.355,0.316,11.7
686217,"Frelick, Sal",L,67.313079195,28.7830506459142,7.064823019474387,-0.4132218534410764,0.4649947753396029,-3.822715506978019,25.79732170038364,29.62003720736165,28.297572400513356,1914,Sal Frelick,MIL,24,344,1194,1341,322,246,51,8,17,171,119,114,0,195,12,9,5,14,44,9,0.27,472,334,189,53,5237,1890,3347,32,18,9,0.085,0.145,0.58,0.337,0.369,0.706,0.099,0.308,0.0141,0.19,0.474,0.336,0.159,0.051,0.068,0.5,0.313,0.0,159,-0.3,21.1,40.9,-11.4,61.1,6.2,$49.9,6.0,100,-1.1,-22.5,21.4,3.81,0.31,1.0,1.73,22,-0.36,-0.74,0.502,93.8,0.188,84.6,0.08900000000000001,89.5,0.098,80.1,0.087,86.3,0.035,87.0,,,0.0,,8.7,-4.8,-0.5,-1.4,3.8,2.4,,0.33,-0.49,-0.11,-0.27,0.83,1.32,,0.307,0.5760000000000001,0.425,0.818,0.935,0.888,0.439,0.588,0.048,6.9,0.34600000000000003,,0.08800000000000001,0.032,0.0,0.151,0.187,0.087,0.018000000000000002,0.002,0.09,0.0,,,94.3,,89.8,86.8,82.3,93.1,84.7,79.6,81.8,55.0,86.2,82.3,,-2.9,,0.6,-6.5,-3.3,-2.1,1.4,3.7,2.9,-4.4,-7.4,-5.6,,9.0,,5.0,1.9,-1.0,4.3,1.3,-5.6,-5.2,8.0,3.4,0.8,,-1.3,,0.0,2.6,0.5,6.6,-4.7,-1.5,0.1,0.3,2.3,0.0,,-0.07,,0.0,1.6,23.45,0.84,-0.48,-0.33,0.12,2.93,0.49,2.1,,0.278,0.565,0.426,0.789,0.9329999999999999,0.888,0.517,18.4,9.6,2.4,2.2,23 - 25,6.6,4.0,0.5,0.366,0.376,0.258,0.247,0.555,0.198,0.243,0.09300000000000001,,0.09699999999999999,0.34600000000000003,0.09300000000000001,0.027000000000000003,,0.0,0.149,0.19399999999999998,,86.2,,79.9,94.2,89.8,85.9,,82.3,93.0,84.6,,-7.2,,4.3,-2.7,0.8,-5.8,,-5.9,-2.2,1.4,,1.8,,-7.4,8.0,4.1,0.9,,-0.4,2.9,-0.1,,2.2,,-1.6,-0.4,0.3,3.9,,0.0,5.2,-6.6,,0.46,,-0.32,-0.02,0.07,2.77,,2.1,0.66,-0.65,,0.282,0.56,0.426,0.7859999999999999,0.934,0.888,0.52,18.4,,109,100,65,106,91,63,105,0.95,111,90,43,90,107,106,157,106,62,84.3,10.5,21,0.021,109.1,240,0.235,1020,0.21,0.258,0.248,0.322,0.293,5.8
676391,"Clement, Ernie",R,67.172301821,32.76839199317415,11.113402071688636,-3.190898319123614,0.5829707893101306,8.961944347270892,31.310730970050333,22.34878662277943,27.491865574856316,1609,Ernie Clement,TOR,28,326,1029,1092,284,199,57,6,22,138,111,39,2,106,7,8,9,24,19,8,0.276,335,391,202,45,3475,1015,2460,31,12,1,0.036000000000000004,0.09699999999999999,0.37,0.305,0.407,0.712,0.131,0.288,0.0086,0.218,0.361,0.42100000000000004,0.115,0.055999999999999994,0.09300000000000001,0.083,0.307,-4.3,124,-2.2,15.6,33.2,5.0,57.8,5.9,$47.3,5.1,98,-0.76,-19.76,19.01,-8.47,-0.99,1.0,1.56,31,-2.26,1.5,0.456,93.6,0.258,84.7,0.092,88.7,0.07,80.3,0.102,84.8,0.021,86.3,,,0.001,,-1.3,1.4,-1.4,-2.9,0.5,0.7,,-0.08,0.15,-0.45,-1.21,0.14,0.9,,0.431,0.71,0.55,0.794,0.9359999999999999,0.873,0.428,0.6679999999999999,0.07,2.3,0.275,,0.095,0.018000000000000002,,0.171,0.256,0.063,0.012,0.003,0.106,,0.001,,94.2,,89.0,86.5,,93.6,84.7,79.9,82.3,48.0,84.7,,62.0,-1.3,,0.3,-4.8,,-4.0,2.6,0.8,2.8,-0.8,2.7,,-4.6,9.6,,4.6,1.6,,4.4,1.2,-5.7,-5.4,5.8,3.2,,-2.2,-7.7,,-1.9,1.2,,2.0,-1.8,-2.8,0.2,3.6,-0.1,,-0.2,-0.81,,-0.58,1.97,,0.34,-0.2,-1.27,0.47,32.85,-0.02,,-6.41,0.4,0.688,0.55,0.754,0.934,0.871,0.52,18.6,20.7,-1.2,-1.2,27 - 29,0.1,3.8,-1.2,0.449,0.331,0.22,0.182,0.5770000000000001,0.24100000000000002,0.153,0.10800000000000001,,0.069,0.275,0.099,0.013999999999999999,0.001,,0.171,0.263,0.0,84.7,,80.2,93.8,89.6,85.5,61.9,,93.6,84.5,83.9,2.3,,1.3,-1.0,0.6,-3.7,-4.1,,-4.0,3.2,0.0,1.6,,-7.4,8.5,3.9,0.3,-3.8,,3.2,-0.2,0.0,-0.4,,-2.0,-3.1,-2.2,1.1,-0.2,,0.9,-1.7,0.0,-0.11,,-0.84,-0.33,-0.63,2.2,-6.41,,0.14,-0.18,-4.04,0.402,0.687,0.55,0.75,0.937,0.871,0.519,18.6,,114,43,43,98,101,83,100,1.12,87,108,48,109,95,91,114,110,76,86.0,17.2,28,0.03,109.4,237,0.252,940,0.155,0.225,0.263,0.376,0.293,5.4
643396,"Kiner-Falefa, Isiah",R,66.907962626,31.965268659615827,5.485189211894862,2.462672659028206,0.408540471637986,1.753829278475467,30.474601069834943,28.72077179135948,27.44402119915166,1569,Isiah Kiner-Falefa,- - -,29,386,1222,1316,317,243,51,7,16,137,120,61,0,225,18,6,9,33,40,11,0.259,506,267,215,26,4798,1564,3234,38,24,8,0.046,0.171,0.27,0.303,0.352,0.655,0.092,0.305,0.019,0.218,0.512,0.27,0.09699999999999999,0.06,0.075,0.33299999999999996,0.288,-26.8,129,-26.5,4.2,40.2,7.1,32.7,3.3,$26.8,5.4,83,-2.23,-22.68,20.45,-23.91,-2.36,0.96,2.18,20,-3.73,1.42,0.504,93.9,0.239,84.7,0.079,89.2,0.077,80.1,0.076,85.2,0.025,86.3,0.0,76.0,0.003,,-19.8,-4.0,-9.4,3.9,-2.2,-0.9,0.0,-0.82,-0.35,-2.49,1.06,-0.62,-0.77,2.45,0.331,0.627,0.465,0.741,0.935,0.8590000000000001,0.452,0.627,0.065,3.8,0.295,,0.081,0.024,0.002,0.20600000000000002,0.237,0.064,0.016,,0.075,0.0,0.0,,94.1,,89.4,86.5,83.5,93.5,84.7,79.5,82.2,,85.2,85.3,76.1,-1.6,,0.6,-5.7,-6.8,-5.0,2.7,2.2,2.9,,1.1,-7.6,-8.9,9.5,,4.7,1.6,-0.8,4.7,1.1,-5.0,-5.2,,3.2,4.0,-3.3,-1.3,,-9.3,-1.0,-0.3,-18.8,-7.9,3.1,0.2,,-2.1,-0.1,0.1,-0.09,,-2.42,-0.87,-3.54,-1.91,-0.69,1.03,0.26,,-0.58,-14.05,2.52,0.31,0.595,0.465,0.7020000000000001,0.927,0.8590000000000001,0.545,18.0,11.3,1.1,0.9,28 - 30,-22.8,3.9,-2.2,0.369,0.38299999999999995,0.248,0.165,0.588,0.247,0.22899999999999998,0.078,0.001,0.071,0.28600000000000003,0.083,0.022000000000000002,0.0,,0.209,0.249,,85.3,81.8,79.8,94.3,89.7,85.6,76.4,,93.6,84.8,,0.7,3.6,2.5,-1.5,0.8,-4.8,-8.0,,-4.8,3.1,,1.7,-8.5,-7.0,8.5,4.0,0.2,-4.8,,3.6,-0.3,,-2.6,-0.2,2.0,-1.7,-7.8,-1.8,0.1,,-17.5,-7.8,,-0.69,-6.03,0.57,-0.13,-1.96,-1.7,2.52,,-1.74,-0.65,,0.309,0.594,0.466,0.695,0.9279999999999999,0.858,0.55,18.0,,106,55,76,96,87,58,104,1.1,121,71,50,90,110,102,104,112,77,86.3,6.8,22,0.022000000000000002,109.6,317,0.313,1012,0.207,0.272,0.249,0.336,0.281,2.9
624428,"Frazier, Adam",L,66.261162375,38.25555667548325,11.10810295902264,1.0103649738318017,0.4672290720311486,4.024217943676833,24.661543576244032,20.637325632567208,22.223759070416445,1541,Adam Frazier,- - -,32,379,1093,1208,264,186,51,3,24,137,126,80,2,208,19,7,8,12,22,10,0.242,333,323,230,26,4803,1616,3187,14,14,3,0.066,0.172,0.38,0.303,0.36,0.662,0.118,0.276,0.0103,0.26,0.376,0.365,0.08,0.07400000000000001,0.042,0.214,0.291,-22.6,121,-22.4,-10.4,37.0,-2.3,6.0,0.6,$4.8,4.4,84,0.91,-20.78,21.69,-4.29,-0.53,1.01,1.7,71,-2.29,3.19,0.489,94.0,0.18600000000000003,85.2,0.10099999999999999,89.4,0.087,80.2,0.099,86.3,0.038,86.4,,,0.002,,1.4,-15.9,-3.8,-0.8,0.5,0.1,,0.06,-1.78,-0.78,-0.19,0.11,0.07,,0.321,0.6970000000000001,0.488,0.695,0.9009999999999999,0.826,0.44299999999999995,0.597,0.085,0.4,0.354,,0.10400000000000001,0.039,0.001,0.131,0.184,0.07400000000000001,0.015,0.001,0.09699999999999999,,,,94.4,,89.7,86.6,82.6,93.3,85.1,79.6,83.0,46.9,86.2,,,-3.6,,0.4,-6.3,-6.4,-4.8,1.8,4.3,3.5,0.4,-8.0,,,9.3,,4.9,2.0,0.3,4.3,1.1,-5.4,-5.3,10.5,2.9,,,0.5,,-4.0,-3.0,0.7,-2.2,-14.3,-1.7,-0.4,0.2,2.2,,,0.03,,-0.81,-1.59,11.08,-0.35,-1.63,-0.48,-0.52,4.94,0.47,,,0.294,0.6609999999999999,0.488,0.662,0.889,0.825,0.528,18.5,-12.8,-1.8,3.1,31 - 33,-22.1,3.8,2.5,0.391,0.34299999999999997,0.266,0.156,0.618,0.22699999999999998,0.258,0.10099999999999999,0.0,0.081,0.35100000000000003,0.105,0.035,,,0.131,0.19699999999999998,,86.4,76.8,80.2,94.3,90.2,86.1,,,93.4,85.1,,-7.8,6.0,4.8,-3.4,0.8,-5.8,,,-4.6,2.1,,1.5,-9.6,-7.4,8.3,4.0,0.6,,,3.0,-0.1,,1.5,0.0,0.4,2.5,-2.6,-2.1,,,-3.4,-18.3,,0.31,-4.16,0.11,0.15,-0.52,-1.24,,,-0.55,-1.93,,0.29600000000000004,0.66,0.488,0.655,0.893,0.825,0.527,18.5,,99,80,76,96,89,73,95,1.31,90,95,61,95,99,110,99,118,71,85.3,15.0,24,0.027000000000000003,106.7,200,0.222,901,0.17300000000000001,0.258,0.248,0.342,0.29,0.8
694384,"Schanuel, Nolan",L,66.213903668,38.80993832144312,8.951491541824693,0.2496503137719206,0.464385866517106,-1.6022643508077097,28.964858732913303,30.56712308372101,23.30229817438083,1783,Nolan Schanuel,LAA,22,308,1116,1303,289,217,45,1,26,145,113,147,5,193,22,11,6,25,15,2,0.259,414,296,219,14,5038,1911,3127,17,11,2,0.113,0.14800000000000002,0.76,0.353,0.371,0.724,0.112,0.29,0.013999999999999999,0.23600000000000002,0.446,0.319,0.047,0.08800000000000001,0.040999999999999995,0.182,0.323,11.0,165,11.1,-5.5,39.6,-22.4,20.9,2.1,$17.2,3.6,107,0.52,-21.98,22.5,15.24,1.52,1.03,1.98,7,0.6,-0.09,0.506,94.1,0.17800000000000002,84.5,0.084,90.0,0.084,80.7,0.11199999999999999,86.9,0.034,86.7,0.001,80.4,0.005,,2.0,4.4,5.0,-0.2,3.7,-1.1,0.0,0.08,0.49,1.17,-0.05,0.66,-0.67,-0.47,0.262,0.654,0.43,0.764,0.9159999999999999,0.863,0.429,0.596,0.059000000000000004,-6.3,0.358,,0.087,0.035,0.001,0.147,0.175,0.069,0.018000000000000002,,0.11,,0.001,,94.4,,90.1,86.7,81.1,93.1,84.6,80.1,82.0,,86.8,,80.1,-3.0,,0.3,-6.8,-4.9,-0.1,1.1,3.9,3.1,,-8.3,,-1.2,9.3,,5.0,1.8,1.0,4.3,1.1,-5.5,-6.3,,2.9,,-5.4,0.6,,1.7,-1.7,-0.2,-1.2,4.6,1.2,-1.1,,3.7,,0.0,0.04,,0.39,-0.97,-5.33,-0.16,0.52,0.35,-1.22,,0.67,,-0.46,0.231,0.613,0.43,0.737,0.9059999999999999,0.862,0.521,18.0,-27.9,-0.6,,21 - 23,4.7,4.4,,0.402,0.361,0.237,0.13699999999999998,0.616,0.247,0.281,0.115,0.0,0.081,0.35600000000000004,0.09300000000000001,0.031,0.001,,0.145,0.177,,87.0,80.1,80.6,94.6,90.4,86.5,80.2,,93.3,84.5,,-7.8,3.5,4.4,-2.9,0.8,-6.4,-0.9,,0.1,1.1,,1.4,-9.2,-7.5,8.2,4.0,0.5,-7.5,,3.0,-0.4,,3.4,0.0,-1.7,3.2,-2.5,-2.9,0.0,,-0.3,8.2,,0.59,-0.99,-0.41,0.18,-0.54,-1.84,-0.46,,-0.05,0.92,,0.22899999999999998,0.616,0.43,0.73,0.907,0.862,0.518,18.0,,107,137,65,113,93,71,101,1.21,108,82,75,98,103,98,86,118,78,86.7,11.2,36,0.038,109.8,254,0.27,941,0.188,0.247,0.26,0.373,0.327,2.7
457759,"Turner, Justin",R,65.663079674,34.58799969426476,9.589463950420864,-0.2077481234684588,0.5225563909774436,5.67191376856703,37.60964035251976,31.937726583952724,21.658928255560078,1596,Justin Turner,- - -,39,365,1187,1356,310,211,62,0,37,159,169,127,2,242,25,17,0,29,6,3,0.261,337,403,222,37,5800,2151,3649,20,0,0,0.094,0.17800000000000002,0.52,0.341,0.407,0.748,0.146,0.295,0.0084,0.231,0.35,0.419,0.092,0.092,0.059000000000000004,0.0,0.327,14.3,176,15.8,-2.6,41.6,-28.8,20.2,2.0,$16.4,2.4,110,1.8,-22.83,24.63,14.87,1.53,0.99,1.28,47,-0.47,2.28,0.583,94.1,0.20800000000000002,84.7,0.067,89.2,0.062,80.2,0.066,85.3,0.015,87.1,0.0,72.0,0.003,,-7.3,5.8,-2.2,10.3,3.8,3.0,0.0,-0.22,0.48,-0.56,2.88,1.0,3.42,-3.89,0.294,0.665,0.455,0.7490000000000001,0.902,0.846,0.434,0.598,0.07,-9.8,0.39299999999999996,,0.07,0.013000000000000001,0.0,0.18600000000000003,0.204,0.055,0.01,,0.068,,0.0,,94.4,,89.4,87.0,83.0,93.5,84.6,79.8,81.3,,85.3,,79.5,-1.4,,0.5,-6.5,-6.3,-4.8,2.3,0.9,2.7,,3.0,,1.0,9.6,,4.7,2.0,1.3,4.9,1.3,-4.6,-5.8,,3.7,,1.9,-11.3,,-4.1,3.1,0.0,1.3,7.1,8.1,0.9,,3.9,,0.0,-0.5,,-1.0,4.18,-1.86,0.12,0.6,2.55,1.6,,1.0,,-0.74,0.252,0.632,0.455,0.696,0.897,0.845,0.535,19.3,-31.3,-2.8,-3.2,38 - 40,5.9,4.0,-0.9,0.39899999999999997,0.342,0.259,0.139,0.5670000000000001,0.294,0.299,0.07,0.0,0.055,0.38799999999999996,0.07,0.011000000000000001,0.0,,0.187,0.217,0.001,85.5,73.4,80.2,94.4,90.0,86.1,72.3,,93.7,84.7,90.9,2.6,2.0,1.4,-1.2,0.9,-5.1,-1.6,,-4.4,2.7,1.4,2.1,-8.7,-7.2,8.6,3.8,0.9,0.0,,3.7,-0.1,-0.2,5.8,-0.1,6.8,-9.7,-2.4,1.3,0.0,,-0.6,7.0,0.9,1.42,-3.99,2.12,-0.43,-0.6,2.14,-3.94,,-0.06,0.55,22.33,0.255,0.626,0.455,0.6920000000000001,0.898,0.845,0.539,19.3,,107,113,79,109,101,91,101,1.17,84,109,76,97,98,107,88,108,92,88.4,17.2,48,0.05,108.2,340,0.353,962,0.174,0.244,0.252,0.417,0.33,2.3
680757,"Kwan, Steven",L,64.010165513,35.54085163435132,3.091158388276565,-2.0668185569594835,0.3474698795180723,4.880289177041186,28.889855479988256,24.009566302947064,22.88298252364501,2075,Steven Kwan,CLE,26,436,1743,1951,481,359,81,11,30,257,154,178,4,186,11,13,6,17,54,13,0.276,618,537,388,37,7799,2880,4919,28,33,15,0.091,0.095,0.96,0.344,0.387,0.731,0.111,0.293,0.0115,0.251,0.401,0.348,0.069,0.055999999999999994,0.045,0.455,0.322,11.9,244,17.6,33.5,59.7,-20.4,101.9,10.4,$83.1,5.4,108,1.91,-32.68,34.59,23.0,2.35,1.0,2.04,3,1.21,0.71,0.55,93.5,0.168,84.2,0.078,89.3,0.073,80.2,0.09699999999999999,86.0,0.032,87.1,0.001,80.4,0.002,,9.0,2.6,1.5,5.4,4.3,-0.5,-0.5,0.21,0.2,0.25,0.94,0.57,-0.21,-6.44,0.243,0.6,0.40700000000000003,0.813,0.966,0.917,0.45799999999999996,0.6,0.034,5.0,0.391,,0.079,0.033,,0.156,0.165,0.062,0.016,0.001,0.096,0.0,0.001,,93.7,,89.3,87.0,,93.3,84.3,79.4,82.0,47.5,86.0,80.6,80.4,-2.3,,0.5,-7.0,,-0.6,0.4,2.7,3.7,7.4,-7.2,-2.6,-4.4,9.2,,4.8,2.1,,4.4,1.0,-5.2,-5.7,7.8,3.1,0.2,-3.5,0.3,,0.7,-2.4,,6.6,0.6,0.5,6.6,-0.4,5.0,-0.2,-0.5,0.01,,0.12,-0.93,,0.54,0.05,0.11,5.22,-9.37,0.67,-17.54,-6.52,0.21600000000000003,0.565,0.40700000000000003,0.777,0.961,0.9159999999999999,0.546,17.9,13.2,1.4,1.8,25 - 27,22.5,6.5,0.3,0.31,0.376,0.314,0.133,0.6609999999999999,0.207,0.20199999999999999,0.1,0.0,0.07200000000000001,0.38299999999999995,0.08199999999999999,0.027999999999999997,0.001,0.0,0.163,0.171,,85.9,75.7,80.2,93.8,89.4,86.2,80.3,80.5,93.4,84.3,,-6.9,2.5,3.5,-2.2,0.5,-6.3,-4.3,-2.3,-0.7,0.2,,1.6,-9.7,-7.3,8.2,4.0,1.2,-4.8,-1.1,3.3,-0.2,,4.1,0.0,4.0,-2.0,2.5,-1.7,-0.5,-0.2,8.8,2.0,,0.52,-3.94,0.71,-0.07,0.39,-0.79,-6.52,-17.54,0.7,0.15,,0.221,0.5579999999999999,0.40700000000000003,0.779,0.96,0.9159999999999999,0.551,17.9,,113,110,42,110,96,69,101,1.28,96,90,47,75,108,130,84,127,65,86.1,13.6,28,0.018000000000000002,105.6,320,0.203,1576,0.222,0.256,0.279,0.372,0.321,9.4
650333,"Arraez, Luis",L,63.054079042,37.967170332447154,6.704600677386461,4.682552309079342,0.4363177805800756,-1.8412320214926032,31.90672818102218,33.74796020251477,25.55574385225184,2379,Luis Arraez,- - -,27,451,1831,1964,584,460,92,10,22,220,176,93,13,84,14,11,15,48,23,9,0.319,747,533,470,21,7051,2207,4844,25,23,5,0.047,0.043,1.11,0.355,0.416,0.771,0.097,0.324,0.013999999999999999,0.26899999999999996,0.42700000000000005,0.305,0.039,0.040999999999999995,0.033,0.217,0.334,32.9,266,34.5,-24.8,60.0,-19.5,53.3,5.4,$43.0,3.9,114,0.57,-33.09,33.65,22.17,2.06,0.99,2.14,14,0.79,-0.22,0.5770000000000001,93.8,0.162,84.4,0.07400000000000001,89.6,0.079,79.9,0.085,86.3,0.024,87.1,,,0.008,,0.6,-2.5,2.4,16.4,10.4,-1.1,,0.01,-0.22,0.46,2.95,1.75,-0.64,,0.36700000000000005,0.649,0.49700000000000005,0.9209999999999999,0.9640000000000001,0.9470000000000001,0.45899999999999996,0.612,0.026000000000000002,-2.8,0.385,,0.07400000000000001,0.026000000000000002,0.001,0.188,0.159,0.068,0.015,0.001,0.083,0.0,,,94.1,,89.8,87.1,84.1,93.3,84.4,79.5,80.7,48.1,86.3,81.8,,-2.5,,0.2,-6.8,-4.0,-2.3,0.5,2.5,3.4,-2.9,-6.9,-6.6,,9.2,,4.9,2.3,3.9,4.6,1.2,-5.1,-4.9,7.8,3.2,-1.2,,12.0,,-1.4,-2.1,0.7,-14.2,0.3,13.9,2.6,-0.1,10.6,0.0,,0.44,,-0.27,-1.14,17.74,-1.07,0.03,2.9,2.43,-1.96,1.81,3.5,,0.337,0.629,0.49700000000000005,0.9079999999999999,0.9620000000000001,0.945,0.546,18.3,-44.3,-3.2,1.7,26 - 28,31.7,5.9,-4.2,0.303,0.364,0.33299999999999996,0.127,0.64,0.233,0.10099999999999999,0.085,0.0,0.079,0.384,0.084,0.024,,0.0,0.183,0.162,,86.2,66.1,80.0,94.1,90.1,87.0,,81.6,93.3,84.3,,-6.5,1.7,3.3,-2.4,0.5,-6.1,,-5.5,-2.0,0.6,,1.8,-8.2,-6.8,8.1,4.0,0.9,,-2.9,3.3,-0.3,,9.6,0.0,16.5,13.1,2.3,-0.5,,0.0,-16.2,-1.7,,1.6,4.6,2.98,0.49,0.4,-0.27,,3.5,-1.27,-0.15,,0.335,0.63,0.49700000000000005,0.907,0.9620000000000001,0.945,0.5479999999999999,18.3,,129,55,19,111,102,61,110,1.35,100,82,34,75,104,137,81,123,72,86.8,12.5,36,0.02,108.4,388,0.21899999999999997,1773,0.187,0.214,0.307,0.409,0.329,5.2
